Date,Open,High,Low,Close,Volume,Series,TOTAL_TRADES,QTY_PER_TRADE,DLV_QTY
2006-07-26,25.95,25.95,25.15,25.7,1038,EQ,,,
2006-07-27,24.55,25.65,24.5,25.35,402,EQ,,,
2006-07-28,24.55,25.5,24.55,25.35,66,EQ,,,
2006-07-31,26.0,26.0,25.65,26.0,207,EQ,,,
2006-08-01,26.35,26.5,25.7,26.5,280,EQ,,,
2006-08-02,25.85,27.35,25.85,26.85,485,EQ,,,
2006-08-03,27.2,27.2,26.35,27.1,1083,EQ,,,
2006-08-04,26.85,27.4,26.75,27.1,593,EQ,,,
2006-08-07,27.35,27.35,27.0,27.15,5617,EQ,,,
2006-08-08,27.3,27.35,27.3,27.3,28,EQ,,,
2006-08-09,26.75,27.3,26.25,26.95,1112,EQ,,,
2006-08-10,26.55,27.05,26.55,27.05,268,EQ,,,
2006-08-11,26.85,27.25,26.7,27.15,29,EQ,,,
2006-08-14,26.05,27.5,26.05,27.5,71,EQ,,,
2006-08-16,27.5,27.65,27.0,27.45,242,EQ,,,
2006-08-17,27.85,27.85,27.15,27.35,321,EQ,,,
2006-08-18,27.35,27.5,25.3,27.5,222,EQ,,,
2006-08-21,27.5,27.5,26.7,27.4,897,EQ,,,
2006-08-22,27.05,27.45,26.95,26.95,226,EQ,,,
2006-08-23,27.25,27.35,26.85,27.05,484,EQ,,,
2006-08-24,26.7,27.15,26.45,26.85,655,EQ,,,
2006-08-25,27.15,27.25,26.65,26.95,2009,EQ,,,
2006-08-28,26.7,27.35,26.35,27.1,1428,EQ,,,
2006-08-29,27.35,27.35,26.85,27.35,806,EQ,,,
2006-08-30,27.05,27.35,27.05,27.2,692,EQ,,,
2006-08-31,27.0,27.65,27.0,27.65,938,EQ,,,
2006-09-01,27.0,27.8,27.0,27.65,641,EQ,,,
2006-09-04,27.6,28.05,26.65,27.75,1464,EQ,,,
2006-09-05,27.05,28.0,27.05,27.95,1573,EQ,,,
2006-09-06,27.4,27.95,27.4,27.9,494,EQ,,,
2006-09-07,27.0,28.1,27.0,27.9,331,EQ,,,
2006-09-08,27.85,28.05,27.85,27.85,332,EQ,,,
2006-09-11,27.35,27.95,26.75,27.75,817,EQ,,,
2006-09-12,26.8,28.5,26.8,28.35,1149,EQ,,,
2006-09-13,30.0,30.0,28.65,29.1,11477,EQ,,,
2006-09-14,28.9,29.35,28.4,29.25,1125,EQ,,,
2006-09-15,28.5,29.35,28.05,29.15,1288,EQ,,,
2006-09-18,29.2,29.2,28.45,28.85,1192,EQ,,,
2006-09-19,29.35,29.35,28.65,29.0,2012,EQ,,,
2006-09-20,28.85,29.35,28.85,29.25,966,EQ,,,
2006-09-21,29.0,29.35,29.0,29.15,291,EQ,,,
2006-09-22,29.1,29.35,28.85,29.25,453,EQ,,,
2006-09-25,29.0,29.25,29.0,29.1,1048,EQ,,,
2006-09-26,29.15,29.65,28.95,29.4,1439,EQ,,,
2006-09-27,30.0,30.1,28.35,29.65,1498,EQ,,,
2006-09-28,29.15,30.15,28.75,30.05,2587,EQ,,,
2006-09-29,30.15,30.35,29.35,29.85,1051,EQ,,,
2006-10-03,29.85,30.0,29.35,29.95,1269,EQ,,,
2006-10-04,29.5,30.15,29.45,30.15,479,EQ,,,
2006-10-05,30.35,30.35,29.6,29.75,155,EQ,,,
2006-10-06,29.75,30.25,29.75,30.15,769,EQ,,,
2006-10-09,30.0,30.95,29.4,30.85,1035,EQ,,,
2006-10-10,29.85,31.1,29.85,30.85,648,EQ,,,
2006-10-11,30.2,30.45,29.65,30.35,904,EQ,,,
2006-10-12,30.35,30.95,30.35,30.75,253,EQ,,,
2006-10-13,30.35,31.85,30.2,31.7,8474,EQ,,,
2006-10-16,31.5,31.75,30.75,31.65,2043,EQ,,,
2006-10-17,31.6,31.9,30.65,31.65,2514,EQ,,,
2006-10-18,31.35,31.65,30.85,31.05,288,EQ,,,
2006-10-19,28.95,31.5,28.95,30.95,1636,EQ,,,
2006-10-20,30.85,31.3,30.8,31.05,30812,EQ,,,
2006-10-21,31.65,31.65,30.55,30.6,87,EQ,,,
2006-10-23,30.2,31.15,30.2,30.6,1036,EQ,,,
2006-10-26,29.15,30.65,29.15,30.65,1399,EQ,,,
2006-10-27,29.75,30.55,29.45,29.6,2643,EQ,,,
2006-10-30,29.75,29.75,29.35,29.65,128,EQ,,,
2006-10-31,29.35,31.15,29.35,31.0,4412,EQ,,,
2006-11-01,31.3,31.3,29.75,31.0,2618,EQ,,,
2006-11-02,30.4,30.65,29.15,30.1,1913,EQ,,,
2006-11-03,30.35,30.35,29.75,29.95,2559,EQ,,,
2006-11-06,30.45,30.45,29.0,29.35,3443,EQ,,,
2006-11-07,30.15,30.15,29.45,29.85,967,EQ,,,
2006-11-08,30.55,30.55,29.25,29.65,1219,EQ,,,
2006-11-09,29.65,29.95,29.45,29.5,208,EQ,,,
2006-11-10,29.45,29.5,28.65,29.5,5360,EQ,,,
2006-11-13,29.35,30.1,29.35,29.85,1200,EQ,,,
2006-11-14,29.85,29.85,29.05,29.25,447,EQ,,,
2006-11-15,28.65,29.35,28.5,28.85,1668,EQ,,,
2006-11-16,28.75,29.1,28.75,28.85,369,EQ,,,
2006-11-17,29.6,29.6,28.75,29.1,635,EQ,,,
2006-11-20,28.25,28.8,28.25,28.7,1594,EQ,,,
2006-11-21,28.8,28.85,28.35,28.55,1360,EQ,,,
2006-11-22,29.05,29.05,28.35,28.65,2809,EQ,,,
2006-11-23,28.65,29.0,28.35,28.75,107856,EQ,,,
2006-11-24,28.05,29.05,28.05,28.8,14416,EQ,,,
2006-11-27,27.05,29.8,27.05,29.5,19189,EQ,,,
2006-11-28,28.5,29.0,28.5,28.75,75,EQ,,,
2006-11-29,28.75,28.75,28.45,28.55,1044,EQ,,,
2006-11-30,28.35,28.65,28.2,28.5,493,EQ,,,
2006-12-01,27.55,28.45,27.55,28.05,54952,EQ,,,
2006-12-04,28.05,28.35,28.0,28.05,436,EQ,,,
2006-12-05,28.45,28.45,27.75,27.85,278,EQ,,,
2006-12-06,28.05,28.5,27.75,28.35,883,EQ,,,
2006-12-07,28.35,28.45,27.95,27.95,193,EQ,,,
2006-12-08,28.05,28.65,27.95,28.45,283,EQ,,,
2006-12-11,27.95,27.95,27.05,27.6,905,EQ,,,
2006-12-12,27.35,28.25,26.25,26.75,1290,EQ,,,
2006-12-13,26.75,27.25,26.65,26.8,432,EQ,,,
2006-12-14,27.65,27.65,27.05,27.65,117,EQ,,,
2006-12-15,27.25,27.65,26.7,27.05,820,EQ,,,
2006-12-18,27.45,27.65,26.9,26.95,594,EQ,,,
2006-12-19,26.7,27.65,26.5,26.6,575,EQ,,,
2006-12-20,26.75,27.0,26.35,26.5,802,EQ,,,
2006-12-21,26.35,27.0,26.0,26.25,56508,EQ,,,
2006-12-22,26.35,26.45,25.85,26.05,338,EQ,,,
2006-12-26,26.35,26.45,25.85,26.3,245,EQ,,,
2006-12-27,26.2,26.35,26.1,26.3,85,EQ,,,
2006-12-28,26.35,27.15,26.35,26.85,26346,EQ,,,
2006-12-29,26.7,27.45,26.7,27.15,1227,EQ,,,
2007-01-02,26.4,27.25,26.4,26.65,308,EQ,,,
2007-01-03,26.75,27.45,26.55,26.65,394,EQ,,,
2007-01-04,26.7,27.0,26.55,26.6,630,EQ,,,
2007-01-05,27.15,27.15,26.5,26.6,539,EQ,,,
2007-01-08,26.65,27.0,26.35,26.65,425,EQ,,,
2007-01-09,26.35,28.65,26.35,28.15,2606,EQ,,,
2007-01-10,27.85,27.85,26.5,26.65,3051,EQ,,,
2007-01-11,26.7,26.85,26.1,26.75,1900,EQ,,,
2007-01-12,27.15,27.15,26.7,27.05,225,EQ,,,
2007-01-15,27.15,27.5,26.9,27.05,592,EQ,,,
2007-01-16,27.35,27.65,27.2,27.4,210,EQ,,,
2007-01-17,27.75,27.75,27.15,27.25,42095,EQ,,,
2007-01-18,27.35,27.55,27.15,27.25,758,EQ,,,
2007-01-19,27.15,27.5,27.0,27.5,780,EQ,,,
2007-01-22,27.35,27.55,26.75,27.05,238,EQ,,,
2007-01-23,26.9,27.5,26.9,27.25,518,EQ,,,
2007-01-24,27.15,27.75,27.05,27.25,162,EQ,,,
2007-01-25,27.65,27.65,27.15,27.45,296,EQ,,,
2007-01-29,26.85,27.65,26.85,27.05,157,EQ,,,
2007-01-31,27.1,27.1,25.45,26.5,978,EQ,,,
2007-02-01,25.9,26.65,25.85,26.65,105586,EQ,,,
2007-02-02,26.65,26.65,26.45,26.6,296,EQ,,,
2007-02-05,25.95,26.15,25.95,26.05,1425,EQ,,,
2007-02-06,25.55,26.15,25.55,25.8,615,EQ,,,
2007-02-07,26.0,26.6,25.95,26.5,13468,EQ,,,
2007-02-08,26.0,26.5,25.85,26.05,485,EQ,,,
2007-02-09,25.85,25.95,25.15,25.45,58411,EQ,,,
2007-02-12,25.25,25.3,24.45,24.65,649,EQ,,,
2007-02-13,25.35,25.65,24.7,25.5,136,EQ,,,
2007-02-14,26.65,26.65,25.0,25.05,183,EQ,,,
2007-02-15,26.25,26.25,25.05,25.2,489,EQ,,,
2007-02-19,26.6,26.6,24.75,25.0,1428,EQ,,,
2007-02-20,24.85,25.0,24.85,25.0,626,EQ,,,
2007-02-21,24.2,25.75,24.2,24.95,421,EQ,,,
2007-02-22,26.25,26.25,24.65,25.25,1396,EQ,,,
2007-02-23,24.35,26.15,24.35,24.65,726,EQ,,,
2007-02-26,24.05,24.65,23.4,23.65,611,EQ,,,
2007-02-27,23.5,23.95,23.05,23.15,2434,EQ,,,
2007-02-28,23.0,25.65,22.85,23.45,525,EQ,,,
2007-03-01,23.25,23.5,22.05,23.0,1196,EQ,,,
2007-03-02,23.3,23.65,22.05,22.35,228,EQ,,,
2007-03-05,22.35,22.35,21.0,21.0,898,EQ,,,
2007-03-06,21.65,22.65,21.65,22.15,323,EQ,,,
2007-03-07,22.5,22.85,21.7,22.25,461,EQ,,,
2007-03-08,21.85,22.15,21.85,22.15,1010,EQ,,,
2007-03-09,22.05,22.05,22.0,22.0,500,EQ,,,
2007-03-12,23.55,23.55,21.15,21.35,1196,EQ,,,
2007-03-13,21.65,22.15,21.2,21.85,724,EQ,,,
2007-03-14,21.85,22.25,21.35,22.25,306,EQ,,,
2007-03-15,21.15,22.55,21.15,22.15,1353,EQ,,,
2007-03-16,21.85,22.45,21.5,22.4,15580,EQ,,,
2007-03-19,22.0,22.95,22.0,22.25,56,EQ,,,
2007-03-20,22.35,22.35,21.75,21.95,193,EQ,,,
2007-03-21,22.0,22.3,21.65,22.0,10937,EQ,,,
2007-03-22,22.0,22.25,21.75,22.1,129,EQ,,,
2007-03-23,21.85,22.3,21.8,21.95,251,EQ,,,
2007-03-26,22.05,23.15,21.75,22.55,975,EQ,,,
2007-03-28,22.15,22.35,21.05,21.85,1173,EQ,,,
2007-03-29,21.85,22.65,21.85,22.55,68,EQ,,,
2007-03-30,22.55,22.55,22.05,22.35,62,EQ,,,
2007-04-02,22.5,22.5,22.0,22.0,512,EQ,,,
2007-04-03,22.2,22.4,22.2,22.35,422,EQ,,,
2007-04-04,22.25,22.25,22.25,22.25,55,EQ,,,
2007-04-05,22.15,22.5,22.15,22.45,90,EQ,,,
2007-04-09,22.05,22.4,21.05,22.35,5140,EQ,,,
2007-04-10,22.05,23.0,22.05,22.7,392,EQ,,,
2007-04-11,22.9,23.15,22.85,23.15,662,EQ,,,
2007-04-12,23.0,23.0,23.0,23.0,35,EQ,,,
2007-04-13,22.0,23.0,22.0,22.95,1481,EQ,,,
2007-04-16,22.85,24.15,22.85,23.9,327,EQ,,,
2007-04-17,22.65,23.6,22.65,23.35,696,EQ,,,
2007-04-18,22.35,23.4,22.35,23.05,628,EQ,,,
2007-04-19,22.55,22.65,22.35,22.45,432,EQ,,,
2007-04-20,22.65,23.1,22.65,23.05,242,EQ,,,
2007-04-23,22.5,22.75,22.35,22.55,296,EQ,,,
2007-04-24,22.65,22.85,22.35,22.65,1331,EQ,,,
2007-04-25,22.55,23.0,22.55,22.95,205,EQ,,,
2007-04-26,22.95,24.65,22.95,24.5,2811,EQ,,,
2007-04-27,23.85,24.35,23.15,23.45,399,EQ,,,
2007-04-30,24.25,24.65,23.85,23.95,5319,EQ,,,
2007-05-03,24.35,25.0,24.1,24.6,2068,EQ,,,
2007-05-04,24.55,24.55,23.85,24.55,183,EQ,,,
2007-05-07,24.35,24.35,23.45,23.55,496,EQ,,,
2007-05-08,23.85,23.85,23.25,23.25,235,EQ,,,
2007-05-09,23.15,23.35,22.85,23.15,205,EQ,,,
2007-05-10,23.25,23.35,22.85,23.1,529,EQ,,,
2007-05-11,22.9,24.0,22.85,23.75,1951,EQ,,,
2007-05-14,23.05,23.35,23.05,23.3,93,EQ,,,
2007-05-15,23.85,23.85,22.85,23.0,202,EQ,,,
2007-05-16,23.2,24.0,23.2,23.95,552,EQ,,,
2007-05-17,23.65,23.65,23.25,23.4,1772,EQ,,,
2007-05-18,23.05,24.0,23.05,23.65,140741,EQ,,,
2007-05-21,23.75,23.75,23.15,23.2,491,EQ,,,
2007-05-22,23.2,23.6,23.15,23.4,506,EQ,,,
2007-05-23,23.35,23.5,23.05,23.05,360,EQ,,,
2007-05-24,23.45,23.5,22.75,22.85,1928,EQ,,,
2007-05-25,23.0,23.15,22.35,22.65,1442,EQ,,,
2007-05-28,23.5,23.5,22.55,22.6,709,EQ,,,
2007-05-29,22.9,23.05,22.35,22.65,1986,EQ,,,
2007-05-30,22.65,23.05,22.5,22.65,376,EQ,,,
2007-05-31,22.55,23.35,22.55,23.35,1462,EQ,,,
2007-06-01,23.0,23.05,23.0,23.0,167,EQ,,,
2007-06-04,23.0,23.25,22.65,22.75,1055,EQ,,,
2007-06-05,22.65,23.65,22.65,23.65,1623,EQ,,,
2007-06-06,23.65,23.95,23.5,23.75,1154,EQ,,,
2007-06-07,24.05,24.05,23.15,23.25,646,EQ,,,
2007-06-08,23.65,23.65,22.75,22.85,908,EQ,,,
2007-06-11,23.65,23.65,22.5,22.65,465,EQ,,,
2007-06-12,22.85,22.85,22.4,22.5,142,EQ,,,
2007-06-13,22.95,22.95,22.25,22.4,300,EQ,,,
2007-06-14,22.55,22.7,22.35,22.5,349,EQ,,,
2007-06-15,22.35,23.0,22.35,22.95,924,EQ,,,
2007-06-18,23.3,23.3,22.55,23.05,599,EQ,,,
2007-06-19,22.6,22.95,22.6,22.7,152,EQ,,,
2007-06-20,22.75,23.15,22.65,23.0,369,EQ,,,
2007-06-21,22.8,23.15,22.8,23.0,1274,EQ,,,
2007-06-22,23.0,23.05,22.95,23.0,1798,EQ,,,
2007-06-25,22.9,22.9,22.5,22.5,153,EQ,,,
2007-06-26,23.15,23.15,22.6,22.65,244,EQ,,,
2007-06-27,22.35,22.65,22.35,22.45,627,EQ,,,
2007-06-28,22.6,23.0,22.5,23.0,219,EQ,,,
2007-06-29,23.05,23.1,22.85,23.0,119,EQ,,,
2007-07-02,22.85,23.3,22.7,22.7,745,EQ,,,
2007-07-03,22.75,24.35,22.75,23.65,5553,EQ,,,
2007-07-04,23.65,24.15,23.65,23.85,8007,EQ,,,
2007-07-05,23.35,23.7,23.35,23.45,98,EQ,,,
2007-07-06,23.05,23.85,23.05,23.35,5408,EQ,,,
2007-07-09,23.35,23.65,23.35,23.4,2179,EQ,,,
2007-07-10,23.35,23.5,23.35,23.4,452,EQ,,,
2007-07-11,23.3,23.65,23.3,23.55,484,EQ,,,
2007-07-12,23.65,23.95,23.15,23.85,119000,EQ,,,
2007-07-13,24.85,24.85,23.85,24.0,349,EQ,,,
2007-07-16,23.65,24.15,23.4,23.85,76175,EQ,,,
2007-07-17,23.7,23.85,23.65,23.7,224,EQ,,,
2007-07-18,23.85,24.0,23.85,23.85,47,EQ,,,
2007-07-19,23.7,23.85,23.35,23.65,757,EQ,,,
2007-07-20,23.35,23.85,23.35,23.45,705,EQ,,,
2007-07-23,23.65,23.85,23.4,23.6,2806,EQ,,,
2007-07-24,23.35,23.7,23.15,23.15,371,EQ,,,
2007-07-25,23.35,23.35,23.0,23.0,804,EQ,,,
2007-07-26,23.65,23.65,23.0,23.1,128,EQ,,,
2007-07-27,23.35,23.5,23.35,23.45,6406,EQ,,,
2007-07-30,23.2,23.65,23.2,23.35,737,EQ,,,
2007-07-31,23.35,23.5,23.35,23.35,509,EQ,,,
2007-08-01,23.35,24.05,23.35,24.0,1714,EQ,,,
2007-08-02,23.55,24.15,23.55,24.0,718,EQ,,,
2007-08-03,23.45,23.85,23.45,23.55,412,EQ,,,
2007-08-06,23.65,24.6,23.65,24.25,1698,EQ,,,
2007-08-07,23.8,24.55,23.8,24.5,1630,EQ,,,
2007-08-08,23.95,24.85,23.95,24.65,1278,EQ,,,
2007-08-09,24.65,24.9,23.9,24.0,2200,EQ,,,
2007-08-10,23.65,24.25,23.65,24.15,478,EQ,,,
2007-08-13,24.25,24.65,24.15,24.2,50072,EQ,,,
2007-08-14,23.85,24.25,23.85,24.25,1021,EQ,,,
2007-08-16,23.45,24.05,23.45,24.0,94,EQ,,,
2007-08-17,23.35,24.0,23.3,23.85,2230,EQ,,,
2007-08-20,23.85,23.85,23.05,23.6,7332,EQ,,,
2007-08-21,23.7,23.85,23.7,23.85,3881,EQ,,,
2007-08-22,24.25,25.0,23.1,23.9,744,EQ,,,
2007-08-23,23.85,23.85,23.85,23.85,287,EQ,,,
2007-08-24,22.9,24.35,22.9,23.35,70,EQ,,,
2007-08-27,23.25,23.85,23.15,23.65,6446,EQ,,,
2007-08-28,23.5,23.65,23.5,23.55,100135,EQ,,,
2007-08-29,23.35,23.5,23.35,23.35,962,EQ,,,
2007-08-30,23.15,23.65,23.15,23.35,90,EQ,,,
2007-08-31,23.65,23.65,23.35,23.35,383,EQ,,,
2007-09-03,23.35,23.85,23.35,23.55,145,EQ,,,
2007-09-04,23.35,23.65,23.35,23.5,360,EQ,,,
2007-09-05,23.0,23.9,22.1,23.5,32319,EQ,,,
2007-09-06,23.5,24.35,23.35,24.35,105668,EQ,,,
2007-09-07,24.35,24.35,23.4,23.5,568,EQ,,,
2007-09-10,23.45,23.65,23.35,23.55,5663,EQ,,,
2007-09-11,23.65,23.65,23.5,23.5,6330,EQ,,,
2007-09-12,23.55,23.7,23.45,23.65,6376,EQ,,,
2007-09-13,23.4,23.8,23.35,23.7,25722,EQ,,,
2007-09-14,23.95,24.0,23.7,23.75,1540,EQ,,,
2007-09-17,24.8,24.8,23.75,24.0,616,EQ,,,
2007-09-18,23.8,24.3,23.65,23.8,403,EQ,,,
2007-09-19,24.05,24.35,23.95,24.0,1194,EQ,,,
2007-09-20,24.95,24.95,23.95,23.95,1054,EQ,,,
2007-09-21,24.3,24.3,23.45,23.95,1007,EQ,,,
2007-09-24,24.0,24.35,24.0,24.0,539,EQ,,,
2007-09-25,24.0,24.25,23.35,23.95,1749,EQ,,,
2007-09-26,24.35,24.35,24.0,24.35,1522,EQ,,,
2007-09-27,24.35,24.35,23.5,24.05,875,EQ,,,
2007-09-28,24.2,26.65,24.05,24.9,31545,EQ,,,
2007-10-01,25.15,25.15,24.85,25.0,1639,EQ,,,
2007-10-03,25.65,26.0,25.35,25.9,5072,EQ,,,
2007-10-04,25.35,26.65,24.35,25.35,4522,EQ,,,
2007-10-05,26.8,30.0,25.85,26.1,1879,EQ,,,
2007-10-08,30.0,30.0,26.15,26.35,7183,EQ,,,
2007-10-09,27.1,27.1,26.55,26.6,3721,EQ,,,
2007-10-10,26.65,27.0,26.35,26.65,2044,EQ,,,
2007-10-11,26.8,27.35,26.4,26.55,13829,EQ,,,
2007-10-12,26.65,26.9,26.3,26.4,945,EQ,,,
2007-10-15,26.5,26.65,26.15,26.45,11841,EQ,,,
2007-10-16,24.65,26.65,24.65,26.55,61656,EQ,,,
2007-10-17,25.85,26.65,25.35,26.45,1047,EQ,,,
2007-10-18,26.35,26.65,25.75,25.85,1019,EQ,,,
2007-10-19,26.65,26.65,25.35,25.55,792,EQ,,,
2007-10-22,26.05,26.3,24.95,25.85,650,EQ,,,
2007-10-23,24.35,26.5,24.35,25.85,565,EQ,,,
2007-10-24,25.95,26.5,25.95,26.15,432,EQ,,,
2007-10-25,26.65,26.8,25.5,25.75,698,EQ,,,
2007-10-26,26.65,26.65,26.0,26.15,4381,EQ,,,
2007-10-29,27.35,27.35,26.0,26.4,2679,EQ,,,
2007-10-30,26.65,26.8,25.5,25.65,1764,EQ,,,
2007-10-31,26.0,26.15,25.55,25.75,443,EQ,,,
2007-11-01,25.35,26.15,24.35,24.75,5103,EQ,,,
2007-11-02,25.3,25.3,24.15,24.75,1107,EQ,,,
2007-11-05,24.7,25.95,24.0,25.15,126507,EQ,,,
2007-11-06,25.65,26.15,25.2,25.65,491,EQ,,,
2007-11-07,26.0,26.15,24.9,25.85,1276,EQ,,,
2007-11-08,26.0,26.0,25.05,25.65,1104,EQ,,,
2007-11-09,25.0,25.95,24.65,25.35,257,EQ,,,
2007-11-12,25.5,25.5,24.85,25.35,688,EQ,,,
2007-11-13,25.65,25.65,25.0,25.2,723,EQ,,,
2007-11-14,25.35,25.95,25.2,25.65,4136,EQ,,,
2007-11-15,25.35,25.9,25.15,25.65,1637,EQ,,,
2007-11-16,25.5,25.8,25.0,25.65,802,EQ,,,
2007-11-19,25.2,25.8,25.2,25.7,431,EQ,,,
2007-11-20,25.5,25.8,24.35,25.55,1395,EQ,,,
2007-11-21,25.35,25.65,25.0,25.05,345,EQ,,,
2007-11-22,25.0,25.0,24.0,24.25,958,EQ,,,
2007-11-23,26.3,26.3,23.45,24.7,415,EQ,,,
2007-11-26,25.9,25.9,25.15,25.35,2586,EQ,,,
2007-11-27,25.5,25.85,24.65,24.75,1387,EQ,,,
2007-11-28,25.0,28.15,25.0,27.95,21776,EQ,,,
2007-11-29,26.05,29.95,25.85,28.0,26452,EQ,,,
2007-11-30,26.85,30.7,26.85,29.4,41821,EQ,,,
2007-12-03,29.05,29.65,27.35,27.95,1843,EQ,,,
2007-12-04,28.65,28.7,27.6,27.8,373,EQ,,,
2007-12-05,26.8,28.35,25.85,27.1,2044,EQ,,,
2007-12-06,27.4,27.4,25.85,26.95,1310,EQ,,,
2007-12-07,28.35,28.35,26.05,27.05,862,EQ,,,
2007-12-10,26.25,26.85,25.85,26.45,539,EQ,,,
2007-12-11,26.05,26.6,26.05,26.2,101600,EQ,,,
2007-12-12,26.25,26.5,26.05,26.5,101084,EQ,,,
2007-12-13,28.35,28.35,26.6,26.65,1892,EQ,,,
2007-12-14,26.65,26.65,26.55,26.65,861,EQ,,,
2007-12-17,26.4,27.0,25.65,26.65,621,EQ,,,
2007-12-18,25.85,28.35,25.85,26.85,253,EQ,,,
2007-12-19,28.05,28.05,26.15,27.3,647,EQ,,,
2007-12-20,27.85,27.85,26.15,26.35,2243,EQ,,,
2007-12-24,24.35,27.75,24.35,26.75,842,EQ,,,
2007-12-26,27.0,27.25,26.5,26.95,563,EQ,,,
2007-12-27,27.05,27.15,26.35,26.95,1083,EQ,,,
2007-12-28,26.2,27.35,26.2,27.0,1691,EQ,,,
2007-12-31,27.15,29.75,26.85,29.35,23150,EQ,,,
2008-01-01,28.0,29.0,27.5,28.35,857,EQ,,,
2008-01-02,27.85,28.3,27.2,28.3,1753,EQ,,,
2008-01-03,28.3,28.65,27.5,28.1,1421,EQ,,,
2008-01-04,27.35,29.85,25.85,27.9,512,EQ,,,
2008-01-07,28.35,28.85,27.05,27.45,1480,EQ,,,
2008-01-08,27.55,27.55,27.0,27.05,813,EQ,,,
2008-01-09,26.85,27.5,26.65,26.65,100440,EQ,,,
2008-01-10,27.35,27.65,26.35,26.75,72613,EQ,,,
2008-01-11,27.65,32.0,27.25,27.75,19594,EQ,,,
2008-01-14,28.9,28.9,27.7,28.2,7421,EQ,,,
2008-01-15,28.35,28.75,27.75,27.95,6015,EQ,,,
2008-01-16,27.35,28.45,27.15,27.75,1838,EQ,,,
2008-01-17,27.95,28.45,27.95,28.15,2734,EQ,,,
2008-01-18,28.35,28.45,27.65,27.75,2504,EQ,,,
2008-01-21,27.7,27.85,24.35,24.65,1990,EQ,,,
2008-01-22,24.85,26.35,21.05,24.0,940,EQ,,,
2008-01-23,24.95,25.65,24.15,25.35,270491,EQ,,,
2008-01-24,28.35,28.35,24.85,25.4,775,EQ,,,
2008-01-25,27.05,27.65,25.35,26.15,533,EQ,,,
2008-01-28,26.2,27.0,24.4,24.95,798,EQ,,,
2008-01-29,25.15,26.35,25.0,25.55,289,EQ,,,
2008-01-30,25.85,25.95,25.35,25.65,326,EQ,,,
2008-01-31,25.8,27.35,25.0,26.65,50515,EQ,,,
2008-02-01,25.55,25.6,25.2,25.45,506,EQ,,,
2008-02-04,26.65,26.65,23.55,24.9,929,EQ,,,
2008-02-05,25.0,25.35,24.5,24.75,376,EQ,,,
2008-02-06,24.15,25.35,23.65,24.8,457,EQ,,,
2008-02-07,24.35,25.35,24.0,24.5,421,EQ,,,
2008-02-08,24.4,24.7,21.65,23.8,967,EQ,,,
2008-02-11,24.0,24.05,23.15,23.65,2477,EQ,,,
2008-02-12,24.0,24.75,21.9,22.55,930,EQ,,,
2008-02-13,23.95,23.95,23.35,23.35,1676,EQ,,,
2008-02-14,23.35,24.25,23.35,23.95,103,EQ,,,
2008-02-15,24.15,24.15,22.85,23.35,949,EQ,,,
2008-02-18,23.55,23.65,22.45,23.15,1120,EQ,,,
2008-02-19,23.45,24.0,22.7,23.1,25453,EQ,,,
2008-02-20,23.15,23.2,22.5,22.75,1187,EQ,,,
2008-02-21,23.1,23.35,22.75,22.75,257,EQ,,,
2008-02-22,23.45,23.85,22.35,23.05,677,EQ,,,
2008-02-25,23.05,23.05,22.05,22.2,1357,EQ,,,
2008-02-26,23.3,23.3,22.35,22.95,52213,EQ,,,
2008-02-27,23.35,23.8,22.35,22.85,845,EQ,,,
2008-02-28,22.7,23.35,21.8,23.0,341,EQ,,,
2008-02-29,22.65,24.85,22.65,23.35,35459,EQ,,,
2008-03-03,22.85,22.85,21.75,22.1,858,EQ,,,
2008-03-04,22.6,22.6,22.0,22.45,290,EQ,,,
2008-03-05,23.15,23.15,21.75,21.85,2508,EQ,,,
2008-03-07,19.15,22.15,19.15,21.65,7430,EQ,,,
2008-03-10,24.65,24.65,20.7,21.35,8309,EQ,,,
2008-03-11,21.65,21.65,21.15,21.65,13287,EQ,,,
2008-03-12,22.5,22.5,21.65,22.15,66,EQ,,,
2008-03-13,21.5,22.35,20.85,21.5,201820,EQ,,,
2008-03-14,20.85,21.6,19.8,20.65,359,EQ,,,
2008-03-17,20.0,21.35,16.7,17.1,3243,EQ,,,
2008-03-18,19.95,20.55,16.95,20.55,27155,EQ,,,
2008-03-19,20.35,22.25,19.55,20.4,22716,EQ,,,
2008-03-24,20.0,21.0,19.6,20.0,9835,EQ,,,
2008-03-25,20.15,22.4,20.15,22.35,15513,EQ,,,
2008-03-26,21.65,23.35,21.05,23.1,2924,EQ,,,
2008-03-27,22.15,24.0,21.25,24.0,4902,EQ,,,
2008-03-28,22.3,24.45,22.3,24.35,1694,EQ,,,
2008-03-31,22.45,25.85,22.45,25.05,51360,EQ,,,
2008-04-01,25.0,25.0,23.55,23.6,38,EQ,,,
2008-04-02,21.75,24.9,21.75,22.7,229,EQ,,,
2008-04-03,22.7,23.35,22.7,22.9,153,EQ,,,
2008-04-04,23.35,23.35,22.15,23.25,144,EQ,,,
2008-04-07,21.85,23.35,21.85,23.25,244,EQ,,,
2008-04-08,22.55,23.25,22.15,22.45,372,EQ,,,
2008-04-09,22.35,23.25,22.0,22.2,389,EQ,,,
2008-04-10,23.15,23.15,22.0,22.15,212,EQ,,,
2008-04-11,22.25,22.35,22.0,22.0,262,EQ,,,
2008-04-15,22.85,25.35,22.35,23.25,1536,EQ,,,
2008-04-16,22.8,23.25,21.75,22.55,475,EQ,,,
2008-04-17,23.3,23.3,21.85,22.25,619,EQ,,,
2008-04-21,22.4,23.05,22.4,22.75,165,EQ,,,
2008-04-22,22.35,23.0,22.15,22.95,1639,EQ,,,
2008-04-23,23.0,23.05,22.85,22.85,372,EQ,,,
2008-04-24,23.0,23.0,22.85,22.85,30,EQ,,,
2008-04-25,22.85,22.85,22.4,22.45,115,EQ,,,
2008-04-28,22.4,23.25,22.4,23.15,550,EQ,,,
2008-04-29,22.75,23.35,22.75,22.85,84,EQ,,,
2008-04-30,22.75,23.25,22.75,23.05,394,EQ,,,
2008-05-02,25.35,25.35,23.0,23.25,450,EQ,,,
2008-05-05,23.3,23.65,23.05,23.15,490,EQ,,,
2008-05-06,23.35,23.35,22.35,22.95,88,EQ,,,
2008-05-07,22.7,23.25,22.7,22.8,81,EQ,,,
2008-05-08,21.25,23.25,21.25,22.45,323,EQ,,,
2008-05-09,22.4,22.85,22.35,22.5,365,EQ,,,
2008-05-12,21.75,22.4,21.65,22.25,103,EQ,,,
2008-05-13,22.75,22.95,22.05,22.15,261,EQ,,,
2008-05-14,21.4,22.65,21.1,22.35,246,EQ,,,
2008-05-15,21.75,22.2,21.75,21.9,733,EQ,,,
2008-05-16,22.55,22.55,21.8,22.25,39,EQ,,,
2008-05-20,22.3,23.2,22.0,22.95,1141,EQ,,,
2008-05-21,23.15,23.35,22.8,23.25,466,EQ,,,
2008-05-22,21.4,27.85,21.4,23.45,821,EQ,,,
2008-05-23,23.65,23.65,22.85,22.9,585,EQ,,,
2008-05-26,23.0,23.05,22.5,22.75,317,EQ,,,
2008-05-27,22.0,23.25,22.0,22.55,429,EQ,,,
2008-05-28,22.05,24.0,21.15,23.3,1576,EQ,,,
2008-05-29,23.35,23.35,22.75,22.75,24,EQ,,,
2008-05-30,22.65,23.35,22.65,22.95,406,EQ,,,
2008-06-02,22.65,23.0,22.15,22.15,201,EQ,,,
2008-06-03,21.45,22.4,21.45,22.3,83,EQ,,,
2008-06-04,21.75,22.15,21.5,22.15,51,EQ,,,
2008-06-05,21.65,21.65,21.35,21.6,107,EQ,,,
2008-06-06,22.0,22.0,21.5,21.5,49,EQ,,,
2008-06-09,21.0,21.65,21.0,21.05,155,EQ,,,
2008-06-10,21.05,21.85,21.05,21.8,184,EQ,,,
2008-06-11,21.1,24.0,21.1,23.05,792,EQ,,,
2008-06-12,22.0,22.15,21.75,21.95,218,EQ,,,
2008-06-13,21.65,21.65,21.15,21.25,541,EQ,,,
2008-06-16,21.65,21.75,21.4,21.75,90,EQ,,,
2008-06-17,21.65,21.95,21.55,21.6,773,EQ,,,
2008-06-18,21.8,21.95,21.25,21.95,485,EQ,,,
2008-06-19,21.55,21.55,21.5,21.55,160,EQ,,,
2008-06-20,21.35,21.45,20.75,20.75,127,EQ,,,
2008-06-23,20.6,21.3,20.6,20.65,2289,EQ,,,
2008-06-24,20.75,21.95,20.6,20.65,1522,EQ,,,
2008-06-25,20.6,21.45,20.6,21.35,2510,EQ,,,
2008-06-26,22.5,22.5,20.6,20.65,358,EQ,,,
2008-06-27,18.0,21.35,18.0,20.4,2217,EQ,,,
2008-06-30,20.15,20.85,20.15,20.65,1430,EQ,,,
2008-07-01,20.35,20.65,20.35,20.35,1546,EQ,,,
2008-07-02,20.35,20.65,20.2,20.45,2780,EQ,,,
2008-07-03,20.05,20.5,20.05,20.5,1507,EQ,,,
2008-07-04,20.0,20.5,20.0,20.05,219,EQ,,,
2008-07-07,20.1,20.65,20.1,20.3,758,EQ,,,
2008-07-08,20.45,20.6,20.2,20.6,867,EQ,,,
2008-07-09,20.6,21.0,20.5,20.6,813,EQ,,,
2008-07-10,21.55,21.55,20.65,21.0,2023,EQ,,,
2008-07-11,20.35,20.95,20.35,20.6,334,EQ,,,
2008-07-14,20.45,20.45,20.45,20.45,70,EQ,,,
2008-07-15,20.0,20.6,20.0,20.55,1878,EQ,,,
2008-07-16,20.65,20.65,20.4,20.5,2395,EQ,,,
2008-07-17,21.65,21.65,20.5,20.5,195,EQ,,,
2008-07-18,20.6,20.65,20.5,20.5,87,EQ,,,
2008-07-21,20.25,21.25,20.25,20.6,450,EQ,,,
2008-07-22,20.35,20.45,20.35,20.35,34,EQ,,,
2008-07-23,20.6,20.6,20.45,20.5,1506,EQ,,,
2008-07-24,20.15,20.5,20.15,20.15,100103,EQ,,,
2008-07-25,20.5,21.0,20.45,20.55,121,EQ,,,
2008-07-28,20.55,21.45,20.4,20.65,1767,EQ,,,
2008-07-29,20.65,20.65,20.35,20.35,45,EQ,,,
2008-07-30,20.3,20.45,20.3,20.45,40,EQ,,,
2008-07-31,20.65,21.2,20.4,21.05,470,EQ,,,
2008-08-01,20.35,21.1,20.35,20.4,661,EQ,,,
2008-08-04,20.2,20.65,20.2,20.45,796,EQ,,,
2008-08-05,20.45,20.45,20.35,20.35,184,EQ,,,
2008-08-06,20.4,22.6,20.35,20.45,126,EQ,,,
2008-08-07,20.35,20.5,20.3,20.45,431,EQ,,,
2008-08-08,20.5,22.65,20.5,21.35,1507,EQ,,,
2008-08-11,20.7,21.0,20.55,20.6,566,EQ,,,
2008-08-12,20.75,20.75,20.6,20.6,309,EQ,,,
2008-08-13,20.75,20.75,20.65,20.7,152,EQ,,,
2008-08-14,20.6,20.9,20.6,20.6,629,EQ,,,
2008-08-18,20.6,20.65,20.6,20.65,52,EQ,,,
2008-08-19,20.65,20.75,20.6,20.75,11,EQ,,,
2008-08-20,22.95,22.95,20.65,20.95,116,EQ,,,
2008-08-21,20.35,20.95,20.25,20.65,167,EQ,,,
2008-08-22,20.2,20.75,20.2,20.25,56,EQ,,,
2008-08-25,20.5,20.65,20.35,20.35,246,EQ,,,
2008-08-26,20.35,20.85,20.35,20.45,188,EQ,,,
2008-08-27,20.8,20.8,20.4,20.4,241,EQ,,,
2008-08-28,20.3,20.65,20.3,20.55,289,EQ,,,
2008-08-29,20.95,21.25,20.35,21.0,1082,EQ,,,
2008-09-01,20.6,20.6,20.6,20.6,204,EQ,,,
2008-09-02,20.2,21.1,20.2,20.65,98,EQ,,,
2008-09-04,20.35,20.65,20.35,20.65,663,EQ,,,
2008-09-05,20.35,20.6,20.35,20.6,17,EQ,,,
2008-09-08,20.65,20.8,20.55,20.55,227,EQ,,,
2008-09-09,20.55,20.65,20.55,20.65,10,EQ,,,
2008-09-10,20.0,20.95,20.0,20.4,100289,EQ,,,
2008-09-11,20.4,21.0,20.2,20.6,100113,EQ,,,
2008-09-12,20.65,20.85,20.35,20.7,418,EQ,,,
2008-09-15,20.35,20.35,19.0,19.3,1234,EQ,,,
2008-09-16,18.65,19.35,18.5,19.1,171,EQ,,,
2008-09-17,20.35,20.35,19.15,20.0,155,EQ,,,
2008-09-18,19.45,19.6,19.35,19.6,53,EQ,,,
2008-09-19,19.4,19.85,19.4,19.45,30,EQ,,,
2008-09-22,19.85,19.85,19.4,19.45,62,EQ,,,
2008-09-23,19.65,19.65,19.65,19.65,24,EQ,,,
2008-09-24,19.65,20.35,19.35,19.85,3123,EQ,,,
2008-09-25,20.0,20.0,18.65,19.25,118,EQ,,,
2008-09-26,19.35,19.35,18.8,18.8,82,EQ,,,
2008-09-29,18.35,20.35,17.75,19.95,4727,EQ,,,
2008-09-30,18.0,19.7,18.0,19.65,437,EQ,,,
2008-10-01,20.0,20.45,19.0,19.25,91,EQ,,,
2008-10-03,19.05,19.75,18.65,18.65,119,EQ,,,
2008-10-06,17.65,19.15,17.0,17.25,663,EQ,,,
2008-10-07,16.7,16.95,15.7,16.75,96,EQ,,,
2008-10-08,16.65,16.65,14.85,15.05,798,EQ,,,
2008-10-10,13.4,16.65,13.4,14.45,501,EQ,,,
2008-10-13,17.0,17.0,14.5,15.25,622,EQ,,,
2008-10-14,16.35,16.35,16.05,16.1,44,EQ,,,
2008-10-15,16.0,16.35,16.0,16.35,58,EQ,,,
2008-10-16,16.65,17.0,13.95,15.3,462,EQ,,,
2008-10-17,16.55,16.55,14.0,14.3,31111,EQ,,,
2008-10-20,15.9,15.9,14.65,14.95,14,EQ,,,
2008-10-21,15.8,16.45,14.65,15.95,203,EQ,,,
2008-10-22,16.45,16.45,15.0,15.0,46,EQ,,,
2008-10-23,13.85,15.85,13.85,14.45,45,EQ,,,
2008-10-24,14.35,14.35,13.5,13.8,262,EQ,,,
2008-10-27,13.5,13.5,11.45,12.65,550,EQ,,,
2008-10-28,12.0,13.0,12.0,12.65,327,EQ,,,
2008-10-29,12.0,13.05,11.7,13.05,53,EQ,,,
2008-10-31,12.6,13.95,12.6,13.85,921,EQ,,,
2008-11-03,13.85,14.15,13.35,13.35,457,EQ,,,
2008-11-04,13.65,14.0,13.4,13.45,217,EQ,,,
2008-11-05,13.55,13.65,13.45,13.55,180,EQ,,,
2008-11-06,12.95,13.35,12.35,13.35,126,EQ,,,
2008-11-07,12.5,13.35,12.5,13.3,128,EQ,,,
2008-11-10,13.05,13.6,13.05,13.45,662,EQ,,,
2008-11-11,13.65,13.7,13.65,13.65,557,EQ,,,
2008-11-12,13.4,13.4,13.35,13.35,15535,EQ,,,
2008-11-14,13.35,13.85,13.15,13.35,300,EQ,,,
2008-11-17,13.15,13.2,12.7,12.85,299,EQ,,,
2008-11-19,12.35,13.2,12.35,13.15,1116,EQ,,,
2008-11-20,11.55,12.65,11.55,12.05,180,EQ,,,
2008-11-21,10.75,12.65,10.75,12.65,112,EQ,,,
2008-11-24,13.35,13.35,13.0,13.0,61,EQ,,,
2008-11-25,13.0,13.0,12.05,12.1,592,EQ,,,
2008-11-26,12.0,14.3,11.65,12.0,120,EQ,,,
2008-11-28,13.0,13.0,12.95,12.95,2,EQ,,,
2008-12-01,11.7,13.15,11.7,12.5,245,EQ,,,
2008-12-02,12.65,12.65,12.5,12.5,8,EQ,,,
2008-12-03,11.9,13.0,11.9,12.15,216,EQ,,,
2008-12-04,12.15,14.6,12.15,14.1,33764,EQ,,,
2008-12-05,13.5,13.5,12.6,12.75,2536,EQ,,,
2008-12-08,12.65,12.65,12.25,12.55,676,EQ,,,
2008-12-10,12.65,13.25,12.65,13.25,31,EQ,,,
2008-12-11,12.65,13.0,12.55,12.7,3401,EQ,,,
2008-12-12,12.65,13.0,12.35,12.95,176,EQ,,,
2008-12-15,12.65,12.7,12.55,12.65,2259,EQ,,,
2008-12-16,12.65,14.95,12.35,14.0,56108,EQ,,,
2008-12-17,14.0,14.0,13.1,13.4,437,EQ,,,
2008-12-18,13.35,13.6,12.7,13.0,250,EQ,,,
2008-12-19,13.35,14.05,13.0,13.35,3254,EQ,,,
2008-12-22,13.35,13.35,13.35,13.35,500,EQ,,,
2008-12-23,13.35,13.5,13.0,13.4,38,EQ,,,
2008-12-24,13.0,13.8,13.0,13.0,44,EQ,,,
2008-12-26,13.15,14.0,12.85,13.45,144,EQ,,,
2008-12-29,13.65,13.65,12.85,13.6,61,EQ,,,
2008-12-30,13.35,13.65,13.35,13.35,34,EQ,,,
2008-12-31,13.5,13.5,13.35,13.35,59,EQ,,,
2009-01-01,13.25,13.25,12.85,12.85,400,EQ,,,
2009-01-02,12.9,13.35,12.85,13.35,148,EQ,,,
2009-01-05,13.65,13.65,13.35,13.5,65,EQ,,,
2009-01-06,13.5,14.0,13.35,13.45,166,EQ,,,
2009-01-07,13.05,16.05,11.75,12.85,1756,EQ,,,
2009-01-09,12.8,13.65,11.75,12.45,3877,EQ,,,
2009-01-12,13.65,13.65,12.55,12.8,63,EQ,,,
2009-01-13,14.0,14.0,12.5,12.65,69,EQ,,,
2009-01-14,13.65,13.65,12.45,12.65,263,EQ,,,
2009-01-15,12.35,12.6,12.35,12.5,27,EQ,,,
2009-01-16,12.55,13.0,12.35,12.95,80,EQ,,,
2009-01-19,12.6,13.15,12.35,12.55,640,EQ,,,
2009-01-20,12.85,12.85,12.35,12.45,33,EQ,,,
2009-01-21,12.85,13.5,12.45,13.35,1540,EQ,,,
2009-01-22,13.0,13.25,12.65,12.7,46,EQ,,,
2009-01-23,13.15,13.15,12.55,12.55,225,EQ,,,
2009-01-27,13.15,13.15,12.15,12.65,279,EQ,,,
2009-01-28,12.45,12.45,12.15,12.25,203,EQ,,,
2009-01-29,12.0,12.4,11.8,12.05,471,EQ,,,
2009-01-30,12.0,12.35,12.0,12.25,481,EQ,,,
2009-02-02,11.9,12.5,11.9,12.5,33,EQ,,,
2009-02-03,12.0,12.35,10.85,11.85,541,EQ,,,
2009-02-04,12.25,12.25,12.25,12.25,2,EQ,,,
2009-02-05,12.0,12.35,12.0,12.25,203,EQ,,,
2009-02-06,12.35,13.35,11.35,13.25,1171,EQ,,,
2009-02-09,12.5,12.95,12.45,12.8,35,EQ,,,
2009-02-10,12.25,13.65,12.25,13.25,1460,EQ,,,
2009-02-11,12.35,13.25,12.35,13.1,79,EQ,,,
2009-02-12,13.0,13.25,12.65,13.0,120,EQ,,,
2009-02-13,13.3,13.95,12.85,13.55,2100,EQ,,,
2009-02-16,13.4,13.4,13.15,13.25,86,EQ,,,
2009-02-17,12.95,13.0,12.8,12.85,130,EQ,,,
2009-02-18,13.15,13.15,13.0,13.05,45,EQ,,,
2009-02-19,12.65,12.75,12.65,12.7,47,EQ,,,
2009-02-25,12.75,12.75,12.75,12.75,25,EQ,,,
2009-02-26,12.95,13.35,12.15,12.75,4196,EQ,,,
2009-02-27,12.5,12.75,12.5,12.55,169,EQ,,,
2009-03-02,12.55,12.95,12.55,12.55,184,EQ,,,
2009-03-03,11.95,12.35,11.95,12.15,290,EQ,,,
2009-03-04,12.3,12.85,12.3,12.35,185,EQ,,,
2009-03-05,12.0,12.35,11.85,12.1,406,EQ,,,
2009-03-06,11.85,12.35,11.85,12.2,97,EQ,,,
2009-03-09,12.5,12.5,12.25,12.25,495,EQ,,,
2009-03-12,12.05,12.65,12.0,12.4,334,EQ,,,
2009-03-13,12.15,13.25,12.15,13.0,127059,EQ,,,
2009-03-16,12.9,13.35,12.85,13.15,100059,EQ,,,
2009-03-17,12.55,13.15,12.55,13.1,45569,EQ,,,
2009-03-18,13.0,14.6,12.85,13.95,100758,EQ,,,
2009-03-19,13.35,14.5,13.35,13.55,250,EQ,,,
2009-03-20,13.35,13.45,13.15,13.2,196,EQ,,,
2009-03-23,13.45,13.65,13.35,13.45,80,EQ,,,
2009-03-24,13.55,13.55,13.35,13.35,110,EQ,,,
2009-03-25,12.95,13.3,12.65,12.75,535,EQ,,,
2009-03-26,12.2,13.0,12.2,12.65,60,EQ,,,
2009-03-27,13.0,13.2,12.85,12.85,60,EQ,,,
2009-03-30,13.15,14.5,13.15,13.95,1442,EQ,,,
2009-03-31,13.85,16.05,13.25,15.35,3897,EQ,,,
2009-04-01,16.0,16.0,14.85,15.05,649,EQ,,,
2009-04-02,14.75,16.0,14.75,15.95,1845,EQ,,,
2009-04-06,15.15,15.75,14.8,14.95,595,EQ,,,
2009-04-08,15.0,16.65,15.0,16.5,1254,EQ,,,
2009-04-09,15.95,15.95,15.6,15.7,286,EQ,,,
2009-04-13,15.35,16.35,14.5,15.5,4234,EQ,,,
2009-04-15,16.3,16.35,16.15,16.35,360,EQ,,,
2009-04-16,15.45,16.45,15.45,16.15,851,EQ,,,
2009-04-17,15.55,15.85,15.55,15.7,40,EQ,,,
2009-04-20,15.7,16.6,15.7,16.45,1520,EQ,,,
2009-04-21,15.75,16.6,15.75,16.5,51,EQ,,,
2009-04-22,16.5,16.5,15.85,15.85,175,EQ,,,
2009-04-23,15.65,15.85,15.0,15.1,545,EQ,,,
2009-04-24,15.65,15.65,15.4,15.55,122,EQ,,,
2009-04-27,15.5,15.65,15.0,15.25,343,EQ,,,
2009-04-28,15.35,15.35,15.0,15.1,375,EQ,,,
2009-04-29,15.5,15.55,14.85,14.85,36,EQ,,,
2009-05-04,14.85,15.65,14.85,15.65,1602,EQ,,,
2009-05-05,15.35,15.35,15.15,15.15,845,EQ,,,
2009-05-06,15.6,16.0,15.25,15.25,203,EQ,,,
2009-05-07,15.35,15.35,14.85,15.35,553,EQ,,,
2009-05-08,15.65,15.65,14.85,15.05,163,EQ,,,
2009-05-11,15.0,15.5,15.0,15.05,255,EQ,,,
2009-05-12,14.75,15.25,14.75,15.25,143,EQ,,,
2009-05-13,15.05,15.3,15.05,15.3,30,EQ,,,
2009-05-14,15.05,15.65,14.75,15.05,752,EQ,,,
2009-05-15,16.25,16.25,15.0,15.55,1831,EQ,,,
2009-05-19,14.95,16.85,14.95,16.5,1613,EQ,,,
2009-05-20,16.65,17.25,16.65,16.95,1253,EQ,,,
2009-05-21,17.05,19.0,17.05,18.55,2570,EQ,,,
2009-05-22,17.65,18.45,17.15,18.0,513,EQ,,,
2009-05-25,17.95,18.35,17.95,18.25,212,EQ,,,
2009-05-26,18.35,21.85,17.9,20.15,13198,EQ,,,
2009-05-27,20.85,21.65,19.4,20.25,1268,EQ,,,
2009-05-28,20.0,21.35,20.0,20.35,2532,EQ,,,
2009-05-29,20.65,20.85,19.85,20.7,1328,EQ,,,
2009-06-01,20.5,20.75,20.5,20.65,1067,EQ,,,
2009-06-02,21.0,24.8,20.6,24.25,5174,EQ,,,
2009-06-03,23.5,24.35,23.0,23.35,740,EQ,,,
2009-06-04,23.1,23.1,22.2,22.55,73,EQ,,,
2009-06-05,22.65,22.95,22.35,22.45,208,EQ,,,
2009-06-08,22.55,23.35,20.2,20.25,866,EQ,,,
2009-06-09,20.35,21.45,20.15,20.9,750,EQ,,,
2009-06-10,21.35,21.35,20.7,20.8,422,EQ,,,
2009-06-11,20.75,21.35,18.75,20.5,134,EQ,,,
2009-06-12,20.4,20.95,20.0,20.05,411,EQ,,,
2009-06-15,19.35,24.05,18.05,23.2,6148,EQ,,,
2009-06-16,23.0,23.0,21.1,21.55,1615,EQ,,,
2009-06-17,20.85,21.85,20.85,20.95,610,EQ,,,
2009-06-18,20.95,21.35,20.95,21.05,229,EQ,,,
2009-06-19,21.05,21.65,21.0,21.25,172,EQ,,,
2009-06-22,20.55,21.0,20.4,21.0,121,EQ,,,
2009-06-23,21.0,21.0,20.35,20.8,50,EQ,,,
2009-06-24,20.35,21.35,20.35,21.3,974,EQ,,,
2009-06-25,20.5,21.15,20.5,20.65,67,EQ,,,
2009-06-26,20.65,20.65,19.15,19.55,2561,EQ,,,
2009-06-29,19.4,20.8,17.0,18.0,5457,EQ,,,
2009-06-30,18.0,18.5,17.75,18.25,814,EQ,,,
2009-07-01,18.65,18.65,18.2,18.55,478,EQ,,,
2009-07-02,18.65,19.0,18.35,18.75,204,EQ,,,
2009-07-03,19.65,19.65,18.6,18.75,36,EQ,,,
2009-07-06,18.35,19.35,17.85,17.95,563,EQ,,,
2009-07-07,17.95,18.15,17.65,18.05,168,EQ,,,
2009-07-08,17.65,17.85,17.35,17.45,61,EQ,,,
2009-07-09,17.45,17.9,17.15,17.85,53,EQ,,,
2009-07-10,18.15,18.15,17.5,17.65,109,EQ,,,
2009-07-13,17.15,17.3,16.55,16.7,665,EQ,,,
2009-07-14,16.65,17.75,16.65,17.25,62,EQ,,,
2009-07-15,17.15,17.55,17.15,17.35,58,EQ,,,
2009-07-16,17.15,17.85,17.15,17.85,32,EQ,,,
2009-07-17,18.0,21.45,17.15,20.15,12887,EQ,,,
2009-07-20,20.5,20.8,19.35,19.8,7578,EQ,,,
2009-07-21,20.35,20.35,19.4,20.05,1250,EQ,,,
2009-07-22,20.0,20.3,19.5,20.0,3234,EQ,,,
2009-07-23,20.0,20.0,19.15,19.7,331,EQ,,,
2009-07-24,19.15,19.95,19.15,19.55,766,EQ,,,
2009-07-27,19.85,20.25,19.55,19.85,1058,EQ,,,
2009-07-28,19.8,20.3,19.6,19.8,209,EQ,,,
2009-07-29,23.35,23.35,20.4,21.6,2579,EQ,,,
2009-07-30,21.65,22.15,20.75,22.0,1439,EQ,,,
2009-07-31,21.0,24.0,21.0,23.15,2168,EQ,,,
2009-08-03,23.35,24.0,23.0,23.6,1165,EQ,,,
2009-08-04,22.75,24.15,22.75,23.95,622,EQ,,,
2009-08-05,23.45,24.35,23.45,24.25,1590,EQ,,,
2009-08-06,23.35,24.45,22.5,22.8,3148,EQ,,,
2009-08-07,22.65,22.85,21.75,22.1,1143,EQ,,,
2009-08-10,23.35,24.5,23.35,24.2,3079,EQ,,,
2009-08-11,23.7,24.45,23.7,24.1,1028,EQ,,,
2009-08-12,23.0,25.45,23.0,25.0,2327,EQ,,,
2009-08-13,24.1,25.85,24.1,25.05,1752,EQ,,,
2009-08-14,23.8,25.85,23.8,25.6,1182,EQ,,,
2009-08-17,24.65,25.85,24.65,25.05,661,EQ,,,
2009-08-18,25.05,25.35,25.0,25.15,135,EQ,,,
2009-08-19,24.7,25.0,23.55,23.8,2159,EQ,,,
2009-08-20,24.35,25.05,23.9,24.95,672,EQ,,,
2009-08-21,23.65,25.45,23.65,24.25,223,EQ,,,
2009-08-24,24.5,24.85,24.25,24.35,376,EQ,,,
2009-08-25,22.65,24.85,22.65,24.75,839,EQ,,,
2009-08-26,24.0,25.0,24.0,24.85,520,EQ,,,
2009-08-27,24.95,28.85,24.95,25.3,1776,EQ,,,
2009-08-28,25.3,25.85,25.3,25.4,482,EQ,,,
2009-08-31,25.5,25.5,25.05,25.35,992,EQ,,,
2009-09-01,25.05,26.45,25.05,26.15,2711,EQ,,,
2009-09-02,26.4,27.15,25.45,25.9,2245,EQ,,,
2009-09-03,25.0,26.5,24.35,26.35,374,EQ,,,
2009-09-04,26.25,27.65,25.9,27.1,3769,EQ,,,
2009-09-07,28.15,28.15,26.45,26.55,1713,EQ,,,
2009-09-08,26.45,26.45,25.95,26.05,1929,EQ,,,
2009-09-09,25.9,26.5,24.05,26.1,1326,EQ,,,
2009-09-10,26.15,30.0,25.85,26.25,56963,EQ,,,
2009-09-11,28.15,28.15,25.95,26.65,678,EQ,,,
2009-09-14,27.5,27.5,26.65,26.9,1120,EQ,,,
2009-09-15,27.0,27.25,26.85,27.0,1353,EQ,,,
2009-09-16,27.1,27.25,26.75,27.05,1263,EQ,,,
2009-09-17,26.7,27.95,26.65,27.8,2000,EQ,,,
2009-09-18,27.8,27.8,27.15,27.35,477,EQ,,,
2009-09-22,27.65,27.65,27.0,27.1,1592,EQ,,,
2009-09-23,26.9,27.35,26.9,27.05,543,EQ,,,
2009-09-24,26.85,27.15,26.85,27.0,397,EQ,,,
2009-09-25,26.75,27.15,26.75,27.1,374,EQ,,,
2009-09-29,23.05,27.35,23.05,27.05,1027,EQ,,,
2009-09-30,26.65,27.05,26.65,26.75,1211,EQ,,,
2009-10-01,26.95,27.85,26.95,27.55,2197,EQ,,,
2009-10-05,27.5,27.85,27.45,27.5,1232,EQ,,,
2009-10-06,27.8,27.8,27.5,27.5,1303,EQ,,,
2009-10-07,27.5,28.25,27.5,27.5,1751,EQ,,,
2009-10-08,28.15,28.15,27.5,27.55,788,EQ,,,
2009-10-09,27.5,27.75,27.5,27.5,1572,EQ,,,
2009-10-12,27.55,27.75,27.5,27.55,934,EQ,,,
2009-10-14,27.5,27.85,27.5,27.75,561,EQ,,,
2009-10-15,27.65,27.8,27.35,27.5,4382,EQ,,,
2009-10-16,27.55,27.65,27.5,27.5,1926,EQ,,,
2009-10-17,28.15,28.15,25.65,27.75,567,EQ,,,
2009-10-20,27.65,28.3,27.65,28.05,775,EQ,,,
2009-10-21,28.05,28.15,27.8,27.95,2938,EQ,,,
2009-10-22,28.65,28.65,27.95,28.15,1756,EQ,,,
2009-10-23,28.0,29.0,28.0,28.75,2243,EQ,,,
2009-10-26,28.65,33.35,28.45,31.15,23188,EQ,,,
2009-10-27,31.15,31.5,29.15,29.5,2418,EQ,,,
2009-10-28,34.65,34.65,30.15,32.45,7686,EQ,,,
2009-10-29,31.65,34.05,31.0,33.4,10123,EQ,,,
2009-10-30,33.65,35.0,31.0,34.55,21057,EQ,,,
2009-11-03,33.0,35.95,31.85,35.05,19616,EQ,,,
2009-11-04,35.3,39.65,33.4,38.3,19428,EQ,,,
2009-11-05,36.65,39.0,36.35,38.35,15928,EQ,,,
2009-11-06,37.05,39.45,37.05,39.15,7952,EQ,,,
2009-11-09,39.95,41.35,37.15,40.1,23399,EQ,,,
2009-11-10,40.0,42.65,39.65,42.0,18327,EQ,,,
2009-11-11,40.65,43.3,40.45,41.25,19851,EQ,,,
2009-11-12,40.95,42.95,40.35,42.5,16567,EQ,,,
2009-11-13,42.5,44.35,41.65,44.15,51506,EQ,,,
2009-11-16,43.35,44.85,41.35,41.9,9083,EQ,,,
2009-11-17,41.7,42.25,40.25,40.95,2638,EQ,,,
2009-11-18,40.4,41.2,39.35,39.6,1387,EQ,,,
2009-11-19,39.2,39.85,38.55,38.95,1482,EQ,,,
2009-11-20,37.7,39.35,37.7,38.45,1358,EQ,,,
2009-11-23,38.0,38.35,37.85,38.05,892,EQ,,,
2009-11-24,38.15,38.35,37.75,38.0,550,EQ,,,
2009-11-25,38.0,38.35,37.85,38.0,1814,EQ,,,
2009-11-26,36.15,38.65,36.15,37.35,415,EQ,,,
2009-11-27,38.35,42.85,35.0,37.4,1703,EQ,,,
2009-11-30,37.35,38.15,36.0,37.15,324,EQ,,,
2009-12-01,37.65,37.65,36.7,36.95,616,EQ,,,
2009-12-02,37.05,38.15,36.65,36.85,715,EQ,,,
2009-12-03,36.85,37.35,35.85,36.05,2917,EQ,,,
2009-12-04,36.0,36.8,35.85,36.55,2727,EQ,,,
2009-12-07,36.7,37.3,35.35,35.6,1337,EQ,,,
2009-12-08,35.65,35.85,35.35,35.65,649,EQ,,,
2009-12-09,35.85,36.35,35.25,35.85,729,EQ,,,
2009-12-10,36.25,36.6,35.3,35.45,885,EQ,,,
2009-12-11,36.3,37.0,35.5,35.95,1846,EQ,,,
2009-12-14,36.35,36.35,34.75,35.05,1184,EQ,,,
2009-12-15,35.55,35.6,34.85,34.95,952,EQ,,,
2009-12-16,34.75,35.45,34.65,35.05,473,EQ,,,
2009-12-17,35.0,35.7,35.0,35.65,349,EQ,,,
2009-12-18,35.7,36.0,34.85,35.1,1694,EQ,,,
2009-12-21,34.95,35.15,34.65,34.85,237,EQ,,,
2009-12-22,34.65,35.3,34.35,34.45,1613,EQ,,,
2009-12-23,34.35,35.0,34.35,34.65,1076,EQ,,,
2009-12-24,34.95,35.0,34.5,34.65,522,EQ,,,
2009-12-29,34.85,35.45,34.65,34.95,1037,EQ,,,
2009-12-30,35.0,36.0,34.5,35.35,45518,EQ,,,
2009-12-31,36.0,36.65,35.35,36.0,2119,EQ,,,
2010-01-04,35.95,35.95,34.7,34.9,3339,EQ,,,
2010-01-05,35.15,35.5,34.55,34.7,2709,EQ,,,
2010-01-06,34.85,35.0,34.4,34.55,1413,EQ,,,
2010-01-07,34.45,34.5,34.15,34.25,7593,EQ,,,
2010-01-08,34.85,34.85,33.85,34.2,3310,EQ,,,
2010-01-11,34.35,34.35,33.9,33.95,2012,EQ,,,
2010-01-12,33.95,34.0,33.5,33.55,15342,EQ,,,
2010-01-13,33.65,37.05,33.5,34.15,8255,EQ,,,
2010-01-14,34.15,36.4,34.15,35.85,3662,EQ,,,
2010-01-15,36.35,38.9,36.0,37.3,7376,EQ,,,
2010-01-18,38.35,39.0,37.65,38.05,4991,EQ,,,
2010-01-19,38.65,38.65,36.65,36.95,2362,EQ,,,
2010-01-20,36.85,37.65,36.45,36.75,1774,EQ,,,
2010-01-21,36.65,37.0,35.2,36.2,2526,EQ,,,
2010-01-22,35.0,36.0,34.35,35.35,2479,EQ,,,
2010-01-25,34.85,36.3,34.85,35.55,1024,EQ,,,
2010-01-27,35.5,36.65,34.0,34.9,3397,EQ,,,
2010-01-28,35.05,35.8,34.85,34.95,2930,EQ,,,
2010-01-29,33.7,36.0,33.65,34.8,2375,EQ,,,
2010-02-01,35.15,35.85,34.65,35.4,1103,EQ,,,
2010-02-02,36.0,36.65,34.65,35.35,1043,EQ,,,
2010-02-03,34.85,35.3,34.55,34.8,1593,EQ,,,
2010-02-04,34.95,35.0,33.7,34.1,481,EQ,,,
2010-02-05,33.0,34.35,33.0,34.05,1724,EQ,,,
2010-02-06,34.3,34.65,33.75,33.9,380,EQ,,,
2010-02-08,33.95,35.65,33.75,35.55,6336,EQ,,,
2010-02-09,35.85,35.95,35.4,35.75,1275,EQ,,,
2010-02-10,35.35,37.8,35.35,36.3,4877,EQ,,,
2010-02-11,35.85,36.85,35.35,35.75,2412,EQ,,,
2010-02-15,35.55,36.15,35.5,35.65,759,EQ,,,
2010-02-16,35.35,35.65,34.85,35.35,589,EQ,,,
2010-02-17,35.65,36.35,35.1,35.35,1142,EQ,,,
2010-02-18,34.7,35.35,34.7,35.0,1192,EQ,,,
2010-02-19,34.7,35.35,34.7,35.25,647,EQ,,,
2010-02-22,35.0,35.6,34.65,34.7,132,EQ,,,
2010-02-23,34.35,35.5,34.35,35.05,16822,EQ,,,
2010-02-24,34.85,35.2,34.35,34.65,2604,EQ,,,
2010-02-25,34.0,35.15,34.0,35.0,7155,EQ,,,
2010-02-26,35.15,35.15,34.85,35.0,2200,EQ,,,
2010-03-02,35.15,35.65,35.15,35.25,424,EQ,,,
2010-03-03,35.25,37.35,35.25,36.45,8780,EQ,,,
2010-03-04,36.5,36.5,35.95,36.15,369,EQ,,,
2010-03-05,36.3,36.65,36.0,36.3,1055,EQ,,,
2010-03-08,36.5,37.2,36.3,36.85,3417,EQ,,,
2010-03-09,36.0,37.0,36.0,36.85,2332,EQ,,,
2010-03-10,36.5,37.15,36.5,36.9,447,EQ,,,
2010-03-11,36.75,37.0,36.75,36.85,726,EQ,,,
2010-03-12,37.1,37.1,36.65,36.85,693,EQ,,,
2010-03-15,36.5,37.0,35.05,36.85,1418,EQ,,,
2010-03-16,36.55,37.15,36.55,36.85,1074,EQ,,,
2010-03-17,37.05,37.85,36.7,37.55,150876,EQ,,,
2010-03-18,37.85,38.0,36.85,37.0,6013,EQ,,,
2010-03-19,37.1,37.6,36.7,36.95,4171,EQ,,,
2010-03-22,37.0,37.0,36.5,36.65,5481,EQ,,,
2010-03-23,36.5,37.65,36.5,36.95,5956,EQ,,,
2010-03-25,37.15,37.15,36.55,36.75,5548,EQ,,,
2010-03-26,36.4,38.7,36.4,38.35,17557,EQ,,,
2010-03-29,38.65,38.85,38.35,38.35,1780,EQ,,,
2010-03-30,38.35,41.65,38.35,40.15,3408,EQ,,,
2010-03-31,40.1,47.35,39.35,43.7,12248,EQ,,,
2010-04-01,45.85,47.0,42.7,43.1,9048,EQ,,,
2010-04-05,43.35,44.0,43.35,43.65,7136,EQ,,,
2010-04-06,44.0,45.15,44.0,44.4,3423,EQ,,,
2010-04-07,44.35,45.0,44.2,44.5,1362,EQ,,,
2010-04-08,44.35,44.35,44.15,44.25,719,EQ,,,
2010-04-09,44.0,44.5,44.0,44.2,754,EQ,,,
2010-04-12,44.15,44.3,44.15,44.15,20283,EQ,,,
2010-04-13,43.55,44.35,43.55,44.35,931,EQ,,,
2010-04-15,44.65,44.65,40.95,44.3,710,EQ,,,
2010-04-16,44.15,44.35,44.15,44.2,1569,EQ,,,
2010-04-19,44.15,44.65,44.0,44.3,1529,EQ,,,
2010-04-20,44.35,45.35,44.35,44.45,583,EQ,,,
2010-04-21,44.65,44.95,44.3,44.8,366,EQ,,,
2010-04-22,44.7,45.0,44.3,44.6,404,EQ,,,
2010-04-23,44.5,44.85,44.25,44.3,1178,EQ,,,
2010-04-26,44.5,44.95,44.3,44.3,608,EQ,,,
2010-04-27,44.95,44.95,44.15,44.25,344,EQ,,,
2010-04-28,44.15,44.3,43.7,44.25,21582,EQ,,,
2010-04-29,44.15,44.9,44.15,44.3,155,EQ,,,
2010-04-30,43.65,49.95,43.65,46.5,15654,EQ,,,
2010-05-03,47.0,49.0,46.7,48.1,5470,EQ,,,
2010-05-04,49.15,52.65,48.85,50.85,27217,EQ,,,
2010-05-05,50.0,50.85,49.0,49.55,8066,EQ,,,
2010-05-06,50.0,50.0,49.35,49.9,2359,EQ,,,
2010-05-07,49.95,49.95,49.2,49.3,2230,EQ,,,
2010-05-10,50.0,50.0,49.65,49.8,740,EQ,,,
2010-05-11,49.35,50.35,49.35,50.05,62139,EQ,,,
2010-05-12,50.15,50.85,49.85,50.05,21919,EQ,,,
2010-05-13,50.35,50.5,50.15,50.3,1260,EQ,,,
2010-05-14,50.3,50.45,50.0,50.05,1772,EQ,,,
2010-05-17,50.3,50.35,49.75,50.2,1861,EQ,,,
2010-05-18,50.05,50.35,49.85,50.15,1603,EQ,,,
2010-05-19,50.0,51.7,49.65,50.05,1556,EQ,,,
2010-05-20,49.7,50.65,49.7,50.2,992,EQ,,,
2010-05-21,48.7,50.15,48.7,50.0,1757,EQ,,,
2010-05-24,50.0,50.5,49.75,49.85,1377,EQ,,,
2010-05-25,49.35,50.05,49.35,49.8,1360,EQ,,,
2010-05-26,49.45,50.0,49.35,49.75,743,EQ,,,
2010-05-27,50.0,50.35,49.85,50.15,1481,EQ,,,
2010-05-28,50.75,50.75,50.0,50.0,155,EQ,,,
2010-05-31,50.15,50.85,49.75,50.55,388,EQ,,,
2010-06-01,50.85,51.35,50.4,50.95,1326,EQ,,,
2010-06-02,51.35,51.65,51.0,51.05,845,EQ,,,
2010-06-03,50.85,51.65,50.85,51.35,669,EQ,,,
2010-06-04,51.4,52.45,51.15,51.75,1460,EQ,,,
2010-06-07,51.2,54.0,51.2,52.9,1553,EQ,,,
2010-06-08,53.35,53.65,51.05,51.45,1954,EQ,,,
2010-06-09,52.0,53.35,51.35,52.4,2544,EQ,,,
2010-06-10,53.25,54.0,53.15,53.5,1073,EQ,,,
2010-06-11,53.65,54.15,53.65,53.85,3948,EQ,,,
2010-06-14,54.2,56.6,54.2,55.05,2746,EQ,,,
2010-06-15,55.65,56.65,55.0,55.2,1577,EQ,,,
2010-06-16,54.65,56.0,53.35,53.8,3640,EQ,,,
2010-06-17,53.7,54.35,53.35,53.95,5467,EQ,,,
2010-06-18,54.05,54.15,53.35,54.0,13092,EQ,,,
2010-06-21,54.0,54.85,53.45,54.0,19754,EQ,,,
2010-06-22,53.5,61.55,53.5,54.45,12934,EQ,,,
2010-06-23,55.0,56.45,55.0,55.95,6856,EQ,,,
2010-06-24,56.65,57.65,56.0,56.25,2767,EQ,,,
2010-06-25,56.35,56.6,54.65,55.85,5856,EQ,,,
2010-06-28,55.8,56.35,53.4,54.0,1970,EQ,,,
2010-06-29,53.45,54.0,52.15,52.8,1309,EQ,,,
2010-06-30,51.65,53.0,50.65,52.1,123860,EQ,,,
2010-07-01,52.0,52.1,51.0,51.05,1173,EQ,,,
2010-07-02,51.4,51.65,50.75,51.1,1095,EQ,,,
2010-07-05,51.65,51.8,49.35,49.9,2381,EQ,,,
2010-07-06,49.9,50.2,48.8,49.75,1166,EQ,,,
2010-07-07,49.35,51.6,49.35,50.75,723,EQ,,,
2010-07-08,50.35,51.6,50.25,50.65,1373,EQ,,,
2010-07-09,50.75,51.35,50.65,50.75,675,EQ,,,
2010-07-12,51.0,51.35,50.35,50.65,1960,EQ,,,
2010-07-13,50.65,51.65,50.65,51.25,939,EQ,,,
2010-07-14,51.2,52.0,51.2,51.6,1517,EQ,,,
2010-07-15,51.25,54.65,51.25,52.2,2146,EQ,,,
2010-07-16,53.35,53.35,52.05,52.95,975,EQ,,,
2010-07-19,53.25,53.45,52.95,53.2,1088,EQ,,,
2010-07-20,52.95,53.45,52.95,53.0,467,EQ,,,
2010-07-21,53.35,54.0,52.95,52.95,2987,EQ,,,
2010-07-22,52.95,54.45,52.95,53.45,2478,EQ,,,
2010-07-23,54.0,54.35,52.95,53.35,599,EQ,,,
2010-07-26,53.95,53.95,52.95,52.95,996,EQ,,,
2010-07-27,53.0,53.65,52.95,53.0,201,EQ,,,
2010-07-28,52.95,53.6,52.95,52.95,1999,EQ,,,
2010-07-29,53.65,54.35,53.05,53.75,8659,EQ,,,
2010-07-30,52.95,55.0,52.95,54.2,5619,EQ,,,
2010-08-02,55.0,56.55,54.65,54.85,7706,EQ,,,
2010-08-03,54.6,55.4,54.15,54.85,3144,EQ,,,
2010-08-04,54.35,54.65,53.2,53.45,1174,EQ,,,
2010-08-05,53.55,54.65,53.55,54.05,7424,EQ,,,
2010-08-06,54.65,61.65,54.0,55.05,9382,EQ,,,
2010-08-09,56.0,57.35,54.25,55.35,6961,EQ,,,
2010-08-10,55.7,56.2,55.55,55.95,16442,EQ,,,
2010-08-11,55.7,56.35,55.65,55.7,6186,EQ,,,
2010-08-12,56.35,56.35,55.7,55.7,2571,EQ,,,
2010-08-13,55.7,56.15,55.35,55.45,4054,EQ,,,
2010-08-16,55.65,55.85,54.0,54.35,1751,EQ,,,
2010-08-17,54.55,55.35,54.25,54.55,8711,EQ,,,
2010-08-18,55.35,55.45,54.65,55.15,17954,EQ,,,
2010-08-19,55.35,56.65,54.95,55.95,4795,EQ,,,
2010-08-20,56.35,57.35,54.85,55.1,734,EQ,,,
2010-08-23,55.35,56.25,54.8,55.05,896,EQ,,,
2010-08-24,55.0,56.0,54.0,54.2,1299,EQ,,,
2010-08-25,54.6,54.65,52.75,53.25,1548,EQ,,,
2010-08-26,53.0,55.1,53.0,54.35,5776,EQ,,,
2010-08-27,54.0,54.35,53.35,54.05,36585,EQ,,,
2010-08-30,52.65,54.75,52.65,54.45,1789,EQ,,,
2010-08-31,54.05,54.35,51.8,53.05,18010,EQ,,,
2010-09-01,54.0,54.0,52.75,53.45,286,EQ,,,
2010-09-02,54.25,54.25,53.05,53.45,682,EQ,,,
2010-09-03,54.35,54.65,52.65,53.1,839,EQ,,,
2010-09-06,53.55,53.55,52.6,53.0,1582,EQ,,,
2010-09-07,53.65,54.3,53.35,53.65,1754,EQ,,,
2010-09-08,53.6,55.4,53.6,55.15,32993,EQ,,,
2010-09-09,55.05,56.0,54.15,54.4,2694,EQ,,,
2010-09-13,54.7,55.55,54.65,54.85,2262,EQ,,,
2010-09-14,55.55,55.65,55.0,55.3,3962,EQ,,,
2010-09-15,54.4,58.35,54.4,57.25,12061,EQ,,,
2010-09-16,56.95,58.0,55.7,56.05,8522,EQ,,,
2010-09-17,57.05,58.0,56.15,57.6,3960,EQ,,,
2010-09-20,58.0,59.95,57.65,59.2,10798,EQ,,,
2010-09-21,59.85,59.85,57.75,58.95,6410,EQ,,,
2010-09-22,58.35,61.65,58.0,61.45,15536,EQ,,,
2010-09-23,62.0,62.35,60.65,61.95,6780,EQ,,,
2010-09-24,62.25,63.25,61.35,62.85,4341,EQ,,,
2010-09-27,62.65,64.0,61.45,62.0,6658,EQ,,,
2010-09-28,63.0,63.85,62.15,62.9,11585,EQ,,,
2010-09-29,64.0,64.0,60.65,62.05,1737,EQ,,,
2010-09-30,63.25,70.95,61.35,67.35,11919,EQ,,,
2010-10-01,68.35,70.0,67.0,67.6,12501,EQ,,,
2010-10-04,69.0,70.65,68.05,68.4,3162,EQ,,,
2010-10-05,68.0,69.15,66.8,67.85,2314,EQ,,,
2010-10-06,67.25,69.25,67.25,68.05,1068,EQ,,,
2010-10-07,69.4,69.4,67.35,67.85,1172,EQ,,,
2010-10-08,69.25,69.25,67.65,67.7,934,EQ,,,
2010-10-11,68.35,69.85,67.65,67.9,1911,EQ,,,
2010-10-12,67.95,67.95,66.95,67.15,8790,EQ,,,
2010-10-13,67.6,67.6,66.85,67.25,8299,EQ,,,
2010-10-14,67.45,67.45,66.05,66.7,1077,EQ,,,
2010-10-15,66.05,67.0,64.85,65.4,537,EQ,,,
2010-10-18,65.65,65.65,64.45,65.1,481,EQ,,,
2010-10-19,66.0,66.0,63.7,64.65,456,EQ,,,
2010-10-20,64.65,65.35,64.35,64.65,70516,EQ,,,
2010-10-21,65.35,65.35,62.65,63.1,1984,EQ,,,
2010-10-22,63.25,63.25,61.0,61.2,1167,EQ,,,
2010-10-25,61.95,61.95,59.35,60.0,1931,EQ,,,
2010-10-26,59.4,60.35,58.7,59.65,1558,EQ,,,
2010-10-27,59.2,60.35,59.2,60.05,393,EQ,,,
2010-10-28,59.4,67.45,59.4,59.6,3035,EQ,,,
2010-10-29,60.0,60.0,59.25,59.55,673,EQ,,,
2010-11-01,60.0,60.0,59.05,59.55,10580,EQ,,,
2010-11-02,59.35,59.55,58.05,59.05,697,EQ,,,
2010-11-03,60.55,60.55,58.85,59.15,757,EQ,,,
2010-11-04,59.0,60.55,58.75,59.65,722,EQ,,,
2010-11-05,60.6,61.65,59.45,60.45,505,EQ,,,
2010-11-08,61.35,61.35,59.35,60.1,1221,EQ,,,
2010-11-09,60.55,60.55,59.35,59.85,293,EQ,,,
2010-11-10,59.95,61.0,58.85,60.35,574,EQ,,,
2010-11-11,60.65,61.0,60.0,60.65,3313,EQ,,,
2010-11-12,60.65,61.35,60.65,60.85,1589,EQ,,,
2010-11-15,61.05,61.45,61.0,61.1,1836,EQ,,,
2010-11-16,61.45,61.55,61.0,61.05,2182,EQ,,,
2010-11-18,61.25,61.85,61.0,61.35,3227,EQ,,,
2010-11-19,61.0,62.75,61.0,62.35,2195,EQ,,,
2010-11-22,61.35,63.7,61.35,62.05,2776,EQ,,,
2010-11-23,61.45,62.55,61.0,62.0,1787,EQ,,,
2010-11-24,61.65,62.0,61.65,61.65,321,EQ,,,
2010-11-25,62.0,62.0,60.05,60.05,341,EQ,,,
2010-11-26,59.4,60.0,54.6,56.65,3512,EQ,,,
2010-11-29,56.0,58.2,56.0,57.25,1945,EQ,,,
2010-11-30,56.4,58.65,56.4,57.55,652,EQ,,,
2010-12-01,58.0,60.6,58.0,59.95,2613,EQ,,,
2010-12-02,59.65,61.25,59.35,60.65,6577,EQ,,,
2010-12-03,60.65,61.35,60.65,60.65,6623,EQ,,,
2010-12-06,60.65,62.0,58.65,60.7,4128,EQ,,,
2010-12-07,60.8,60.8,60.05,60.55,5255,EQ,,,
2010-12-08,60.65,60.95,60.65,60.7,7769,EQ,,,
2010-12-09,61.05,61.05,60.15,60.45,9805,EQ,,,
2010-12-10,60.35,60.95,60.35,60.45,1874,EQ,,,
2010-12-13,61.35,61.35,60.4,60.65,3697,EQ,,,
2010-12-14,60.7,61.25,60.7,61.0,4596,EQ,,,
2010-12-15,61.0,61.0,60.75,60.8,1676,EQ,,,
2010-12-16,60.65,61.3,60.65,60.85,2025,EQ,,,
2010-12-20,60.85,61.15,60.0,60.95,142142,EQ,,,
2010-12-21,60.35,61.15,60.35,61.0,3667,EQ,,,
2010-12-22,61.0,61.25,60.15,60.65,335261,EQ,,,
2010-12-23,60.8,60.85,59.4,59.75,940,EQ,,,
2010-12-24,59.75,59.95,57.8,59.05,451,EQ,,,
2010-12-27,58.15,59.65,58.15,58.75,165,EQ,,,
2010-12-28,60.0,60.65,56.65,58.05,739,EQ,,,
2010-12-29,57.65,59.0,57.65,58.0,368,EQ,,,
2010-12-30,58.65,60.55,57.05,59.95,1892,EQ,,,
2010-12-31,60.0,61.25,59.65,59.95,2000,EQ,,,
2011-01-03,60.65,60.95,59.35,59.8,617,EQ,,,
2011-01-04,60.55,60.55,59.85,60.05,5908,EQ,,,
2011-01-05,60.65,60.65,59.75,60.05,461,EQ,,,
2011-01-06,60.0,60.35,60.0,60.0,534,EQ,,,
2011-01-07,60.0,60.1,59.35,59.35,3252,EQ,,,
2011-01-10,60.0,60.15,59.0,59.65,6758,EQ,,,
2011-01-11,59.65,60.05,59.65,60.0,3231,EQ,,,
2011-01-12,59.8,60.35,59.75,60.0,615,EQ,,,
2011-01-13,59.65,60.45,59.55,60.0,2433,EQ,,,
2011-01-14,59.65,60.35,59.65,60.0,2892,EQ,,,
2011-01-17,59.95,60.15,59.75,59.9,726,EQ,,,
2011-01-18,60.0,60.35,59.65,60.0,85192,EQ,,,
2011-01-19,60.0,60.05,59.75,60.0,2027,EQ,,,
2011-01-20,59.45,60.3,59.45,60.15,4527,EQ,,,
2011-01-21,59.65,60.35,59.45,60.05,1239,EQ,,,
2011-01-24,60.0,60.2,59.65,59.75,1164,EQ,,,
2011-01-25,60.0,60.15,59.85,60.15,790,EQ,,,
2011-01-27,59.65,60.05,59.65,59.85,999,EQ,,,
2011-01-28,60.0,60.25,59.35,59.95,6652,EQ,,,
2011-01-31,60.0,60.0,59.35,59.9,36519,EQ,,,
2011-02-01,59.35,59.85,59.35,59.85,1632,EQ,,,
2011-02-02,59.25,59.85,57.4,58.35,4206,EQ,,,
2011-02-03,58.6,58.6,56.35,57.05,5498,EQ,,,
2011-02-04,56.65,56.65,52.65,53.55,4126,EQ,,,
2011-02-07,54.0,54.65,53.35,53.5,180,EQ,,,
2011-02-08,53.4,54.65,52.0,52.6,615,EQ,,,
2011-02-09,52.0,54.0,49.35,49.85,5131,EQ,,,
2011-02-10,49.2,51.6,49.2,50.2,987,EQ,,,
2011-02-11,50.65,52.65,50.65,51.05,373,EQ,,,
2011-02-14,52.65,52.65,50.75,52.35,449,EQ,,,
2011-02-15,53.35,55.35,51.8,54.8,2010,EQ,,,
2011-02-16,54.35,54.8,52.05,52.35,1635,EQ,,,
2011-02-17,52.35,53.25,51.0,51.4,1119,EQ,,,
2011-02-18,52.6,52.65,51.65,52.05,1597,EQ,,,
2011-02-21,50.9,51.65,50.85,51.65,1050,EQ,,,
2011-02-22,50.0,51.35,49.65,49.95,512,EQ,,,
2011-02-23,50.6,54.35,50.0,52.85,1863,EQ,,,
2011-02-24,51.65,53.35,46.7,50.5,3352,EQ,,,
2011-02-25,50.75,50.75,49.35,50.55,11378,EQ,,,
2011-02-28,48.85,51.0,48.0,50.2,153715,EQ,,,
2011-03-01,49.6,52.6,49.35,52.35,2536,EQ,,,
2011-03-03,50.7,52.0,49.65,50.35,1933,EQ,,,
2011-03-04,50.65,50.65,49.75,49.95,1405,EQ,,,
2011-03-07,49.45,51.25,49.45,50.75,37392,EQ,,,
2011-03-08,50.25,51.05,50.25,50.5,584,EQ,,,
2011-03-09,50.35,50.65,50.05,50.35,969,EQ,,,
2011-03-10,50.65,51.0,50.1,50.3,91,EQ,,,
2011-03-11,50.0,52.65,50.0,50.35,10805,EQ,,,
2011-03-14,50.15,51.0,50.15,50.9,555,EQ,,,
2011-03-15,49.85,50.35,49.35,50.0,83706,EQ,,,
2011-03-16,50.6,50.6,49.65,49.7,505,EQ,,,
2011-03-17,50.35,50.65,49.25,49.65,1220,EQ,,,
2011-03-18,49.75,53.85,49.35,52.65,2507,EQ,,,
2011-03-21,53.0,58.25,51.65,54.9,8944,EQ,,,
2011-03-22,57.55,57.95,54.15,54.7,7625,EQ,,,
2011-03-23,55.0,55.0,51.8,53.65,2169,EQ,,,
2011-03-24,54.65,55.0,52.35,52.85,1850,EQ,,,
2011-03-25,53.35,54.35,52.05,52.35,628,EQ,,,
2011-03-28,52.4,54.0,52.0,52.1,559,EQ,,,
2011-03-29,53.0,53.75,51.65,52.35,9126,EQ,,,
2011-03-30,52.35,56.25,52.05,54.35,10101,EQ,,,
2011-03-31,55.0,64.65,53.4,61.3,32970,EQ,,,
2011-04-01,59.35,60.0,56.55,58.15,6918,EQ,,,
2011-04-04,57.35,58.0,56.65,57.1,1377,EQ,,,
2011-04-05,57.0,57.6,57.0,57.1,186,EQ,,,
2011-04-06,57.65,58.55,57.0,57.05,706,EQ,,,
2011-04-07,57.05,58.15,56.6,57.3,433,EQ,,,
2011-04-08,57.65,57.85,56.2,57.05,965,EQ,,,
2011-04-11,57.35,57.35,55.4,56.25,752,EQ,,,
2011-04-13,56.0,56.35,55.2,55.45,2774,EQ,,,
2011-04-15,55.45,56.0,54.95,55.65,3070,EQ,,,
2011-04-18,55.6,56.65,55.6,55.75,560,EQ,,,
2011-04-19,55.35,56.0,55.2,55.45,7159,EQ,,,
2011-04-20,55.4,56.15,55.4,55.65,652,EQ,,,
2011-04-21,55.65,56.65,55.65,56.35,1265,EQ,,,
2011-04-25,56.65,60.6,55.75,58.95,5807,EQ,,,
2011-04-26,58.5,58.65,57.15,57.35,6818,EQ,,,
2011-04-27,57.65,57.8,56.35,56.8,5183,EQ,,,
2011-04-28,56.65,57.65,56.65,57.25,3029,EQ,,,
2011-04-29,58.0,58.35,56.8,57.2,5226,EQ,,,
2011-05-02,57.65,57.65,57.05,57.45,3657,EQ,,,
2011-05-03,57.35,58.65,57.35,57.9,5315,EQ,,,
2011-05-04,58.15,58.15,55.35,55.8,7397,EQ,,,
2011-05-05,56.15,56.35,55.65,55.8,7469,EQ,,,
2011-05-06,56.65,56.65,55.45,56.15,4428,EQ,,,
2011-05-09,56.15,57.65,56.15,57.25,1340,EQ,,,
2011-05-10,56.75,57.6,56.4,56.65,3914,EQ,,,
2011-05-11,58.85,58.85,57.05,57.7,11233,EQ,,,
2011-05-12,57.75,58.4,57.65,57.8,2424,EQ,,,
2011-05-13,58.0,59.25,57.6,58.45,4158,EQ,,,
2011-05-16,58.35,58.65,58.0,58.0,28,EQ,,,
2011-05-17,58.6,59.25,56.8,57.25,6215,EQ,,,
2011-05-18,57.05,57.25,56.65,56.85,3466,EQ,,,
2011-05-19,56.4,58.35,56.4,57.2,7145,EQ,,,
2011-05-20,58.0,58.0,56.95,57.25,2235,EQ,,,
2011-05-23,56.7,56.95,56.05,56.4,285,EQ,,,
2011-05-24,57.35,58.2,56.8,56.9,7595,EQ,,,
2011-05-25,56.35,60.0,56.35,57.3,2512,EQ,,,
2011-05-26,58.0,58.0,57.15,57.5,30558,EQ,,,
2011-05-27,58.0,58.0,55.75,57.25,2993,EQ,,,
2011-05-30,57.45,58.95,57.35,58.45,8811,EQ,,,
2011-05-31,59.0,59.45,57.8,58.25,4007,EQ,,,
2011-06-01,58.95,59.15,58.65,59.05,972,EQ,,,
2011-06-02,58.6,61.45,58.35,59.5,5882,EQ,,,
2011-06-03,60.25,60.6,58.5,59.05,1794,EQ,,,
2011-06-06,58.65,60.65,58.55,59.4,1246,EQ,,,
2011-06-07,59.75,59.8,59.0,59.25,329,EQ,,,
2011-06-08,59.35,59.35,58.4,58.55,401,EQ,,,
2011-06-09,58.05,58.8,57.35,57.55,459,EQ,,,
2011-06-10,58.0,58.65,57.0,57.75,1003,EQ,,,
2011-06-13,57.35,58.35,57.35,57.4,116,EQ,,,
2011-06-14,58.2,59.35,57.35,58.85,1848,EQ,,,
2011-06-15,59.0,59.0,58.35,58.85,1429,EQ,,,
2011-06-16,58.35,58.75,58.0,58.35,1171,EQ,,,
2011-06-17,58.05,60.35,58.05,59.75,2677,EQ,,,
2011-06-20,58.65,59.55,58.65,59.15,3436,EQ,,,
2011-06-21,59.0,59.4,59.0,59.35,31623,EQ,,,
2011-06-22,59.35,59.35,57.4,57.75,14564,EQ,,,
2011-06-23,57.05,57.35,55.75,56.1,1640,EQ,,,
2011-06-24,56.1,57.65,55.5,57.15,1878,EQ,,,
2011-06-27,57.0,58.0,56.35,56.9,803,EQ,,,
2011-06-28,56.65,58.6,56.65,58.15,2108,EQ,,,
2011-06-29,58.65,61.95,58.45,58.65,5024,EQ,,,
2011-06-30,58.75,60.95,58.75,60.1,2313,EQ,,,
2011-07-01,59.45,62.35,59.45,61.35,34025,EQ,,,
2011-07-04,61.95,61.95,61.0,61.35,30949,EQ,,,
2011-07-05,60.8,62.35,60.65,61.25,696,EQ,,,
2011-07-06,61.65,61.65,60.6,61.1,1061,EQ,,,
2011-07-07,61.35,62.0,60.75,60.9,390,EQ,,,
2011-07-08,61.65,61.65,60.4,60.75,484,EQ,,,
2011-07-11,60.8,60.8,59.0,59.6,640,EQ,,,
2011-07-12,59.35,59.6,58.35,59.15,1035,EQ,,,
2011-07-13,58.95,59.65,58.45,58.65,102,EQ,,,
2011-07-14,58.15,59.45,57.8,59.25,986,EQ,,,
2011-07-15,59.35,59.65,58.55,59.35,428,EQ,,,
2011-07-18,59.0,59.65,57.7,58.95,1033,EQ,,,
2011-07-19,58.35,59.35,57.65,58.35,1011,EQ,,,
2011-07-20,58.6,58.6,57.65,58.05,92,EQ,,,
2011-07-21,57.95,58.65,57.6,57.65,321,EQ,,,
2011-07-22,58.0,58.6,58.0,58.05,450,EQ,,,
2011-07-25,58.05,59.1,58.0,58.6,1422,EQ,,,
2011-07-26,57.65,58.65,57.65,58.35,773,EQ,,,
2011-07-27,58.65,60.65,58.05,58.45,1634,EQ,,,
2011-07-28,59.0,63.2,58.65,60.35,11656,EQ,,,
2011-07-29,61.2,61.2,59.35,59.65,1734,EQ,,,
2011-08-01,59.8,60.25,59.35,59.35,522,EQ,,,
2011-08-02,58.75,59.8,58.75,59.35,2119,EQ,,,
2011-08-03,59.25,59.6,59.25,59.35,1099,EQ,,,
2011-08-04,59.05,59.65,58.65,59.35,124963,EQ,,,
2011-08-05,59.35,60.0,58.35,59.8,7669,EQ,,,
2011-08-08,58.0,59.65,58.0,59.35,4925,EQ,,,
2011-08-09,57.35,59.35,57.35,58.65,1917,EQ,,,
2011-08-10,59.35,59.35,57.7,58.15,59832,EQ,,,
2011-08-11,58.0,58.15,57.35,57.6,1849,EQ,,,
2011-08-12,58.35,59.8,58.35,59.35,1790,EQ,,,
2011-08-16,59.35,59.35,57.65,57.85,452,EQ,,,
2011-08-17,58.0,59.0,57.65,58.0,377,EQ,,,
2011-08-18,57.4,59.0,57.4,58.0,328,EQ,,,
2011-08-19,57.65,58.25,56.65,56.95,624,EQ,,,
2011-08-22,57.85,57.85,56.35,57.25,519,EQ,,,
2011-08-23,56.65,57.55,56.0,57.5,280,EQ,,,
2011-08-24,57.65,57.65,57.05,57.35,220,EQ,,,
2011-08-25,57.35,57.65,56.35,57.2,6481,EQ,,,
2011-08-26,56.35,56.65,56.35,56.45,56,EQ,,,
2011-08-29,57.35,57.35,53.2,53.55,5473,EQ,,,
2011-08-30,54.0,54.6,53.4,54.45,1272,EQ,,,
2011-09-02,54.65,55.0,53.55,54.8,512,EQ,,,
2011-09-05,54.6,55.85,54.55,55.35,1010,EQ,,,
2011-09-06,54.8,55.45,54.8,55.3,17659,EQ,,,
2011-09-07,54.85,55.6,52.2,55.0,1404,EQ,,,
2011-09-08,54.65,55.0,53.4,54.05,3694,EQ,,,
2011-09-09,53.65,55.35,53.45,54.0,2881,EQ,,,
2011-09-12,53.65,54.35,53.2,53.55,1501,EQ,,,
2011-09-13,54.35,55.15,54.0,54.9,751,EQ,,,
2011-09-14,55.0,55.5,54.8,55.35,3609,EQ,,,
2011-09-15,55.35,55.45,54.8,55.35,273,EQ,,,
2011-09-16,55.35,55.8,55.35,55.4,891,EQ,,,
2011-09-19,54.8,55.65,54.65,55.0,275,EQ,,,
2011-09-20,54.8,56.85,54.8,55.6,1612,EQ,,,
2011-09-21,56.0,56.35,55.45,55.75,2328,EQ,,,
2011-09-22,55.0,56.8,54.35,56.15,2154,EQ,,,
2011-09-23,56.35,56.5,55.1,56.2,584,EQ,,,
2011-09-26,56.2,56.2,54.65,54.85,258,EQ,,,
2011-09-27,55.65,56.15,55.65,55.85,361,EQ,,,
2011-09-28,55.35,55.6,54.65,54.85,310,EQ,,,
2011-09-29,55.0,55.35,54.05,54.45,2169,EQ,,,
2011-09-30,55.35,58.55,55.35,55.95,2213,EQ,,,
2011-10-03,55.8,59.0,55.0,58.2,5642,EQ,,,
2011-10-04,57.0,58.2,56.0,56.2,2572,EQ,,,
2011-10-05,56.95,56.95,55.35,56.0,366,EQ,,,
2011-10-07,56.45,57.05,55.75,56.35,895,EQ,,,
2011-10-10,56.45,57.35,56.45,56.65,30685,EQ,,,
2011-10-11,56.45,56.55,55.35,55.55,668,EQ,,,
2011-10-12,56.35,56.45,55.4,55.5,473,EQ,,,
2011-10-13,55.65,55.65,55.05,55.35,181,EQ,,,
2011-10-14,56.0,57.2,56.0,56.55,409,EQ,,,
2011-10-17,56.45,56.45,55.85,56.1,1281,EQ,,,
2011-10-18,55.85,56.35,55.65,56.0,970,EQ,,,
2011-10-19,55.45,56.15,55.45,56.0,36,EQ,,,
2011-10-20,56.35,56.45,56.0,56.35,614,EQ,,,
2011-10-21,56.45,56.65,56.35,56.6,261,EQ,,,
2011-10-24,56.45,56.95,55.05,55.65,3777,EQ,,,
2011-10-25,56.0,56.6,55.35,56.15,429,EQ,,,
2011-10-26,56.65,56.65,56.05,56.25,138,EQ,,,
2011-10-28,56.0,56.55,56.0,56.45,463,EQ,,,
2011-10-31,57.0,57.0,56.05,56.65,126,EQ,,,
2011-11-01,55.55,56.35,55.0,55.45,887,EQ,,,
2011-11-02,55.45,56.55,55.15,55.65,1277,EQ,,,
2011-11-03,55.65,55.8,55.65,55.7,475,EQ,,,
2011-11-04,56.0,56.15,55.2,56.0,2913,EQ,,,
2011-11-08,56.0,57.0,55.95,56.7,1769,EQ,,,
2011-11-09,56.95,58.35,56.95,57.85,3105,EQ,,,
2011-11-11,57.35,59.35,57.2,57.35,8114,EQ,,,
2011-11-14,58.35,58.75,57.85,58.45,2112,EQ,,,
2011-11-15,57.25,58.6,57.25,58.4,896,EQ,,,
2011-11-16,58.25,58.35,57.2,57.95,1940,EQ,,,
2011-11-17,58.15,58.25,57.1,57.95,4685,EQ,,,
2011-11-18,57.0,58.35,56.0,58.05,2117,EQ,,,
2011-11-21,57.65,58.35,57.35,58.15,1946,EQ,,,
2011-11-22,57.4,60.55,53.65,59.15,4404,EQ,,,
2011-11-23,57.65,58.6,57.65,58.0,1089,EQ,,,
2011-11-24,56.75,58.6,56.75,58.1,1845,EQ,,,
2011-11-25,58.55,58.55,57.45,58.45,380,EQ,,,
2011-11-28,57.95,58.95,57.95,58.0,691,EQ,,,
2011-11-29,57.65,58.95,57.65,58.55,635,EQ,,,
2011-11-30,59.0,59.0,57.35,57.8,81,EQ,,,
2011-12-01,57.35,58.6,57.35,58.1,1990,EQ,,,
2011-12-02,57.65,58.45,57.65,57.85,380,EQ,,,
2011-12-05,57.35,58.85,57.35,58.3,981,EQ,,,
2011-12-07,58.0,59.25,58.0,59.2,572,EQ,,,
2011-12-08,59.15,59.15,58.0,58.15,486,EQ,,,
2011-12-09,58.0,58.8,57.6,58.4,1084,EQ,,,
2011-12-12,58.65,58.75,57.65,58.1,889,EQ,,,
2011-12-13,57.35,59.0,57.35,58.85,1367,EQ,,,
2011-12-14,58.15,58.8,57.85,57.85,42,EQ,,,
2011-12-15,58.65,58.65,57.35,57.55,244,EQ,,,
2011-12-16,57.35,58.55,56.75,58.2,2008,EQ,,,
2011-12-19,58.65,58.65,56.7,58.45,1569,EQ,,,
2011-12-20,57.4,58.4,57.4,58.35,1409,EQ,,,
2011-12-21,57.75,58.45,56.35,58.05,3133,EQ,,,
2011-12-22,58.35,58.35,56.9,57.9,2507,EQ,,,
2011-12-23,57.6,58.4,57.4,57.4,12774,EQ,,,
2011-12-26,57.65,57.65,56.75,57.0,450,EQ,,,
2011-12-27,57.0,57.0,56.35,56.35,138,EQ,,,
2011-12-28,56.8,57.25,56.15,56.55,403,EQ,,,
2011-12-29,56.35,56.8,55.65,55.85,136,EQ,,,
2011-12-30,55.95,57.65,55.95,56.65,8111,EQ,,,
2012-01-02,56.65,57.35,56.65,56.65,103,EQ,,,
2012-01-03,56.65,58.65,56.65,58.35,1614,EQ,,,
2012-01-04,58.3,59.35,57.0,57.65,1475,EQ,,,
2012-01-05,56.8,59.0,56.8,58.05,1218,EQ,,,
2012-01-06,57.8,57.8,56.65,57.1,1174,EQ,,,
2012-01-07,58.0,58.25,57.65,58.15,27,EQ,,,
2012-01-09,57.0,57.75,56.65,57.05,780,EQ,,,
2012-01-10,57.35,57.95,57.35,57.65,36,EQ,,,
2012-01-11,58.0,59.0,57.0,57.6,2535,EQ,,,
2012-01-12,57.95,58.65,57.65,57.95,567,EQ,,,
2012-01-13,58.8,58.95,57.55,57.75,248,EQ,,,
2012-01-16,58.45,58.45,57.35,57.6,119,EQ,,,
2012-01-17,57.55,58.65,57.55,58.4,1084,EQ,,,
2012-01-18,58.4,58.65,57.35,58.25,9173,EQ,,,
2012-01-19,57.6,58.35,57.6,58.2,66,EQ,,,
2012-01-20,57.35,58.0,57.0,57.35,111,EQ,,,
2012-01-23,57.4,57.95,57.0,57.1,385,EQ,,,
2012-01-24,56.85,58.0,56.85,57.45,287,EQ,,,
2012-01-25,58.0,59.35,57.65,59.05,2617,EQ,,,
2012-01-27,58.65,58.65,57.8,58.4,254,EQ,,,
2012-01-30,58.35,58.35,57.55,57.75,303,EQ,,,
2012-01-31,58.35,58.35,57.65,57.95,1327,EQ,,,
2012-02-01,58.05,59.2,58.05,58.5,2093,EQ,,,
2012-02-02,58.65,58.65,58.15,58.55,458,EQ,,,
2012-02-03,58.65,59.35,57.65,58.05,27504,EQ,,,
2012-02-06,58.55,60.35,58.55,60.05,3859,EQ,,,
2012-02-07,59.65,60.35,59.35,59.35,115028,EQ,,,
2012-02-08,59.35,59.65,58.8,58.85,615,EQ,,,
2012-02-09,59.35,59.45,58.8,59.15,10574,EQ,,,
2012-02-10,59.45,59.45,58.75,59.1,670,EQ,,,
2012-02-13,59.35,59.35,58.05,58.15,487,EQ,,,
2012-02-14,57.6,58.65,57.6,58.35,288,EQ,,,
2012-02-15,58.95,58.95,57.35,58.0,7379,EQ,,,
2012-02-16,57.65,57.65,57.35,57.45,430,EQ,,,
2012-02-17,58.35,58.35,57.4,57.65,18915,EQ,,,
2012-02-21,58.35,59.0,57.55,58.7,3759,EQ,,,
2012-02-22,58.15,58.85,58.0,58.25,1428,EQ,,,
2012-02-23,58.65,58.65,57.5,58.05,492,EQ,,,
2012-02-24,58.65,58.65,57.65,58.25,893,EQ,,,
2012-02-27,57.65,58.55,57.55,57.85,1099,EQ,,,
2012-02-28,57.95,58.95,57.95,58.65,622,EQ,,,
2012-02-29,58.65,60.35,58.65,59.15,1181,EQ,,,
2012-03-01,59.35,60.0,59.0,59.75,3015,EQ,,,
2012-03-02,60.35,60.7,59.35,59.85,53493,EQ,,,
2012-03-03,59.05,59.35,59.05,59.35,4,EQ,,,
2012-03-05,60.0,60.25,59.45,59.95,1450,EQ,,,
2012-03-06,59.35,60.45,59.35,60.35,717,EQ,,,
2012-03-07,59.4,60.6,59.4,60.6,584,EQ,,,
2012-03-09,59.7,60.65,59.7,60.6,972,EQ,,,
2012-03-12,61.0,61.35,60.2,60.4,298,EQ,,,
2012-03-13,60.65,61.2,60.45,60.75,5007,EQ,,,
2012-03-14,60.95,61.25,60.0,60.95,2522,EQ,,,
2012-03-15,61.2,61.2,59.4,59.95,182,EQ,,,
2012-03-16,60.0,60.65,60.0,60.55,406,EQ,,,
2012-03-19,60.35,60.85,60.15,60.35,777,EQ,,,
2012-03-20,59.65,60.65,59.65,60.35,50790,EQ,,,
2012-03-21,60.65,60.95,60.3,60.4,807,EQ,,,
2012-03-22,60.15,60.65,60.1,60.3,806,EQ,,,
2012-03-23,60.65,60.65,60.2,60.65,508,EQ,,,
2012-03-26,60.65,60.95,60.05,60.35,737,EQ,,,
2012-03-27,60.4,60.45,59.45,59.65,1899,EQ,,,
2012-03-28,60.85,60.85,59.55,59.8,1185,EQ,,,
2012-03-29,59.7,60.0,59.4,59.6,2222,EQ,,,
2012-03-30,60.0,61.05,59.65,60.2,1903,EQ,,,
2012-04-02,60.6,60.75,60.15,60.2,313,EQ,,,
2012-04-03,59.95,62.0,59.95,60.65,114669,EQ,,,
2012-04-04,60.95,63.65,60.35,63.05,7988,EQ,,,
2012-04-09,63.35,64.6,63.1,63.7,1184,EQ,,,
2012-04-10,63.4,64.6,62.0,62.65,1076,EQ,,,
2012-04-11,62.0,62.65,61.35,61.6,948,EQ,,,
2012-04-12,62.65,62.65,60.05,60.7,1339,EQ,,,
2012-04-13,60.6,61.55,60.6,61.25,914,EQ,,,
2012-04-16,61.45,61.95,60.85,61.0,377,EQ,,,
2012-04-17,60.35,63.0,60.35,61.1,1452,EQ,,,
2012-04-18,61.35,62.5,61.35,61.7,759,EQ,,,
2012-04-19,61.85,61.85,61.05,61.1,200,EQ,,,
2012-04-20,60.95,61.35,60.65,60.85,311,EQ,,,
2012-04-23,61.95,62.35,60.65,60.85,100477,EQ,,,
2012-04-24,60.45,61.55,60.45,60.85,357,EQ,,,
2012-04-25,59.0,61.65,59.0,60.65,424,EQ,,,
2012-04-26,61.05,61.85,60.7,61.65,1038,EQ,,,
2012-04-27,61.35,62.55,61.35,62.25,950,EQ,,,
2012-04-28,62.35,62.35,62.35,62.35,30,EQ,,,
2012-04-30,62.3,62.4,61.1,62.35,890,EQ,,,
2012-05-02,61.45,62.85,61.35,61.4,2018,EQ,,,
2012-05-03,60.65,62.25,59.35,61.2,10774,EQ,,,
2012-05-04,62.35,62.35,59.8,60.35,1364,EQ,,,
2012-05-07,60.05,60.85,59.65,60.05,759,EQ,,,
2012-05-08,60.05,62.55,60.05,60.2,2580,EQ,,,
2012-05-09,59.35,63.35,59.35,61.05,213101,EQ,,,
2012-05-10,61.65,62.4,61.0,61.95,3426,EQ,,,
2012-05-11,62.0,62.35,60.65,60.85,2153,EQ,,,
2012-05-14,61.95,61.95,60.05,60.35,3281,EQ,,,
2012-05-15,60.15,60.8,60.15,60.6,2773,EQ,,,
2012-05-16,60.25,61.25,60.25,61.0,472,EQ,,,
2012-05-17,61.0,61.35,60.4,61.35,3971,EQ,,,
2012-05-18,61.05,61.7,60.95,61.05,2496,EQ,,,
2012-05-21,62.95,62.95,60.75,61.25,3127,EQ,,,
2012-05-22,61.0,61.2,60.75,60.95,2156,EQ,,,
2012-05-23,60.55,61.0,59.65,60.35,3569,EQ,,,
2012-05-24,60.95,63.35,60.0,62.05,3553,EQ,,,
2012-05-25,62.35,62.45,61.0,61.15,836,EQ,,,
2012-05-28,61.45,61.65,60.45,60.95,3111,EQ,,,
2012-05-29,61.05,61.05,60.55,60.6,788,EQ,,,
2012-05-30,60.6,60.8,60.35,60.65,2644,EQ,,,
2012-05-31,61.0,61.2,60.15,60.55,6729,EQ,,,
2012-06-01,61.35,61.35,60.15,60.15,7737,EQ,,,
2012-06-04,60.15,61.25,59.75,60.15,4636,EQ,,,
2012-06-05,61.2,61.8,60.3,61.45,4121,EQ,,,
2012-06-06,60.95,61.8,60.65,61.35,3965,EQ,,,
2012-06-07,61.65,61.8,60.65,60.95,926,EQ,,,
2012-06-08,60.65,61.65,60.4,61.4,5268,EQ,,,
2012-06-11,61.35,61.65,61.0,61.2,3629,EQ,,,
2012-06-12,61.0,61.35,60.35,60.65,6770,EQ,,,
2012-06-13,60.35,61.2,60.35,60.85,5325,EQ,,,
2012-06-14,60.95,61.2,60.25,60.35,5788,EQ,,,
2012-06-15,60.65,60.65,59.4,59.65,1078,EQ,,,
2012-06-18,59.45,60.35,59.0,59.15,1025,EQ,,,
2012-06-19,59.35,60.2,58.0,58.85,1191,EQ,,,
2012-06-20,59.85,59.85,58.0,58.45,2758,EQ,,,
2012-06-21,59.2,60.45,58.85,59.45,3062,EQ,,,
2012-06-22,59.45,59.55,59.15,59.45,53,EQ,,,
2012-06-25,60.25,60.8,59.0,60.45,5359,EQ,,,
2012-06-26,60.0,61.95,59.55,61.45,5967,EQ,,,
2012-06-27,61.15,62.2,60.85,61.8,2998,EQ,,,
2012-06-28,60.75,61.85,60.65,61.25,3190,EQ,,,
2012-06-29,61.65,64.35,60.85,63.55,32362,EQ,,,
2012-07-02,63.4,63.4,62.25,62.5,3384,EQ,,,
2012-07-03,62.2,63.15,61.25,61.45,11931,EQ,,,
2012-07-04,62.45,63.8,61.4,62.6,3395,EQ,,,
2012-07-05,61.95,64.05,61.85,63.35,4190,EQ,,,
2012-07-06,62.4,62.65,61.45,61.8,1185,EQ,,,
2012-07-09,62.2,62.2,60.35,60.55,1253,EQ,,,
2012-07-10,61.5,62.25,61.5,61.75,4934,EQ,,,
2012-07-11,61.65,62.0,61.65,61.65,2471,EQ,,,
2012-07-12,61.7,62.85,61.7,62.1,336,EQ,,,
2012-07-13,62.0,62.6,61.75,62.35,7940,EQ,,,
2012-07-16,62.75,62.75,61.65,61.65,1172,EQ,,,
2012-07-17,62.0,62.0,61.4,61.65,4053,EQ,,,
2012-07-18,62.6,62.6,61.4,61.45,4089,EQ,,,
2012-07-19,61.8,62.55,60.75,61.05,5071,EQ,,,
2012-07-20,60.35,60.85,59.75,60.0,987,EQ,,,
2012-07-23,60.6,61.25,60.05,60.85,200820,EQ,,,
2012-07-24,61.15,61.15,60.05,60.45,7069,EQ,,,
2012-07-25,60.0,60.8,59.35,59.75,337,EQ,,,
2012-07-26,60.65,60.65,58.65,59.65,1506,EQ,,,
2012-07-27,59.65,61.0,59.65,59.7,1173,EQ,,,
2012-07-30,60.6,60.75,59.65,60.05,210,EQ,,,
2012-07-31,59.65,61.3,58.85,59.05,997,EQ,,,
2012-08-01,59.95,60.6,58.25,59.15,7963,EQ,,,
2012-08-02,60.0,60.0,58.35,58.75,1688,EQ,,,
2012-08-03,59.65,61.35,59.35,60.05,2359,EQ,,,
2012-08-06,61.0,61.0,59.1,59.4,299,EQ,,,
2012-08-07,59.65,59.65,59.05,59.3,1285,EQ,,,
2012-08-08,59.05,59.65,58.85,59.05,1864,EQ,,,
2012-08-09,59.75,60.05,58.8,59.5,2711,EQ,,,
2012-08-10,59.65,59.65,57.7,58.25,1491,EQ,,,
2012-08-13,59.2,59.65,58.15,59.35,396,EQ,,,
2012-08-14,58.65,59.95,58.65,59.9,127,EQ,,,
2012-08-16,58.65,60.0,58.65,59.95,857,EQ,,,
2012-08-17,60.0,61.1,59.8,60.85,999,EQ,,,
2012-08-21,61.25,61.25,59.95,60.05,1167,EQ,,,
2012-08-22,60.65,60.65,60.05,60.2,45,EQ,,,
2012-08-23,60.2,60.95,60.0,60.0,102,EQ,,,
2012-08-24,60.65,60.65,60.0,60.05,137,EQ,,,
2012-08-27,60.25,61.05,59.65,60.35,405,EQ,,,
2012-08-28,60.35,60.65,59.65,60.4,2781,EQ,,,
2012-08-29,60.0,60.65,59.65,60.55,2618,EQ,,,
2012-08-30,60.35,61.0,59.65,60.0,19708,EQ,,,
2012-08-31,60.55,60.6,59.65,59.65,356,EQ,,,
2012-09-03,60.6,60.6,58.65,60.0,2569,EQ,,,
2012-09-04,60.45,60.45,59.15,59.25,7031,EQ,,,
2012-09-05,60.0,60.0,58.85,59.05,3374,EQ,,,
2012-09-06,59.55,59.55,59.0,59.0,236,EQ,,,
2012-09-07,58.75,59.55,58.65,58.95,656,EQ,,,
2012-09-08,60.0,60.35,58.8,59.85,15,EQ,,,
2012-09-10,59.65,59.65,57.45,58.65,1135,EQ,,,
2012-09-11,58.35,58.65,58.15,58.45,919,EQ,,,
2012-09-12,58.35,58.6,58.0,58.05,2648,EQ,,,
2012-09-13,60.0,60.0,57.65,58.05,1662,EQ,,,
2012-09-14,58.35,58.65,57.8,58.0,2196,EQ,,,
2012-09-17,58.95,61.0,58.0,60.0,4930,EQ,,,
2012-09-18,61.0,61.3,59.0,60.8,1660,EQ,,,
2012-09-20,61.0,62.05,59.65,60.9,601,EQ,,,
2012-09-21,60.0,61.45,59.35,61.15,1779,EQ,,,
2012-09-24,61.95,62.4,60.05,62.15,5307,EQ,,,
2012-09-25,62.55,62.65,60.65,61.0,1890,EQ,,,
2012-09-26,61.65,62.4,60.75,61.05,252765,EQ,,,
2012-09-27,61.35,61.65,61.05,61.05,1764,EQ,,,
2012-09-28,61.15,62.65,61.05,62.3,9255,EQ,,,
2012-10-01,62.35,62.6,61.45,62.35,241348,EQ,,,
2012-10-03,62.6,63.0,61.65,62.55,656,EQ,,,
2012-10-04,62.4,62.95,62.4,62.4,566,EQ,,,
2012-10-05,63.35,63.65,61.45,63.65,32187,EQ,,,
2012-10-08,62.4,63.0,62.05,62.65,473,EQ,,,
2012-10-09,62.65,63.35,62.65,62.75,1515,EQ,,,
2012-10-10,62.75,63.15,61.75,62.3,1422,EQ,,,
2012-10-11,62.4,62.4,62.05,62.2,139,EQ,,,
2012-10-12,61.65,63.0,61.65,62.75,751,EQ,,,
2012-10-15,62.15,64.6,62.15,64.35,2882,EQ,,,
2012-10-16,63.55,64.65,63.55,63.95,14472,EQ,,,
2012-10-17,64.0,65.65,64.0,65.05,83149,EQ,,,
2012-10-18,64.75,65.8,64.75,65.05,28156,EQ,,,
2012-10-19,65.65,65.65,62.8,63.95,4605,EQ,,,
2012-10-22,63.6,64.3,63.15,64.0,1376,EQ,,,
2012-10-23,64.35,64.35,63.15,63.7,332,EQ,,,
2012-10-25,63.65,64.35,63.65,63.7,393,EQ,,,
2012-10-26,64.35,64.35,63.4,63.55,332,EQ,,,
2012-10-29,63.4,64.0,60.55,60.9,4612,EQ,,,
2012-10-30,60.55,63.0,60.55,62.55,1847,EQ,,,
2012-10-31,61.65,64.2,61.0,63.45,1027,EQ,,,
2012-11-01,64.2,64.55,63.35,63.95,321,EQ,,,
2012-11-02,64.6,64.6,62.65,63.15,307,EQ,,,
2012-11-05,62.75,63.95,61.8,62.2,10762,EQ,,,
2012-11-06,62.0,65.65,61.85,65.1,3723,EQ,,,
2012-11-07,64.65,64.95,63.0,63.45,601,EQ,,,
2012-11-08,64.65,65.75,63.35,64.45,2061,EQ,,,
2012-11-09,64.65,64.65,63.4,63.85,1219,EQ,,,
2012-11-12,63.85,66.65,62.5,65.65,263785,EQ,,,
2012-11-13,65.0,69.65,64.8,68.8,3362,EQ,,,
2012-11-15,68.95,69.05,66.75,68.0,3944,EQ,,,
2012-11-16,68.0,68.05,66.15,67.05,12310,EQ,,,
2012-11-19,68.0,69.55,60.45,66.65,14645,EQ,,,
2012-11-20,66.05,67.35,64.95,65.65,4951,EQ,,,
2012-11-21,65.35,65.85,64.3,65.45,4928,EQ,,,
2012-11-22,65.05,65.55,64.35,65.05,5268,EQ,,,
2012-11-23,64.65,65.75,64.6,65.4,894,EQ,,,
2012-11-26,65.8,65.95,64.15,64.85,1262,EQ,,,
2012-11-27,66.0,68.05,65.45,66.65,7026,EQ,,,
2012-11-29,66.6,74.0,65.55,72.65,25849,EQ,,,
2012-11-30,75.85,75.95,70.0,72.15,22856,EQ,,,
2012-12-03,72.0,73.35,70.35,70.65,3996,EQ,,,
2012-12-04,70.75,72.0,70.65,71.0,58330,EQ,,,
2012-12-05,70.65,72.65,69.1,72.35,9697,EQ,,,
2012-12-06,73.35,73.35,70.7,71.3,1512,EQ,,,
2012-12-07,72.0,72.35,69.85,70.15,1041,EQ,,,
2012-12-10,70.15,70.65,68.0,69.85,6253,EQ,,,
2012-12-11,69.6,70.95,68.65,69.5,3654,EQ,,,
2012-12-12,70.0,70.65,68.75,69.0,389,EQ,,,
2012-12-13,69.35,70.95,68.65,70.25,11701,EQ,,,
2012-12-14,70.65,71.2,69.65,70.45,4048,EQ,,,
2012-12-17,69.1,72.65,69.1,72.15,119752,EQ,,,
2012-12-18,71.1,72.65,69.35,71.65,62337,EQ,,,
2012-12-19,71.6,72.35,71.15,71.9,42018,EQ,,,
2012-12-20,71.7,72.15,71.65,71.65,13060,EQ,,,
2012-12-21,71.65,72.45,71.65,71.9,15684,EQ,,,
2012-12-24,71.85,72.6,71.85,72.35,4823,EQ,,,
2012-12-26,72.25,76.3,72.25,73.35,19661,EQ,,,
2012-12-27,73.35,75.9,72.5,73.85,20355,EQ,,,
2012-12-28,75.35,75.35,73.35,74.2,7935,EQ,,,
2012-12-31,74.35,75.35,73.75,74.4,3797,EQ,,,
2013-01-01,74.65,75.15,73.0,74.3,914,EQ,,,
2013-01-02,74.45,74.65,73.65,74.3,11326,EQ,,,
2013-01-03,74.0,75.0,74.0,74.25,2680,EQ,,,
2013-01-04,74.95,74.95,73.55,73.75,3715,EQ,,,
2013-01-07,73.35,74.25,72.65,74.0,22526,EQ,,,
2013-01-08,73.65,74.5,73.45,74.25,2123,EQ,,,
2013-01-09,74.35,75.0,74.0,74.55,2019,EQ,,,
2013-01-10,74.95,74.95,74.0,74.05,927,EQ,,,
2013-01-11,74.45,74.45,73.55,73.6,2833,EQ,,,
2013-01-14,74.0,74.35,73.75,73.95,16243,EQ,,,
2013-01-15,73.65,74.95,73.45,74.85,3856,EQ,,,
2013-01-16,74.8,74.8,73.15,73.4,2216,EQ,,,
2013-01-17,73.5,73.85,72.0,72.3,2167,EQ,,,
2013-01-18,72.0,73.05,70.55,70.65,981,EQ,,,
2013-01-21,70.65,73.35,70.65,72.7,3878,EQ,,,
2013-01-22,73.6,74.0,71.35,72.25,833,EQ,,,
2013-01-23,72.0,72.0,70.0,71.45,2988,EQ,,,
2013-01-24,71.4,71.65,69.95,70.15,1406,EQ,,,
2013-01-25,70.0,70.0,66.75,69.25,3577,EQ,,,
2013-01-28,68.65,70.0,68.65,69.4,580,EQ,,,
2013-01-29,71.0,74.35,67.65,72.05,2818,EQ,,,
2013-01-30,72.65,72.65,71.1,71.65,1369,EQ,,,
2013-01-31,71.0,72.45,71.0,72.35,1046,EQ,,,
2013-02-01,73.2,74.65,71.75,73.75,4218,EQ,,,
2013-02-04,74.35,75.35,74.15,74.65,2210,EQ,,,
2013-02-05,74.05,78.7,74.0,76.35,19342,EQ,,,
2013-02-06,76.65,77.65,74.8,76.55,90118,EQ,,,
2013-02-07,75.85,77.35,75.85,76.55,76188,EQ,,,
2013-02-08,76.55,77.65,76.35,76.55,3990,EQ,,,
2013-02-11,76.35,77.0,76.15,76.6,6470,EQ,,,
2013-02-12,75.85,77.0,75.85,76.55,58040,EQ,,,
2013-02-13,76.35,76.75,75.35,76.25,3037,EQ,,,
2013-02-14,76.35,76.35,75.05,75.7,2896,EQ,,,
2013-02-15,75.65,76.25,74.8,75.85,2853,EQ,,,
2013-02-18,76.65,77.15,76.15,76.35,2766,EQ,,,
2013-02-19,75.45,76.35,74.8,75.85,1328,EQ,,,
2013-02-20,75.65,76.65,75.65,76.45,1730,EQ,,,
2013-02-21,76.0,77.05,76.0,76.65,52212,EQ,,,
2013-02-22,76.65,77.45,76.25,76.65,2672,EQ,,,
2013-02-25,76.4,76.75,76.4,76.55,16251,EQ,,,
2013-02-26,76.35,77.35,76.0,77.35,54323,EQ,,,
2013-02-27,76.0,81.35,76.0,77.3,10736,EQ,,,
2013-02-28,77.35,78.6,76.7,77.35,6698,EQ,,,
2013-03-01,77.6,79.35,77.35,78.95,6101,EQ,,,
2013-03-04,79.65,80.35,76.0,78.65,4314,EQ,,,
2013-03-05,79.0,79.0,77.2,77.55,2809,EQ,,,
2013-03-06,77.35,78.0,77.2,77.35,3031,EQ,,,
2013-03-07,77.65,77.65,76.65,77.35,2607,EQ,,,
2013-03-08,76.8,78.0,76.65,77.55,2559,EQ,,,
2013-03-11,78.0,78.95,77.35,78.05,2026,EQ,,,
2013-03-12,78.85,78.85,75.65,76.55,1633,EQ,,,
2013-03-13,77.0,77.0,76.0,76.65,3183,EQ,,,
2013-03-14,76.65,76.65,74.8,75.35,660,EQ,,,
2013-03-15,76.0,76.55,74.8,74.95,73,EQ,,,
2013-03-18,76.0,77.0,75.15,76.9,3772,EQ,,,
2013-03-19,77.35,78.65,76.25,77.95,4412,EQ,,,
2013-03-20,77.35,78.8,77.35,78.4,1569,EQ,,,
2013-03-21,79.25,79.35,75.2,79.0,5641,EQ,,,
2013-03-22,76.75,82.65,76.75,81.45,6067,EQ,,,
2013-03-25,81.25,82.6,77.35,80.35,5275,EQ,,,
2013-03-26,81.35,82.65,79.0,82.05,13575,EQ,,,
2013-03-28,80.0,83.65,80.0,82.3,43357,EQ,,,
2013-04-01,82.25,83.65,80.15,81.45,799,EQ,,,
2013-04-02,78.5,83.35,77.2,82.65,119454,EQ,,,
2013-04-03,82.0,83.35,81.0,81.6,1696,EQ,,,
2013-04-04,81.0,83.2,80.0,80.0,3661,EQ,,,
2013-04-05,80.0,83.35,78.55,79.45,189212,EQ,,,
2013-04-08,80.0,80.0,76.7,77.75,987,EQ,,,
2013-04-09,74.0,79.2,74.0,77.7,2748,EQ,,,
2013-04-10,76.95,78.85,76.95,78.65,11433,EQ,,,
2013-04-11,78.65,79.35,78.35,78.65,181,EQ,,,
2013-04-12,79.35,79.35,78.0,78.35,177,EQ,,,
2013-04-15,77.35,79.6,77.35,78.65,58716,EQ,,,
2013-04-16,77.85,79.35,77.65,78.65,4108,EQ,,,
2013-04-17,78.35,79.0,78.35,78.75,3812,EQ,,,
2013-04-18,78.0,79.1,78.0,78.65,25166,EQ,,,
2013-04-22,77.65,80.6,77.65,79.75,6339,EQ,,,
2013-04-23,80.0,80.35,79.3,79.35,1887,EQ,,,
2013-04-25,78.55,80.0,78.55,79.35,3313,EQ,,,
2013-04-26,78.75,79.65,77.65,79.35,2799,EQ,,,
2013-04-29,79.35,79.6,78.65,79.35,4225,EQ,,,
2013-04-30,79.35,79.65,79.15,79.55,2290,EQ,,,
2013-05-02,79.65,80.6,79.25,80.05,2188,EQ,,,
2013-05-03,79.65,81.0,79.55,80.75,10016,EQ,,,
2013-05-06,82.65,85.25,81.05,81.55,8196,EQ,,,
2013-05-07,83.35,83.35,79.55,80.3,120359,EQ,,,
2013-05-08,80.25,82.95,80.05,82.1,12752,EQ,,,
2013-05-09,82.55,82.65,76.85,79.95,14010,EQ,,,
2013-05-10,80.35,81.65,79.35,80.95,3517,EQ,,,
2013-05-11,80.65,81.85,80.35,81.55,386,EQ,,,
2013-05-13,80.35,83.0,80.35,80.55,1582,EQ,,,
2013-05-14,82.2,83.25,80.65,81.35,6070,EQ,,,
2013-05-15,82.0,83.8,81.25,82.45,4325,EQ,,,
2013-05-16,82.0,83.35,80.35,81.55,3535,EQ,,,
2013-05-17,82.35,82.35,80.45,80.7,624,EQ,,,
2013-05-20,80.8,81.2,80.4,80.45,1134,EQ,,,
2013-05-21,80.35,81.65,79.0,79.65,1232,EQ,,,
2013-05-22,80.0,80.95,79.85,80.0,6155,EQ,,,
2013-05-23,81.35,81.35,77.9,78.4,871,EQ,,,
2013-05-24,78.65,79.95,77.5,78.35,825,EQ,,,
2013-05-27,79.25,80.0,78.25,78.65,211,EQ,,,
2013-05-28,77.85,79.2,73.35,78.05,760,EQ,,,
2013-05-29,78.4,79.6,77.25,79.35,10714,EQ,,,
2013-05-30,79.65,79.8,78.35,79.65,327,EQ,,,
2013-05-31,79.15,80.65,78.65,79.0,570,EQ,,,
2013-06-03,80.0,80.65,78.75,80.15,1561,EQ,,,
2013-06-04,80.0,87.0,79.75,82.7,9636,EQ,,,
2013-06-05,82.65,86.6,81.35,86.15,8654,EQ,,,
2013-06-06,86.0,88.0,83.45,84.1,4281,EQ,,,
2013-06-07,83.75,85.35,81.15,83.35,5631,EQ,,,
2013-06-10,81.65,86.55,81.65,82.05,1574,EQ,,,
2013-06-11,83.35,83.35,77.4,78.3,9353,EQ,,,
2013-06-12,77.4,80.35,76.65,78.5,1552,EQ,,,
2013-06-13,79.25,79.85,76.0,77.0,2815,EQ,,,
2013-06-14,78.0,78.0,76.65,77.05,2507,EQ,,,
2013-06-17,77.05,79.0,77.05,78.1,8184,EQ,,,
2013-06-18,77.65,78.55,77.1,78.25,5863,EQ,,,
2013-06-19,78.0,79.35,78.0,78.3,2359,EQ,,,
2013-06-20,77.05,78.6,77.05,78.1,6483,EQ,,,
2013-06-21,78.65,78.65,78.15,78.2,4091,EQ,,,
2013-06-24,77.05,78.9,77.05,77.75,5245,EQ,,,
2013-06-25,78.35,78.55,78.15,78.25,5684,EQ,,,
2013-06-26,78.35,78.5,77.75,78.25,4105,EQ,,,
2013-06-27,78.4,78.55,78.15,78.3,2148,EQ,,,
2013-06-28,77.35,78.45,77.35,78.35,5578,EQ,,,
2013-07-01,78.35,78.45,78.05,78.3,4961,EQ,,,
2013-07-02,78.35,79.65,78.0,78.45,9617,EQ,,,
2013-07-03,78.0,78.4,73.65,74.85,6755,EQ,,,
2013-07-04,75.35,76.9,75.35,76.55,988,EQ,,,
2013-07-05,77.0,77.0,75.0,75.8,1115,EQ,,,
2013-07-08,76.25,76.65,75.55,76.35,1882,EQ,,,
2013-07-09,76.35,78.0,76.0,77.65,1064,EQ,,,
2013-07-10,78.0,78.85,77.35,77.75,1245,EQ,,,
2013-07-11,78.65,78.65,76.95,77.1,1746,EQ,,,
2013-07-12,77.25,78.35,75.9,77.95,770,EQ,,,
2013-07-15,78.35,78.5,77.6,78.45,4501,EQ,,,
2013-07-16,78.6,78.65,77.65,78.05,1493,EQ,,,
2013-07-17,78.15,78.55,77.35,78.3,3178,EQ,,,
2013-07-18,78.55,78.65,78.0,78.35,2454,EQ,,,
2013-07-19,78.35,78.8,77.6,77.75,2075,EQ,,,
2013-07-22,78.35,78.65,78.0,78.2,1685,EQ,,,
2013-07-23,78.35,78.45,78.0,78.2,2951,EQ,,,
2013-07-24,78.2,78.95,77.75,78.5,1969,EQ,,,
2013-07-25,78.35,79.35,76.85,78.05,3568,EQ,,,
2013-07-26,77.65,78.6,77.35,78.0,4583,EQ,,,
2013-07-29,78.35,78.4,77.65,78.1,10641,EQ,,,
2013-07-30,78.0,78.4,77.85,78.15,3029,EQ,,,
2013-07-31,78.35,78.65,77.85,78.55,6611,EQ,,,
2013-08-01,79.0,79.0,77.0,77.25,5541,EQ,,,
2013-08-02,78.35,78.35,76.4,77.3,484,EQ,,,
2013-08-05,75.35,77.35,73.45,74.0,746,EQ,,,
2013-08-06,73.15,75.0,70.4,71.45,2240,EQ,,,
2013-08-07,70.65,72.15,70.65,70.95,151,EQ,,,
2013-08-08,70.65,72.2,69.55,70.05,900,EQ,,,
2013-08-12,69.35,70.85,69.35,70.05,258,EQ,,,
2013-08-13,70.65,73.65,70.05,70.35,1114,EQ,,,
2013-08-14,71.3,72.0,70.65,71.5,660,EQ,,,
2013-08-16,72.35,72.65,70.35,72.05,739,EQ,,,
2013-08-19,71.05,73.0,71.0,71.45,1842,EQ,,,
2013-08-20,72.35,72.35,70.75,71.4,2305,EQ,,,
2013-08-21,72.0,72.1,71.05,71.7,2211,EQ,,,
2013-08-22,71.0,71.55,70.65,70.9,2177,EQ,,,
2013-08-23,70.65,72.0,69.55,70.9,243,EQ,,,
2013-08-26,71.65,71.75,70.65,71.1,150,EQ,,,
2013-08-27,70.65,73.65,70.65,71.95,2182,EQ,,,
2013-08-28,73.55,73.55,72.0,72.0,1466,EQ,,,
2013-08-29,70.75,72.35,70.75,72.0,2508,EQ,,,
2013-08-30,72.0,72.25,71.1,72.15,5917,EQ,,,
2013-09-02,71.8,72.45,70.15,70.45,626,EQ,,,
2013-09-03,71.65,71.65,69.0,69.45,358,EQ,,,
2013-09-04,69.45,70.35,68.95,69.2,230,EQ,,,
2013-09-05,69.15,73.95,69.0,71.25,2308,EQ,,,
2013-09-06,71.0,72.25,70.25,70.95,811,EQ,,,
2013-09-10,70.8,74.6,70.65,73.35,2060,EQ,,,
2013-09-11,73.0,74.0,72.8,73.35,449,EQ,,,
2013-09-12,74.0,74.0,72.35,73.15,118,EQ,,,
2013-09-13,73.65,73.85,73.05,73.35,367,EQ,,,
2013-09-16,73.35,73.7,71.35,72.15,731,EQ,,,
2013-09-17,71.7,72.45,70.95,71.75,242,EQ,,,
2013-09-18,71.05,72.65,71.05,72.45,120,EQ,,,
2013-09-19,73.0,73.35,70.75,72.1,1142,EQ,,,
2013-09-20,72.05,74.65,71.05,73.95,1448,EQ,,,
2013-09-23,73.35,74.65,73.35,74.15,503,EQ,,,
2013-09-24,74.65,75.3,74.35,74.85,1540,EQ,,,
2013-09-25,75.35,75.65,74.45,75.55,3057,EQ,,,
2013-09-26,74.05,75.65,73.35,73.85,7425,EQ,,,
2013-09-27,74.65,82.35,74.65,81.45,6409,EQ,,,
2013-09-30,84.0,84.0,81.65,82.5,18489,EQ,,,
2013-10-01,82.15,82.65,80.35,81.1,3505,EQ,,,
2013-10-03,80.35,80.55,77.8,78.35,4228,EQ,,,
2013-10-04,79.85,79.85,78.0,78.65,953,EQ,,,
2013-10-07,77.65,78.65,77.6,78.2,718,EQ,,,
2013-10-08,77.65,78.1,76.85,76.9,1558,EQ,,,
2013-10-09,76.75,77.35,76.45,76.65,1038,EQ,,,
2013-10-10,76.45,77.6,76.45,77.25,2334,EQ,,,
2013-10-11,76.8,79.65,76.8,77.6,1997,EQ,,,
2013-10-14,65.45,78.65,65.45,77.4,2601,EQ,,,
2013-10-15,77.25,77.25,75.75,76.5,1177,EQ,,,
2013-10-17,76.4,77.8,75.75,77.1,1659,EQ,,,
2013-10-18,76.65,77.35,76.55,76.95,1719,EQ,,,
2013-10-21,78.0,78.35,76.55,77.3,3986,EQ,,,
2013-10-22,77.65,79.35,77.05,77.55,2020,EQ,,,
2013-10-23,78.2,78.35,76.7,76.9,663,EQ,,,
2013-10-24,76.65,77.75,76.35,76.65,946,EQ,,,
2013-10-25,76.65,76.9,76.5,76.65,1524,EQ,,,
2013-10-28,77.0,77.35,76.65,76.65,706,EQ,,,
2013-10-29,76.65,79.65,76.65,78.0,32092,EQ,,,
2013-10-30,78.0,79.0,77.45,77.6,685,EQ,,,
2013-10-31,78.6,78.6,76.65,76.8,665,EQ,,,
2013-11-01,77.25,81.0,77.25,79.3,28173,EQ,,,
2013-11-03,79.0,79.05,77.65,78.35,299,EQ,,,
2013-11-05,79.0,80.0,76.85,77.55,889,EQ,,,
2013-11-06,77.05,78.35,76.8,77.05,1531,EQ,,,
2013-11-07,76.65,77.65,75.45,76.55,1564,EQ,,,
2013-11-08,75.65,76.65,74.55,75.65,626,EQ,,,
2013-11-11,74.85,76.25,74.8,75.6,488,EQ,,,
2013-11-12,75.8,76.6,75.2,75.55,76616,EQ,,,
2013-11-13,75.55,75.95,75.0,75.5,631,EQ,,,
2013-11-14,75.65,76.35,75.0,75.25,38527,EQ,,,
2013-11-18,76.65,76.65,74.65,75.15,364,EQ,,,
2013-11-19,74.8,75.85,74.45,74.7,577,EQ,,,
2013-11-20,75.35,75.35,74.0,74.45,436,EQ,,,
2013-11-21,74.0,74.85,72.35,72.65,1814,EQ,,,
2013-11-22,72.8,73.35,71.0,71.95,3827,EQ,,,
2013-11-25,71.95,73.0,71.0,71.8,1083,EQ,,,
2013-11-26,71.45,72.4,69.2,69.55,4095,EQ,,,
2013-11-27,69.55,70.65,69.15,69.9,2064,EQ,,,
2013-11-28,70.35,71.0,69.35,70.25,2851,EQ,,,
2013-11-29,71.0,71.35,69.15,70.15,3940,EQ,,,
2013-12-02,72.0,72.0,66.55,69.8,58297,EQ,,,
2013-12-03,70.35,71.25,69.9,70.75,481,EQ,,,
2013-12-04,70.75,72.65,70.15,72.15,1145,EQ,,,
2013-12-05,72.35,72.6,70.75,71.05,11034,EQ,,,
2013-12-06,71.95,75.35,71.95,73.8,6025,EQ,,,
2013-12-09,74.0,74.8,73.0,73.35,2424,EQ,,,
2013-12-10,73.15,74.15,73.15,73.75,2623,EQ,,,
2013-12-11,73.35,74.35,73.35,74.25,230,EQ,,,
2013-12-12,74.65,74.65,73.35,73.4,1034,EQ,,,
2013-12-13,73.4,75.2,73.35,74.45,20469,EQ,,,
2013-12-16,74.65,75.15,73.45,73.6,713,EQ,,,
2013-12-17,73.35,74.35,71.55,72.0,1383,EQ,,,
2013-12-18,73.65,73.65,70.8,71.3,2393,EQ,,,
2013-12-19,70.75,72.65,70.75,71.6,521,EQ,,,
2013-12-20,72.45,73.0,70.35,70.85,2771,EQ,,,
2013-12-23,70.85,74.05,70.85,71.85,888,EQ,,,
2013-12-24,71.95,74.0,71.35,72.0,342,EQ,,,
2013-12-26,71.95,72.45,71.95,72.2,446,EQ,,,
2013-12-27,72.35,72.65,71.85,72.05,637,EQ,,,
2013-12-30,71.95,76.65,71.85,74.6,3192,EQ,,,
2013-12-31,73.95,79.0,73.95,78.0,8743,EQ,,,
2014-01-01,75.35,77.7,74.9,76.2,1395,EQ,,,
2014-01-02,76.05,76.75,75.0,75.45,963,EQ,,,
2014-01-03,75.35,76.95,75.05,76.35,476,EQ,,,
2014-01-06,76.65,76.65,75.0,75.3,538,EQ,,,
2014-01-07,75.35,79.6,75.05,76.95,127576,EQ,,,
2014-01-08,77.65,79.0,76.7,77.85,13496,EQ,,,
2014-01-09,77.35,78.35,76.35,78.2,9671,EQ,,,
2014-01-10,77.95,80.0,77.35,77.65,5146,EQ,,,
2014-01-13,77.45,77.95,76.1,76.55,707,EQ,,,
2014-01-14,76.55,77.55,75.35,76.6,1484,EQ,,,
2014-01-15,77.35,77.35,75.15,75.55,115173,EQ,,,
2014-01-16,75.35,76.35,75.35,75.85,599,EQ,,,
2014-01-17,76.0,76.0,74.65,75.05,1097,EQ,,,
2014-01-20,75.35,75.85,74.8,75.15,2510,EQ,,,
2014-01-21,75.35,75.65,74.25,75.05,9169,EQ,,,
2014-01-22,75.55,75.55,72.7,72.75,3670,EQ,,,
2014-01-23,73.55,73.55,72.0,72.25,812,EQ,,,
2014-01-24,71.85,72.0,69.55,70.2,1992,EQ,,,
2014-01-27,70.0,70.4,69.35,69.65,254,EQ,,,
2014-01-28,69.45,70.2,68.85,69.3,981,EQ,,,
2014-01-29,70.65,71.15,68.75,70.15,1824,EQ,,,
2014-01-30,70.65,71.6,69.45,70.95,882,EQ,,,
2014-01-31,70.75,71.65,69.9,71.05,331,EQ,,,
2014-02-03,71.05,72.65,70.0,70.65,728,EQ,,,
2014-02-04,69.35,70.7,68.65,69.75,870,EQ,,,
2014-02-05,70.05,70.15,66.65,68.4,205167,EQ,,,
2014-02-06,69.35,70.65,68.0,68.7,1656,EQ,,,
2014-02-07,68.45,69.65,67.65,68.65,2548,EQ,,,
2014-02-10,69.35,70.35,68.65,69.95,659,EQ,,,
2014-02-11,69.35,70.0,68.8,69.5,290,EQ,,,
2014-02-12,69.35,69.45,68.65,68.8,287,EQ,,,
2014-02-13,68.65,69.15,68.05,68.65,1567,EQ,,,
2014-02-14,69.55,69.6,68.35,68.85,169,EQ,,,
2014-02-17,68.95,69.0,67.35,67.95,359,EQ,,,
2014-02-18,67.85,68.35,65.05,68.05,3898,EQ,,,
2014-02-19,68.35,69.15,67.05,68.9,1800,EQ,,,
2014-02-20,70.0,70.0,68.25,68.25,423,EQ,,,
2014-02-21,68.65,68.8,67.15,68.15,840,EQ,,,
2014-02-24,67.35,69.0,67.35,68.95,428,EQ,,,
2014-02-25,68.65,70.05,68.35,69.95,655,EQ,,,
2014-02-26,69.35,69.45,68.35,68.65,622,EQ,,,
2014-02-28,67.7,68.75,67.7,68.4,534,EQ,,,
2014-03-03,67.65,68.65,67.65,68.45,17126,EQ,,,
2014-03-04,68.0,68.65,67.85,68.5,3908,EQ,,,
2014-03-05,68.65,70.35,68.65,69.85,3046,EQ,,,
2014-03-06,69.0,70.55,69.0,70.3,1898,EQ,,,
2014-03-07,70.35,70.65,68.9,70.05,2232,EQ,,,
2014-03-10,69.0,70.1,68.95,69.05,716,EQ,,,
2014-03-11,69.25,70.0,68.0,68.65,1324,EQ,,,
2014-03-12,68.15,68.35,55.05,67.6,3495,EQ,,,
2014-03-13,67.7,68.65,66.0,68.2,1661,EQ,,,
2014-03-14,67.65,67.95,67.0,67.55,774,EQ,,,
2014-03-18,67.55,69.25,64.35,68.1,6093,EQ,,,
2014-03-19,68.15,69.15,67.65,69.0,2090,EQ,,,
2014-03-20,69.15,69.15,67.65,68.45,895,EQ,,,
2014-03-21,68.75,70.55,68.75,70.35,97003,EQ,,,
2014-03-22,70.9,71.35,70.05,70.95,765,EQ,,,
2014-03-24,70.65,70.65,69.35,70.15,1497,EQ,,,
2014-03-25,70.15,71.15,70.15,70.8,796,EQ,,,
2014-03-26,71.35,79.85,70.65,78.25,27100,EQ,,,
2014-03-27,78.35,78.35,75.35,76.8,6520,EQ,,,
2014-03-28,76.45,78.75,75.75,78.65,9618,EQ,,,
2014-03-31,78.65,79.65,75.5,78.95,11029,EQ,,,
2014-04-01,77.45,78.75,76.65,78.0,2289,EQ,,,
2014-04-02,77.6,78.0,76.9,77.8,449,EQ,,,
2014-04-03,77.8,78.35,76.0,76.95,2205,EQ,,,
2014-04-04,75.75,76.65,75.75,76.15,2457,EQ,,,
2014-04-07,78.35,78.35,76.0,76.1,580,EQ,,,
2014-04-09,76.0,77.85,76.0,76.8,985,EQ,,,
2014-04-10,76.85,77.65,74.0,75.15,2277,EQ,,,
2014-04-11,74.35,76.0,74.35,75.8,1492,EQ,,,
2014-04-15,75.8,75.8,72.65,74.1,1475,EQ,,,
2014-04-16,75.15,75.4,74.0,75.35,942,EQ,,,
2014-04-17,74.05,76.8,73.9,75.65,1952,EQ,,,
2014-04-21,74.4,77.95,74.4,77.7,2982,EQ,,,
2014-04-22,77.65,79.75,77.65,78.7,2955,EQ,,,
2014-04-23,79.6,79.65,76.65,78.0,2179,EQ,,,
2014-04-25,77.05,77.35,76.05,76.45,1394,EQ,,,
2014-04-28,77.1,78.65,77.1,78.45,2616,EQ,,,
2014-04-29,78.35,79.2,78.35,78.9,3340,EQ,,,
2014-04-30,78.65,88.65,78.35,83.9,45045,EQ,,,
2014-05-02,83.6,84.35,80.8,82.85,11818,EQ,,,
2014-05-05,83.0,83.65,81.45,82.65,4140,EQ,,,
2014-05-06,82.6,83.6,82.45,82.85,2786,EQ,,,
2014-05-07,82.45,84.4,81.05,84.0,8943,EQ,,,
2014-05-08,84.2,86.35,84.0,84.65,4126,EQ,,,
2014-05-09,84.65,85.55,83.1,85.0,70080,EQ,,,
2014-05-12,84.65,85.35,83.45,84.95,6423,EQ,,,
2014-05-13,84.0,84.65,83.55,84.05,4573,EQ,,,
2014-05-14,84.05,84.95,83.05,84.2,2294,EQ,,,
2014-05-15,82.65,85.65,82.65,85.05,4123,EQ,,,
2014-05-16,85.35,85.35,82.75,82.85,10639,EQ,,,
2014-05-19,82.05,86.6,81.65,84.2,5257,EQ,,,
2014-05-20,86.0,86.0,83.45,85.45,976,EQ,,,
2014-05-21,86.35,86.35,84.55,85.85,1781,EQ,,,
2014-05-22,85.05,91.95,85.0,90.8,6685,EQ,,,
2014-05-23,90.05,92.0,88.35,90.95,1925,EQ,,,
2014-05-26,91.0,92.0,91.0,91.05,4526,EQ,,,
2014-05-27,90.15,91.35,90.0,90.0,2622,EQ,,,
2014-05-28,90.95,92.0,90.0,90.65,1122,EQ,,,
2014-05-29,90.0,90.55,88.0,89.35,1783,EQ,,,
2014-05-30,89.65,93.2,87.35,90.55,3658,EQ,,,
2014-06-02,90.25,93.0,88.15,90.75,1946,EQ,,,
2014-06-03,90.2,92.95,89.35,90.65,981,EQ,,,
2014-06-04,91.3,92.0,90.4,90.7,189,EQ,,,
2014-06-05,92.35,92.35,89.75,90.35,5696,EQ,,,
2014-06-06,90.35,92.65,90.0,91.3,5723,EQ,,,
2014-06-09,92.0,95.55,92.0,92.3,2533,EQ,,,
2014-06-10,91.35,94.9,90.0,93.65,5894,EQ,,,
2014-06-11,93.65,93.95,92.05,92.2,1286,EQ,,,
2014-06-12,92.0,93.35,90.4,91.05,447,EQ,,,
2014-06-13,92.65,92.65,78.75,88.85,2962,EQ,,,
2014-06-16,88.85,89.65,88.8,89.35,830,EQ,,,
2014-06-17,89.6,91.35,88.65,90.65,601,EQ,,,
2014-06-18,90.25,92.0,89.85,91.15,672,EQ,,,
2014-06-19,89.7,91.35,88.85,91.0,856,EQ,,,
2014-06-20,90.95,91.65,90.05,90.45,311,EQ,,,
2014-06-23,89.35,91.65,89.15,91.3,866,EQ,,,
2014-06-24,90.15,91.25,89.65,89.95,546,EQ,,,
2014-06-25,89.75,91.25,89.75,90.85,1479,EQ,,,
2014-06-26,91.65,91.65,90.15,91.05,548,EQ,,,
2014-06-27,90.55,93.0,90.55,92.3,2801,EQ,,,
2014-06-30,91.4,97.0,90.15,96.3,2291,EQ,,,
2014-07-01,95.15,100.65,93.8,100.0,5110,EQ,,,
2014-07-02,100.0,100.6,97.0,99.3,3450,EQ,,,
2014-07-03,99.3,108.55,99.3,106.55,14028,EQ,,,
2014-07-04,108.0,111.2,105.35,110.25,6969,EQ,,,
2014-07-07,111.0,112.0,105.65,106.7,3399,EQ,,,
2014-07-08,106.65,108.0,104.0,104.75,19230,EQ,,,
2014-07-09,104.65,106.65,103.6,104.3,1044,EQ,,,
2014-07-10,103.0,106.0,102.1,104.95,1448,EQ,,,
2014-07-11,104.65,105.65,103.0,103.95,36438,EQ,,,
2014-07-14,104.65,104.65,101.35,101.75,2067,EQ,,,
2014-07-15,103.75,103.85,102.05,103.3,3132,EQ,,,
2014-07-16,103.85,104.45,101.7,102.95,40297,EQ,,,
2014-07-17,102.05,107.95,102.05,105.5,2129,EQ,,,
2014-07-18,106.65,106.65,103.6,104.8,3729,EQ,,,
2014-07-21,105.35,106.65,104.35,104.55,591,EQ,,,
2014-07-22,106.45,114.95,105.65,110.9,23424,EQ,,,
2014-07-23,112.55,112.65,108.75,109.7,4400,EQ,,,
2014-07-24,111.65,111.85,107.4,108.25,5669,EQ,,,
2014-07-25,108.35,108.35,103.55,104.85,3810,EQ,,,
2014-07-28,104.85,106.6,104.05,105.95,1775,EQ,,,
2014-07-30,106.25,107.2,104.65,106.55,825,EQ,,,
2014-07-31,106.35,106.65,105.35,106.2,928,EQ,,,
2014-08-01,105.65,106.35,104.65,105.05,1386,EQ,,,
2014-08-04,106.65,106.65,104.65,106.05,559,EQ,,,
2014-08-05,105.0,106.65,104.75,106.6,812,EQ,,,
2014-08-06,106.65,106.65,104.65,104.85,584,EQ,,,
2014-08-07,106.65,106.65,104.95,105.55,451,EQ,,,
2014-08-08,105.6,106.0,101.65,102.55,1191,EQ,,,
2014-08-11,104.55,104.95,102.65,103.85,785,EQ,,,
2014-08-12,104.55,106.0,102.7,103.35,151015,EQ,,,
2014-08-13,103.65,105.95,103.65,104.75,662,EQ,,,
2014-08-14,105.35,106.6,104.0,106.15,1601,EQ,,,
2014-08-18,106.65,106.65,103.9,104.5,2073,EQ,,,
2014-08-19,105.85,108.35,104.75,106.85,111776,EQ,,,
2014-08-20,106.65,108.0,106.0,106.65,1089,EQ,,,
2014-08-21,106.95,109.95,106.65,107.45,3234,EQ,,,
2014-08-22,108.0,110.0,107.35,108.55,1297,EQ,,,
2014-08-25,108.55,111.4,108.4,108.75,1887,EQ,,,
2014-08-26,108.75,109.25,107.65,108.35,1466,EQ,,,
2014-08-27,108.05,108.65,107.35,107.95,4509,EQ,,,
2014-08-28,110.0,110.0,106.0,107.75,7725,EQ,,,
2014-09-01,109.35,116.5,108.65,114.6,215329,EQ,,,
2014-09-02,116.35,116.4,113.55,113.85,2546,EQ,,,
2014-09-03,115.85,117.05,115.05,115.55,4764,EQ,,,
2014-09-04,116.45,119.35,115.35,116.8,5036,EQ,,,
2014-09-05,117.25,120.75,117.2,119.45,7499,EQ,,,
2014-09-08,118.75,124.95,118.75,122.75,8775,EQ,,,
2014-09-09,122.75,126.55,122.75,125.35,30195,EQ,,,
2014-09-10,125.35,130.0,125.3,127.9,181063,EQ,,,
2014-09-11,127.6,129.35,125.35,126.8,28737,EQ,,,
2014-09-12,128.2,130.95,127.55,128.0,11712,EQ,,,
2014-09-15,128.05,130.0,126.75,127.7,8599,EQ,,,
2014-09-16,129.35,129.35,122.8,123.3,5818,EQ,,,
2014-09-17,125.3,125.3,120.65,122.95,2571,EQ,,,
2014-09-18,124.65,125.5,123.4,124.75,2989,EQ,,,
2014-09-19,125.35,126.65,125.0,125.4,3083,EQ,,,
2014-09-22,125.4,125.95,124.1,124.65,2907,EQ,,,
2014-09-23,126.55,127.35,122.35,123.65,2607,EQ,,,
2014-09-24,123.35,124.05,121.85,122.85,1033,EQ,,,
2014-09-25,121.65,124.85,121.65,123.15,1527,EQ,,,
2014-09-26,121.9,124.65,120.65,123.4,2633,EQ,,,
2014-09-29,123.95,125.4,122.0,124.0,1244,EQ,,,
2014-09-30,124.65,126.35,123.4,125.65,8858,EQ,,,
2014-10-01,126.35,126.35,124.45,125.3,2440,EQ,,,
2014-10-07,126.65,128.0,124.85,127.55,4389,EQ,,,
2014-10-08,125.65,129.35,125.65,127.75,9566,EQ,,,
2014-10-09,129.35,129.35,125.05,125.95,5719,EQ,,,
2014-10-10,127.85,129.25,126.35,127.25,8470,EQ,,,
2014-10-13,128.65,128.65,124.0,125.2,4493,EQ,,,
2014-10-14,127.25,127.25,123.35,124.8,5582,EQ,,,
2014-10-16,129.65,129.65,123.05,123.65,3106,EQ,,,
2014-10-17,124.05,126.0,121.65,122.85,1995,EQ,,,
2014-10-20,125.65,125.65,123.35,124.9,2072,EQ,,,
2014-10-21,126.0,126.0,123.2,124.95,3888,EQ,,,
2014-10-22,126.0,126.35,124.4,125.45,18253,EQ,,,
2014-10-23,129.65,139.85,128.65,133.05,18045,EQ,,,
2014-10-27,136.65,138.65,130.65,131.6,33768,EQ,,,
2014-10-28,132.35,132.35,127.55,128.85,12737,EQ,,,
2014-10-29,130.65,130.85,127.05,127.75,19535,EQ,,,
2014-10-30,129.0,129.25,127.05,127.6,6056,EQ,,,
2014-10-31,127.65,129.15,127.35,128.55,27256,EQ,,,
2014-11-03,129.95,129.95,127.65,128.5,9957,EQ,,,
2014-11-05,129.95,129.95,127.35,127.85,16487,EQ,,,
2014-11-07,129.25,129.25,126.15,127.1,6714,EQ,,,
2014-11-10,128.35,128.35,126.55,126.75,3125,EQ,,,
2014-11-11,126.35,127.95,126.35,127.15,4070,EQ,,,
2014-11-12,126.8,128.0,126.35,126.6,2519,EQ,,,
2014-11-13,126.25,127.0,125.45,126.0,3459,EQ,,,
2014-11-14,127.15,128.5,125.45,126.7,17672,EQ,,,
2014-11-17,128.0,128.55,127.0,127.65,12931,EQ,,,
2014-11-18,127.65,128.0,126.65,127.25,4089,EQ,,,
2014-11-19,128.0,128.0,126.0,126.15,21934,EQ,,,
2014-11-20,127.35,132.65,126.0,131.4,185721,EQ,,,
2014-11-21,133.35,137.65,132.65,134.5,56425,EQ,,,
2014-11-24,136.6,136.6,130.75,132.15,9389,EQ,,,
2014-11-25,132.55,133.25,130.05,131.85,11418,EQ,,,
2014-11-26,131.3,134.2,130.6,132.05,7598,EQ,,,
2014-11-27,132.9,133.6,131.0,132.25,3678,EQ,,,
2014-11-28,130.9,137.65,130.65,134.4,80248,EQ,,,
2014-12-01,134.4,140.0,134.4,137.75,27892,EQ,,,
2014-12-02,137.75,139.15,135.0,135.75,7269,EQ,,,
2014-12-03,136.15,138.65,136.15,137.2,6696,EQ,,,
2014-12-04,136.65,138.95,135.2,136.15,16274,EQ,,,
2014-12-05,137.75,137.75,133.35,135.2,4144,EQ,,,
2014-12-08,134.05,137.35,132.0,133.2,7710,EQ,,,
2014-12-09,132.75,134.0,132.75,133.5,7190,EQ,,,
2014-12-10,132.15,134.0,132.0,133.25,8767,EQ,,,
2014-12-11,132.65,133.35,130.0,130.75,8324,EQ,,,
2014-12-12,132.0,132.2,130.0,131.35,6533,EQ,,,
2014-12-15,132.65,132.65,128.8,130.25,10600,EQ,,,
2014-12-16,130.1,131.35,128.15,129.0,10794,EQ,,,
2014-12-17,128.0,129.35,124.2,127.55,50092,EQ,,,
2014-12-18,129.35,129.35,127.0,127.65,8800,EQ,,,
2014-12-19,128.3,129.25,127.35,128.55,18743,EQ,,,
2014-12-22,129.65,132.65,127.95,130.25,7182,EQ,,,
2014-12-23,131.05,132.95,131.0,132.0,11122,EQ,,,
2014-12-24,131.2,133.0,131.2,132.7,10761,EQ,,,
2014-12-26,133.0,135.0,130.65,133.55,15115,EQ,,,
2014-12-29,133.35,134.0,130.3,131.15,5438,EQ,,,
2014-12-30,130.45,132.65,129.2,132.05,13814,EQ,,,
2014-12-31,132.85,133.25,131.05,132.45,12334,EQ,,,
2015-01-01,132.2,135.65,132.2,134.75,4938,EQ,,,
2015-01-02,135.6,137.95,134.35,136.25,100948,EQ,,,
2015-01-05,136.25,137.95,135.35,135.55,17057,EQ,,,
2015-01-06,135.0,135.0,132.45,133.15,16465,EQ,,,
2015-01-07,134.35,134.35,133.15,133.6,43344,EQ,,,
2015-01-08,139.9,140.0,137.45,138.8,40480,EQ,,,
2015-01-09,140.45,141.85,139.8,140.95,48504,EQ,,,
2015-01-12,147.0,151.65,145.15,145.95,261980,EQ,,,
2015-01-13,147.65,149.95,145.05,148.35,65339,EQ,,,
2015-01-14,149.95,151.6,148.3,149.65,37757,EQ,,,
2015-01-15,150.25,150.25,147.0,148.95,14753,EQ,,,
2015-01-16,148.65,151.3,148.15,149.35,20589,EQ,,,
2015-01-19,149.35,151.65,149.05,150.8,20648,EQ,,,
2015-01-20,151.25,161.35,150.35,156.3,75681,EQ,,,
2015-01-21,157.25,159.6,156.35,156.55,114021,EQ,,,
2015-01-22,159.35,160.35,157.4,159.45,53897,EQ,,,
2015-01-23,159.75,166.35,159.75,164.45,126398,EQ,,,
2015-01-27,165.35,166.65,161.7,162.8,22007,EQ,,,
2015-01-28,163.35,165.85,162.65,163.95,72866,EQ,,,
2015-01-29,164.35,167.2,164.0,164.55,22585,EQ,,,
2015-01-30,167.15,167.25,157.35,161.15,102695,EQ,,,
2015-02-02,161.15,161.65,154.7,155.75,38698,EQ,,,
2015-02-03,155.75,159.6,155.75,159.3,43218,EQ,,,
2015-02-04,159.8,159.8,157.65,158.25,11567,EQ,,,
2015-02-05,158.45,159.65,158.15,158.7,19762,EQ,,,
2015-02-06,158.25,159.15,155.15,156.85,12603,EQ,,,
2015-02-09,156.85,157.25,150.65,156.55,18168,EQ,,,
2015-02-10,156.65,158.15,153.35,157.55,35749,EQ,,,
2015-02-11,158.05,159.35,155.35,155.75,3500,EQ,,,
2015-02-12,156.2,157.85,154.35,156.15,11010,EQ,,,
2015-02-13,156.65,162.15,155.65,160.75,62453,EQ,,,
2015-02-16,161.25,163.2,160.25,161.25,16951,EQ,,,
2015-02-18,161.75,162.65,160.65,161.45,41470,EQ,,,
2015-02-19,161.95,161.95,158.6,159.05,5528,EQ,,,
2015-02-20,159.6,160.6,158.8,159.4,7102,EQ,,,
2015-02-23,158.85,160.65,158.0,158.35,5074,EQ,,,
2015-02-24,157.85,158.85,156.75,157.75,4951,EQ,,,
2015-02-25,157.55,158.2,156.75,157.05,3128,EQ,,,
2015-02-26,157.15,157.35,153.4,154.35,3749,EQ,,,
2015-02-27,154.85,155.95,154.0,154.95,3770,EQ,,,
2015-02-28,155.35,156.65,154.0,154.95,2958,EQ,,,
2015-03-02,154.45,159.35,154.45,157.55,11820,EQ,,,
2015-03-03,157.05,158.05,155.05,156.55,11248,EQ,,,
2015-03-04,156.05,158.35,154.85,155.15,9553,EQ,,,
2015-03-05,155.65,155.65,152.35,153.4,13341,EQ,,,
2015-03-09,153.45,153.45,150.35,151.0,6041,EQ,,,
2015-03-10,151.45,154.6,150.15,150.8,8454,EQ,,,
2015-03-11,151.25,151.95,148.75,149.55,5368,EQ,,,
2015-03-12,149.45,151.85,149.05,150.8,5711,EQ,,,
2015-03-13,150.7,151.6,150.25,150.95,5833,EQ,,,
2015-03-16,151.0,154.35,149.45,153.35,8494,EQ,,,
2015-03-17,153.85,158.0,152.55,153.25,12346,EQ,,,
2015-03-18,156.0,156.25,152.65,153.3,7312,EQ,,,
2015-03-19,153.35,154.65,151.35,152.35,8784,EQ,,,
2015-03-20,155.8,155.8,143.8,145.35,18462,EQ,,,
2015-03-23,146.0,146.6,138.4,140.05,27851,EQ,,,
2015-03-24,141.35,148.65,138.15,141.05,157874,EQ,,,
2015-03-25,141.05,145.95,140.4,144.6,49421,EQ,,,
2015-03-26,142.0,145.95,139.45,142.85,157283,EQ,,,
2015-03-27,144.65,144.65,139.35,143.3,42406,EQ,,,
2015-03-30,145.35,149.05,142.35,145.35,237486,EQ,,,
2015-03-31,147.3,147.3,142.95,144.05,389773,EQ,,,
2015-04-01,144.0,146.65,143.35,145.45,64228,EQ,,,
2015-04-06,147.35,151.0,146.25,148.75,110034,EQ,,,
2015-04-07,150.6,152.55,149.35,149.95,88785,EQ,,,
2015-04-08,150.0,156.0,149.35,154.35,558869,EQ,,,
2015-04-09,156.0,168.0,154.5,157.25,539026,EQ,,,
2015-04-10,159.0,163.95,156.8,160.05,272356,EQ,,,
2015-04-13,161.3,162.15,159.45,160.0,118389,EQ,,,
2015-04-15,162.45,163.0,157.85,158.55,186905,EQ,,,
2015-04-16,160.0,160.0,152.65,154.0,89730,EQ,,,
2015-04-17,155.3,155.7,150.65,153.35,108016,EQ,,,
2015-04-20,160.65,160.65,148.65,149.0,145783,EQ,,,
2015-04-21,151.95,151.95,144.05,149.65,486199,EQ,,,
2015-04-22,152.65,152.65,142.1,143.35,226001,EQ,,,
2015-04-23,145.35,147.35,144.05,145.15,47511,EQ,,,
2015-04-24,143.35,145.9,137.6,138.65,297165,EQ,,,
2015-04-27,136.65,140.95,129.55,133.85,370988,EQ,,,
2015-04-28,132.65,146.0,130.3,144.1,389716,EQ,,,
2015-04-29,145.5,150.55,143.35,146.05,263659,EQ,,,
2015-04-30,143.75,151.7,143.75,148.85,116821,EQ,,,
2015-05-04,149.45,154.85,149.45,153.25,252389,EQ,,,
2015-05-05,155.3,155.3,148.75,150.35,144975,EQ,,,
2015-05-06,150.4,150.4,143.6,146.2,166756,EQ,,,
2015-05-07,146.2,148.35,142.0,145.2,219178,EQ,,,
2015-05-08,149.0,150.7,146.65,147.25,69436,EQ,,,
2015-05-11,151.85,154.65,144.95,145.75,726099,EQ,,,
2015-05-12,146.65,147.65,143.75,144.25,115101,EQ,,,
2015-05-13,145.85,149.25,144.05,146.85,294101,EQ,,,
2015-05-14,146.85,148.4,145.45,146.5,200402,EQ,,,
2015-05-15,146.8,148.55,146.0,146.5,108266,EQ,,,
2015-05-18,147.35,147.95,144.75,145.2,112977,EQ,,,
2015-05-19,144.65,146.65,144.0,145.15,101694,EQ,,,
2015-05-20,145.15,146.6,142.95,144.75,103259,EQ,,,
2015-05-21,145.35,145.95,142.0,143.25,89998,EQ,,,
2015-05-22,141.65,147.2,141.65,145.3,238312,EQ,,,
2015-05-25,145.95,145.95,143.5,143.75,44067,EQ,,,
2015-05-26,145.85,145.85,142.95,144.5,53771,EQ,,,
2015-05-27,145.35,145.35,142.05,142.55,60537,EQ,,,
2015-05-28,142.55,143.7,140.25,140.95,117053,EQ,,,
2015-05-29,141.05,153.2,139.55,146.85,1242187,EQ,,,
2015-06-01,149.15,149.15,143.35,147.45,318539,EQ,,,
2015-06-02,147.0,149.95,141.25,142.2,116220,EQ,,,
2015-06-03,144.0,144.0,135.35,140.15,162497,EQ,,,
2015-06-04,139.35,145.15,138.85,141.45,43465,EQ,,,
2015-06-05,140.05,143.35,138.85,139.8,84244,EQ,,,
2015-06-08,140.0,145.95,134.75,143.9,117871,EQ,,,
2015-06-09,145.95,145.95,138.75,140.1,36415,EQ,,,
2015-06-10,138.65,144.65,138.65,142.5,80275,EQ,,,
2015-06-11,142.4,144.55,137.35,137.85,64270,EQ,,,
2015-06-12,139.3,139.35,135.85,136.35,50844,EQ,,,
2015-06-15,138.5,139.95,136.2,138.6,49585,EQ,,,
2015-06-16,138.55,138.55,134.1,135.7,76993,EQ,,,
2015-06-17,137.35,139.55,136.15,137.9,84655,EQ,,,
2015-06-18,138.65,140.0,137.35,138.75,69050,EQ,,,
2015-06-19,137.7,140.0,136.65,137.25,58354,EQ,,,
2015-06-22,138.65,143.25,137.35,142.45,203542,EQ,,,
2015-06-23,141.35,147.25,141.35,144.85,171283,EQ,,,
2015-06-24,144.85,145.85,142.05,142.55,83004,EQ,,,
2015-06-25,141.35,143.35,140.25,140.7,82559,EQ,,,
2015-06-26,140.65,142.0,140.2,141.35,48934,EQ,,,
2015-06-29,140.0,142.05,136.7,141.65,88208,EQ,,,
2015-06-30,149.05,152.65,142.65,143.05,596633,EQ,,,
2015-07-01,144.65,146.0,142.65,145.95,293174,EQ,,,
2015-07-02,145.45,150.5,144.7,149.85,412968,EQ,,,
2015-07-03,151.1,153.6,149.0,151.95,247844,EQ,,,
2015-07-06,151.3,161.35,148.4,154.15,1669166,EQ,,,
2015-07-07,157.3,168.65,157.3,163.55,885156,EQ,,,
2015-07-08,163.95,164.0,157.8,160.15,368472,EQ,,,
2015-07-09,161.95,166.6,159.65,160.55,549274,EQ,,,
2015-07-10,161.85,165.65,160.05,163.85,240552,EQ,,,
2015-07-13,162.25,169.6,162.25,167.75,401475,EQ,,,
2015-07-14,168.0,170.65,163.7,166.0,479449,EQ,,,
2015-07-15,166.6,171.15,164.65,166.05,209910,EQ,,,
2015-07-16,167.35,173.25,167.35,172.25,288046,EQ,,,
2015-07-17,173.35,179.2,172.25,174.75,315627,EQ,,,
2015-07-20,175.25,178.15,171.4,177.3,272846,EQ,,,
2015-07-21,175.35,179.15,170.15,170.65,156522,EQ,,,
2015-07-22,171.45,174.6,170.05,171.35,113817,EQ,,,
2015-07-23,173.35,173.8,168.65,169.8,105545,EQ,,,
2015-07-24,169.65,171.15,164.7,166.05,107251,EQ,,,
2015-07-27,165.65,167.35,163.35,165.4,335534,EQ,,,
2015-07-28,167.75,167.75,163.8,164.85,440784,EQ,,,
2015-07-29,165.8,173.0,163.5,171.85,323586,EQ,,,
2015-07-30,173.3,177.15,166.3,167.6,479094,EQ,,,
2015-07-31,169.65,172.85,168.65,170.35,406924,EQ,,,
2015-08-03,170.95,173.0,170.0,171.2,596553,EQ,,,
2015-08-04,171.35,173.1,169.25,172.3,198230,EQ,,,
2015-08-05,171.0,175.25,171.0,172.45,201529,EQ,,,
2015-08-06,173.2,173.2,170.15,170.65,313223,EQ,,,
2015-08-07,171.25,171.65,166.55,166.95,100143,EQ,,,
2015-08-10,167.45,170.7,166.35,167.95,234425,EQ,,,
2015-08-11,168.0,169.8,164.1,166.15,197032,EQ,,,
2015-08-12,167.3,167.5,161.35,162.4,118107,EQ,,,
2015-08-13,164.65,164.65,156.65,157.3,88812,EQ,,,
2015-08-14,160.45,166.35,156.9,160.3,110698,EQ,,,
2015-08-17,161.6,163.35,158.1,160.4,68090,EQ,,,
2015-08-18,162.0,165.55,160.0,162.7,313713,EQ,,,
2015-08-19,163.85,163.85,156.15,160.0,1380245,EQ,,,
2015-08-20,160.95,162.65,155.65,159.35,125808,EQ,,,
2015-08-21,156.75,159.05,155.05,157.15,200248,EQ,,,
2015-08-24,154.65,156.85,137.55,146.85,204160,EQ,,,
2015-08-25,146.65,155.0,146.0,153.45,479908,EQ,,,
2015-08-26,154.65,162.6,149.5,159.05,684807,EQ,,,
2015-08-27,160.0,166.25,159.95,164.15,202464,EQ,,,
2015-08-28,164.95,166.45,162.65,163.95,73568,EQ,,,
2015-08-31,163.65,173.65,160.15,171.55,191746,EQ,,,
2015-09-01,172.0,175.35,160.35,163.35,205045,EQ,,,
2015-09-02,163.05,168.0,163.05,165.75,270688,EQ,,,
2015-09-03,169.6,169.6,162.05,165.55,228956,EQ,,,
2015-09-04,165.9,166.0,160.15,164.45,87465,EQ,,,
2015-09-07,164.65,164.7,158.0,158.75,46672,EQ,,,
2015-09-08,158.35,165.35,155.65,163.35,109081,EQ,,,
2015-09-09,166.65,168.0,161.7,162.9,185382,EQ,,,
2015-09-10,163.35,163.35,158.35,159.7,55157,EQ,,,
2015-09-11,162.5,162.5,157.35,157.8,42187,EQ,,,
2015-09-14,162.4,162.4,158.25,159.3,64918,EQ,,,
2015-09-15,161.15,161.15,157.15,157.7,30547,EQ,,,
2015-09-16,158.0,159.3,156.8,157.45,80149,EQ,,,
2015-09-18,160.6,163.35,156.8,158.35,190337,EQ,,,
2015-09-21,159.3,162.65,154.0,161.25,779591,EQ,,,
2015-09-22,162.6,162.6,157.65,158.35,57619,EQ,,,
2015-09-23,158.15,165.25,156.0,163.1,133264,EQ,,,
2015-09-24,163.1,163.1,158.4,159.15,94776,EQ,,,
2015-09-28,161.75,161.75,157.35,157.95,93347,EQ,,,
2015-09-29,158.0,160.85,156.55,158.2,50648,EQ,,,
2015-09-30,158.65,161.35,158.65,160.8,95088,EQ,,,
2015-10-01,162.95,162.95,157.35,159.6,78291,EQ,,,
2015-10-05,158.25,161.65,158.25,160.4,112695,EQ,,,
2015-10-06,160.65,162.65,160.05,161.15,62538,EQ,,,
2015-10-07,161.15,162.5,159.35,160.05,109621,EQ,,,
2015-10-08,160.0,161.95,159.2,160.6,39852,EQ,,,
2015-10-09,162.6,162.6,158.95,159.35,546625,EQ,,,
2015-10-12,161.0,166.0,160.0,165.35,116988,EQ,,,
2015-10-13,166.35,166.65,160.95,161.4,93083,EQ,,,
2015-10-14,160.2,168.35,160.2,165.15,143610,EQ,,,
2015-10-15,166.35,168.95,164.8,167.35,209576,EQ,,,
2015-10-16,167.35,169.65,166.15,167.55,83302,EQ,,,
2015-10-19,166.65,168.0,164.45,165.45,67243,EQ,,,
2015-10-20,165.45,169.85,165.45,168.75,303996,EQ,,,
2015-10-21,170.15,172.65,169.2,171.05,157550,EQ,,,
2015-10-23,170.0,177.15,170.0,171.95,1151164,EQ,,,
2015-10-26,172.35,172.65,166.65,169.45,134810,EQ,,,
2015-10-27,170.0,170.0,167.05,167.95,68713,EQ,,,
2015-10-28,168.55,172.0,166.85,170.05,654554,EQ,,,
2015-10-29,170.45,170.65,167.6,167.95,71300,EQ,,,
2015-10-30,169.95,170.0,165.0,165.95,94280,EQ,,,
2015-11-02,168.0,168.0,163.05,164.55,143144,EQ,,,
2015-11-03,165.0,166.0,163.35,164.05,32253,EQ,,,
2015-11-04,164.7,168.35,164.2,164.6,83319,EQ,,,
2015-11-05,164.4,165.25,161.65,164.0,60240,EQ,,,
2015-11-06,164.25,165.95,162.65,163.1,31950,EQ,,,
2015-11-09,160.0,166.45,158.85,162.55,25215,EQ,,,
2015-11-10,163.65,165.95,161.65,163.15,43958,EQ,,,
2015-11-11,164.0,166.65,164.0,166.4,14696,EQ,,,
2015-11-13,166.4,170.0,164.25,164.75,54128,EQ,,,
2015-11-16,163.85,167.65,161.7,162.25,51840,EQ,,,
2015-11-17,162.05,168.15,162.05,166.65,342233,EQ,,,
2015-11-18,167.65,167.65,162.0,162.4,59225,EQ,,,
2015-11-19,163.35,165.65,163.0,164.0,45604,EQ,,,
2015-11-20,164.55,167.9,164.0,167.0,79237,EQ,,,
2015-11-23,166.65,167.45,164.35,164.65,684223,EQ,,,
2015-11-24,166.25,166.25,163.0,163.5,21972,EQ,,,
2015-11-26,166.65,166.65,163.4,163.85,27871,EQ,,,
2015-11-27,164.25,165.35,162.65,164.05,52544,EQ,,,
2015-11-30,163.2,164.0,160.65,161.3,400838,EQ,,,
2015-12-01,161.35,165.0,161.0,162.15,47557,EQ,,,
2015-12-02,163.35,164.35,160.65,161.9,21525,EQ,,,
2015-12-03,160.4,160.4,157.35,159.05,170913,EQ,,,
2015-12-04,159.7,162.0,157.5,160.05,38060,EQ,,,
2015-12-07,161.35,168.0,161.3,166.65,186724,EQ,,,
2015-12-08,167.35,168.65,162.75,164.15,1120990,EQ,,,
2015-12-09,163.35,166.0,161.35,164.0,56227,EQ,,,
2015-12-10,164.0,169.35,163.05,167.9,510452,EQ,,,
2015-12-11,168.15,170.55,165.35,166.25,258084,EQ,,,
2015-12-14,165.95,170.1,165.45,167.75,82881,EQ,,,
2015-12-15,167.85,171.65,166.05,170.35,435484,EQ,,,
2015-12-16,170.05,171.55,166.0,167.35,69104,EQ,,,
2015-12-17,168.65,173.35,166.95,172.5,190324,EQ,,,
2015-12-18,170.2,172.45,168.15,169.45,182852,EQ,,,
2015-12-21,169.45,176.0,167.75,173.65,246779,EQ,,,
2015-12-22,173.35,176.4,170.35,171.4,403047,EQ,,,
2015-12-23,173.0,174.65,171.35,172.4,152653,EQ,,,
2015-12-24,171.45,173.0,168.7,171.15,127089,EQ,,,
2015-12-28,171.4,172.65,170.45,171.7,61596,EQ,,,
2015-12-29,172.95,179.85,172.05,174.55,259980,EQ,,,
2015-12-30,174.55,179.6,174.1,178.5,197447,EQ,,,
2015-12-31,178.55,181.65,175.7,180.65,514200,EQ,,,
2016-01-01,178.5,182.75,177.35,177.8,54026,EQ,,,
2016-01-04,174.7,183.9,174.7,182.55,1181452,EQ,,,
2016-01-05,183.8,189.35,181.45,187.55,2448893,EQ,,,
2016-01-06,190.65,196.3,188.05,189.65,422498,EQ,,,
2016-01-07,188.0,194.0,183.55,191.55,1807334,EQ,,,
2016-01-08,194.0,198.0,191.9,194.8,190222,EQ,,,
2016-01-11,192.9,199.3,189.05,191.8,116038,EQ,,,
2016-01-12,191.8,194.85,185.0,185.45,89602,EQ,,,
2016-01-13,186.0,188.0,177.05,180.7,105677,EQ,,,
2016-01-14,178.25,178.9,175.55,177.45,220471,EQ,,,
2016-01-15,177.45,181.05,174.05,175.25,114761,EQ,,,
2016-01-18,174.05,175.15,167.75,170.45,821246,EQ,,,
2016-01-19,173.35,176.35,169.35,176.25,167160,EQ,,,
2016-01-20,174.65,176.0,166.7,168.9,117394,EQ,,,
2016-01-21,170.15,174.65,167.75,174.45,80518,EQ,,,
2016-01-22,176.0,177.45,171.0,176.4,1004454,EQ,,,
2016-01-25,176.8,187.2,176.8,178.5,456207,EQ,,,
2016-01-27,178.35,179.95,174.15,176.7,82551,EQ,,,
2016-01-28,177.35,179.35,173.6,174.95,198812,EQ,,,
2016-01-29,176.6,177.35,170.8,175.1,154479,EQ,,,
2016-02-01,176.35,181.35,173.75,180.05,153099,EQ,,,
2016-02-02,180.0,182.6,176.0,179.75,251320,EQ,,,
2016-02-03,177.5,179.65,176.65,178.3,157823,EQ,,,
2016-02-04,178.7,182.55,176.7,179.45,182083,EQ,,,
2016-02-05,180.0,183.35,177.35,181.9,209861,EQ,,,
2016-02-08,183.1,183.1,178.05,178.85,94168,EQ,,,
2016-02-09,179.95,181.6,174.75,176.85,64985,EQ,,,
2016-02-10,176.85,179.15,174.65,178.45,42795,EQ,,,
2016-02-11,177.7,178.2,171.85,174.95,934106,EQ,,,
2016-02-12,174.85,179.95,171.95,178.25,2756204,EQ,,,
2016-02-15,179.95,184.6,176.0,176.7,258348,EQ,,,
2016-02-16,178.95,178.95,173.35,175.75,759260,EQ,,,
2016-02-17,176.55,177.35,172.85,175.55,44641,EQ,,,
2016-02-18,179.3,179.3,173.4,174.55,31747,EQ,,,
2016-02-19,174.9,179.95,172.2,178.35,39087,EQ,,,
2016-02-22,178.65,180.0,176.6,178.45,42968,EQ,,,
2016-02-23,178.0,181.8,174.15,176.75,129563,EQ,,,
2016-02-24,179.25,179.8,175.7,177.45,562390,EQ,,,
2016-02-25,179.55,179.55,174.65,176.7,599399,EQ,,,
2016-02-26,176.7,195.85,174.75,179.15,411666,EQ,,,
2016-02-29,179.15,179.95,174.65,179.5,126110,EQ,,,
2016-03-01,180.65,183.35,178.65,182.8,2265998,EQ,,,
2016-03-02,182.95,186.2,181.4,183.1,101483,EQ,,,
2016-03-03,183.5,188.65,183.5,187.45,233251,EQ,,,
2016-03-04,187.45,192.0,187.35,188.45,139976,EQ,,,
2016-03-08,190.0,190.0,182.5,183.45,130998,EQ,,,
2016-03-09,185.2,187.15,183.5,184.9,111283,EQ,,,
2016-03-10,185.35,186.6,182.0,183.4,120187,EQ,,,
2016-03-11,186.65,187.35,184.5,185.05,306017,EQ,,,
2016-03-14,187.2,191.45,184.9,187.85,130489,EQ,,,
2016-03-15,189.25,189.25,185.35,185.5,37243,EQ,,,
2016-03-16,186.55,186.65,183.55,185.85,129017,EQ,,,
2016-03-17,186.0,187.15,181.0,183.95,243660,EQ,,,
2016-03-18,185.0,188.7,181.0,185.95,1295829,EQ,,,
2016-03-21,186.0,188.0,182.65,183.55,191195,EQ,,,
2016-03-22,183.35,185.1,182.2,182.7,399718,EQ,,,
2016-03-23,182.8,184.25,181.65,183.35,643598,EQ,,,
2016-03-28,182.7,184.65,181.35,184.1,140512,EQ,,,
2016-03-29,184.1,188.15,182.15,186.65,1116671,EQ,,,
2016-03-30,188.15,189.9,185.0,187.85,69733,EQ,,,
2016-03-31,194.0,199.1,186.6,187.05,696507,EQ,,,
2016-04-01,184.8,191.0,184.8,186.7,202760,EQ,,,
2016-04-04,187.8,189.85,186.8,188.25,53854,EQ,,,
2016-04-05,188.65,189.6,186.8,187.15,98347,EQ,,,
2016-04-06,188.65,189.0,186.65,187.4,67025,EQ,,,
2016-04-07,187.65,188.65,186.65,187.95,36988,EQ,,,
2016-04-08,188.0,188.65,187.15,188.1,80241,EQ,,,
2016-04-11,187.75,188.65,186.1,186.9,33034,EQ,,,
2016-04-12,187.35,190.0,187.35,187.9,34276,EQ,,,
2016-04-13,188.5,196.35,188.05,194.65,292172,EQ,,,
2016-04-18,196.0,211.05,196.0,202.95,873060,EQ,,,
2016-04-20,203.35,210.5,201.35,202.75,409645,EQ,,,
2016-04-21,204.0,205.75,198.7,199.9,90024,EQ,,,
2016-04-22,199.9,201.35,195.95,197.1,75986,EQ,,,
2016-04-25,198.0,199.85,192.15,193.25,77835,EQ,,,
2016-04-26,194.95,197.35,193.35,194.95,203055,EQ,,,
2016-04-27,194.9,200.1,194.75,197.25,109352,EQ,,,
2016-04-28,204.0,206.45,193.35,194.3,506934,EQ,,,
2016-04-29,195.85,196.6,188.8,190.4,239017,EQ,,,
2016-05-02,191.6,196.25,190.15,194.45,103835,EQ,,,
2016-05-03,194.65,197.85,192.7,193.35,96134,EQ,,,
2016-05-04,191.65,199.35,191.65,195.85,621721,EQ,,,
2016-05-05,197.95,199.2,194.15,195.75,85873,EQ,,,
2016-05-06,197.35,198.55,195.45,196.15,1090656,EQ,,,
2016-05-09,196.75,199.95,194.35,196.95,160116,EQ,,,
2016-05-10,196.0,203.0,195.05,199.85,284246,EQ,,,
2016-05-11,196.8,200.0,196.8,198.25,65473,EQ,,,
2016-05-12,198.25,200.0,198.25,199.55,57676,EQ,,,
2016-05-13,199.35,199.85,197.35,197.85,42085,EQ,,,
2016-05-16,198.65,200.0,197.75,198.35,86545,EQ,,,
2016-05-17,199.35,201.0,196.6,197.15,112478,EQ,,,
2016-05-18,197.0,198.0,193.35,194.75,51609,EQ,,,
2016-05-19,196.0,196.45,192.05,192.85,51419,EQ,,,
2016-05-20,193.35,195.25,190.05,193.75,66653,EQ,,,
2016-05-23,193.05,193.85,190.4,191.75,258461,EQ,,,
2016-05-24,192.8,194.0,190.25,192.3,448429,EQ,,,
2016-05-25,193.8,194.45,192.4,193.2,125371,EQ,,,
2016-05-26,193.05,196.6,193.0,195.85,233839,EQ,,,
2016-05-27,196.35,197.65,193.4,196.6,389453,EQ,,,
2016-05-30,197.35,199.75,194.15,198.85,562500,EQ,,,
2016-05-31,199.05,199.85,194.3,194.85,470770,EQ,,,
2016-06-01,196.55,197.85,194.65,195.05,173892,EQ,,,
2016-06-02,194.75,199.1,194.05,197.25,74552,EQ,,,
2016-06-03,197.35,201.75,196.05,197.25,106991,EQ,,,
2016-06-06,198.55,199.65,196.1,198.65,52034,EQ,,,
2016-06-07,198.7,199.3,195.85,196.85,191655,EQ,,,
2016-06-08,197.05,198.55,194.65,195.95,92422,EQ,,,
2016-06-09,196.7,197.95,195.35,195.85,27928,EQ,,,
2016-06-10,197.25,197.35,195.65,196.8,68196,EQ,,,
2016-06-13,197.45,197.45,194.0,196.65,221245,EQ,,,
2016-06-14,195.65,199.85,194.7,196.95,62749,EQ,,,
2016-06-15,197.35,202.35,196.35,200.25,79563,EQ,,,
2016-06-16,200.35,204.65,198.65,202.55,78515,EQ,,,
2016-06-17,203.35,206.6,202.4,205.95,97476,EQ,,,
2016-06-20,203.35,206.7,203.35,204.85,47254,EQ,,,
2016-06-21,204.4,208.0,203.4,206.65,53164,EQ,,,
2016-06-22,208.65,210.0,205.4,208.05,140729,EQ,,,
2016-06-23,210.65,210.65,202.35,204.25,79689,EQ,,,
2016-06-24,198.0,210.0,196.65,208.55,92714,EQ,,,
2016-06-27,209.35,209.95,204.1,205.05,49734,EQ,,,
2016-06-28,206.15,208.0,204.95,206.7,88963,EQ,,,
2016-06-29,208.75,209.35,206.0,207.75,91092,EQ,,,
2016-06-30,209.25,209.25,205.4,206.75,57403,EQ,,,
2016-07-01,208.65,208.65,203.75,205.75,71334,EQ,,,
2016-07-04,208.25,208.25,204.3,207.15,38954,EQ,,,
2016-07-05,207.35,208.6,206.65,208.05,39323,EQ,,,
2016-07-07,207.0,209.3,206.0,208.5,63438,EQ,,,
2016-07-08,209.65,214.0,208.65,212.05,85739,EQ,,,
2016-07-11,213.35,215.9,211.35,213.05,173022,EQ,,,
2016-07-12,215.85,215.85,210.0,210.65,70961,EQ,,,
2016-07-13,210.4,213.3,210.35,212.0,45151,EQ,,,
2016-07-14,212.0,222.65,212.0,218.65,1021300,EQ,,,
2016-07-15,219.05,219.95,210.05,211.45,105985,EQ,,,
2016-07-18,211.05,215.6,211.05,212.7,58816,EQ,,,
2016-07-19,214.95,214.95,210.85,211.95,39525,EQ,,,
2016-07-20,213.9,214.65,210.0,211.75,99924,EQ,,,
2016-07-21,212.2,213.35,208.0,209.35,53416,EQ,,,
2016-07-22,211.85,211.85,208.55,209.15,49543,EQ,,,
2016-07-25,212.45,215.65,209.35,213.15,148657,EQ,,,
2016-07-26,213.25,219.45,213.25,216.0,104664,EQ,,,
2016-07-27,216.05,218.35,213.0,213.35,113342,EQ,,,
2016-07-28,214.65,224.75,214.65,219.25,546804,EQ,,,
2016-07-29,222.65,231.8,218.85,227.4,1262809,EQ,,,
2016-08-01,232.35,236.65,227.45,231.35,394207,EQ,,,
2016-08-02,233.1,253.35,232.05,246.75,897570,EQ,,,
2016-08-03,246.65,256.3,240.0,243.6,576500,EQ,,,
2016-08-04,249.3,252.65,239.85,241.0,263110,EQ,,,
2016-08-05,241.75,249.95,241.75,248.35,119565,EQ,,,
2016-08-08,250.0,251.35,246.7,247.7,126134,EQ,,,
2016-08-09,247.35,248.15,240.0,246.65,89267,EQ,,,
2016-08-10,246.7,247.6,240.4,241.35,88181,EQ,,,
2016-08-11,242.0,242.65,240.0,241.75,116924,EQ,,,
2016-08-12,242.65,242.65,239.85,241.05,120830,EQ,,,
2016-08-16,243.65,250.0,240.0,249.3,142971,EQ,,,
2016-08-17,251.25,255.75,246.75,250.75,173257,EQ,,,
2016-08-18,250.65,253.65,249.35,249.85,69099,EQ,,,
2016-08-19,250.05,256.05,246.0,247.25,91624,EQ,,,
2016-08-22,247.75,251.85,242.65,244.75,115419,EQ,,,
2016-08-23,246.0,246.55,240.0,241.05,81194,EQ,,,
2016-08-24,241.35,245.35,241.35,243.75,60898,EQ,,,
2016-08-25,245.45,246.65,241.0,241.7,51754,EQ,,,
2016-08-26,242.65,243.85,241.05,242.45,31805,EQ,,,
2016-08-29,243.95,246.55,241.0,242.75,92839,EQ,,,
2016-08-30,244.65,247.85,244.25,246.55,134064,EQ,,,
2016-08-31,245.0,249.6,245.0,248.05,199192,EQ,,,
2016-09-01,248.15,250.65,242.65,244.35,83229,EQ,,,
2016-09-02,246.0,248.15,244.75,247.05,62171,EQ,,,
2016-09-06,251.05,256.0,250.6,252.1,211711,EQ,,,
2016-09-07,255.8,256.0,252.35,253.1,145497,EQ,,,
2016-09-08,253.35,253.95,249.45,252.95,90505,EQ,,,
2016-09-09,253.35,253.75,249.35,250.25,131564,EQ,,,
2016-09-12,246.7,250.65,244.0,244.85,135287,EQ,,,
2016-09-14,246.6,249.95,245.35,246.2,111699,EQ,,,
2016-09-15,247.35,251.6,244.1,245.95,281118,EQ,,,
2016-09-16,246.65,255.25,246.65,251.6,606426,EQ,,,
2016-09-19,250.65,252.95,248.65,249.55,77813,EQ,,,
2016-09-20,248.0,251.35,248.0,249.15,53453,EQ,,,
2016-09-21,248.65,250.65,247.1,249.85,215842,EQ,,,
2016-09-22,251.0,251.9,245.35,246.4,80849,EQ,,,
2016-09-23,248.0,248.65,246.0,246.85,60818,EQ,,,
2016-09-26,248.15,248.15,244.0,244.4,53255,EQ,,,
2016-09-27,245.35,248.45,243.0,246.5,111003,EQ,,,
2016-09-28,246.45,249.0,243.45,244.35,182015,EQ,,,
2016-09-29,246.0,248.0,239.05,240.35,262475,EQ,,,
2016-09-30,241.35,242.45,239.45,240.1,904396,EQ,,,
2016-10-03,241.25,256.65,241.25,251.85,241004,EQ,,,
2016-10-04,251.85,253.55,248.65,249.7,95832,EQ,,,
2016-10-05,249.7,269.85,249.4,257.15,1057726,EQ,,,
2016-10-06,258.65,260.65,255.35,257.05,378429,EQ,,,
2016-10-07,257.85,258.4,253.35,254.1,142207,EQ,,,
2016-10-10,254.45,257.6,252.0,252.3,104661,EQ,,,
2016-10-13,252.8,255.95,246.7,248.85,163854,EQ,,,
2016-10-14,249.85,254.55,247.4,248.9,187858,EQ,,,
2016-10-17,249.55,257.45,249.55,253.25,326043,EQ,,,
2016-10-18,258.65,259.65,253.65,254.75,354091,EQ,,,
2016-10-19,255.95,255.95,252.65,253.2,120053,EQ,,,
2016-10-20,256.3,256.65,250.7,251.3,277072,EQ,,,
2016-10-21,252.6,255.35,248.9,250.25,186516,EQ,,,
2016-10-24,252.6,254.9,249.55,250.1,323865,EQ,,,
2016-10-25,250.1,252.65,246.05,247.55,245692,EQ,,,
2016-10-26,249.25,252.65,248.0,251.35,296188,EQ,,,
2016-10-27,251.35,254.25,248.2,248.9,239621,EQ,,,
2016-10-28,250.45,257.35,244.35,252.75,1414688,EQ,,,
2016-10-30,254.35,258.0,254.35,256.55,153720,EQ,,,
2016-11-01,256.0,256.7,249.4,249.75,224013,EQ,,,
2016-11-02,249.35,249.35,245.75,247.9,737636,EQ,,,
2016-11-03,249.3,249.85,246.6,246.7,186789,EQ,,,
2016-11-04,247.1,248.55,244.7,246.6,719547,EQ,,,
2016-11-07,247.35,250.6,246.0,246.65,292243,EQ,,,
2016-11-08,247.55,249.65,246.65,248.45,102952,EQ,,,
2016-11-09,242.65,249.05,235.05,246.65,1311500,EQ,,,
2016-11-10,249.35,249.35,236.85,238.5,242692,EQ,,,
2016-11-11,237.35,239.05,222.0,227.65,231304,EQ,,,
2016-11-15,227.7,229.15,203.7,208.85,429955,EQ,,,
2016-11-16,209.0,216.25,203.35,213.35,1156998,EQ,,,
2016-11-17,215.3,218.45,210.45,212.75,147108,EQ,,,
2016-11-18,212.65,215.95,207.75,212.9,93463,EQ,,,
2016-11-21,212.95,218.0,201.45,203.4,328927,EQ,,,
2016-11-22,205.5,216.65,205.25,213.25,168983,EQ,,,
2016-11-23,216.65,226.65,208.85,224.2,1223416,EQ,,,
2016-11-24,225.8,230.0,221.65,226.7,527193,EQ,,,
2016-11-25,228.0,232.65,225.25,229.7,829524,EQ,,,
2016-11-28,229.7,232.05,226.7,229.3,87437,EQ,,,
2016-11-29,227.55,234.55,227.55,229.85,74963,EQ,,,
2016-11-30,230.8,233.35,229.8,231.35,69468,EQ,,,
2016-12-01,230.0,230.0,222.0,225.15,158498,EQ,,,
2016-12-02,224.65,226.45,219.35,220.65,211711,EQ,,,
2016-12-05,218.5,224.0,218.5,221.55,88420,EQ,,,
2016-12-06,223.3,223.3,220.0,221.05,698372,EQ,,,
2016-12-07,223.25,223.6,220.7,221.15,44000,EQ,,,
2016-12-08,226.3,227.15,224.35,225.3,80241,EQ,,,
2016-12-09,226.6,227.8,225.35,226.9,32437,EQ,,,
2016-12-12,226.6,226.6,222.65,223.5,166325,EQ,,,
2016-12-13,223.35,225.3,220.0,224.35,56080,EQ,,,
2016-12-14,224.35,224.65,218.05,219.4,47505,EQ,,,
2016-12-15,218.0,222.55,216.85,219.1,25782,EQ,,,
2016-12-16,221.25,230.0,216.75,226.35,142604,EQ,,,
2016-12-19,227.85,229.35,224.4,228.05,53299,EQ,,,
2016-12-20,228.8,228.8,218.75,219.45,77210,EQ,,,
2016-12-21,221.65,221.65,213.75,215.25,51078,EQ,,,
2016-12-22,215.3,217.05,213.25,216.15,50996,EQ,,,
2016-12-23,216.65,218.0,212.65,216.45,47408,EQ,,,
2016-12-26,219.65,219.65,212.05,213.1,36625,EQ,,,
2016-12-27,213.05,214.0,209.15,211.45,89578,EQ,,,
2016-12-28,214.75,215.6,210.1,210.95,48467,EQ,,,
2016-12-29,211.85,214.0,209.7,210.85,93000,EQ,,,
2016-12-30,211.35,219.25,211.35,212.85,131971,EQ,,,
2017-01-02,212.9,216.65,212.75,216.35,39788,EQ,,,
2017-01-03,217.9,221.55,216.0,220.45,39680,EQ,,,
2017-01-04,220.95,228.85,220.0,227.25,77768,EQ,,,
2017-01-05,227.35,228.65,223.25,223.6,73268,EQ,,,
2017-01-06,224.0,227.35,224.0,225.15,64648,EQ,,,
2017-01-09,226.65,230.0,222.95,224.25,90951,EQ,,,
2017-01-10,225.25,227.9,223.35,225.15,44341,EQ,,,
2017-01-11,226.0,228.7,225.15,227.45,42455,EQ,,,
2017-01-12,227.95,228.35,223.0,223.55,56753,EQ,,,
2017-01-13,224.6,225.6,222.55,224.8,32160,EQ,,,
2017-01-16,223.4,225.55,221.25,222.65,41885,EQ,,,
2017-01-17,223.95,224.95,220.35,221.95,55360,EQ,,,
2017-01-18,222.65,223.75,215.55,216.45,247390,EQ,,,
2017-01-19,217.65,223.3,216.6,222.4,236113,EQ,,,
2017-01-20,222.4,224.55,220.0,221.85,81435,EQ,,,
2017-01-23,223.0,231.75,220.85,227.55,157363,EQ,,,
2017-01-24,225.5,227.95,223.45,224.7,375923,EQ,,,
2017-01-25,227.3,230.65,225.1,230.2,198802,EQ,,,
2017-01-27,231.35,235.55,231.35,232.75,170744,EQ,,,
2017-01-30,232.75,235.35,230.95,231.95,126604,EQ,,,
2017-01-31,233.25,239.0,228.0,229.75,605060,EQ,,,
2017-02-01,231.25,237.9,228.6,236.4,323452,EQ,,,
2017-02-02,237.65,240.55,235.3,239.15,135300,EQ,,,
2017-02-03,239.65,243.15,236.0,236.6,125031,EQ,,,
2017-02-06,238.0,240.55,236.0,237.05,166141,EQ,,,
2017-02-07,238.65,241.85,234.75,239.7,90598,EQ,,,
2017-02-08,238.5,242.0,234.75,236.2,336010,EQ,,,
2017-02-09,237.45,238.4,232.25,235.1,115145,EQ,,,
2017-02-10,238.65,240.0,236.65,238.05,88156,EQ,,,
2017-02-13,239.25,239.25,234.35,234.75,21398,EQ,,,
2017-02-14,234.15,238.05,234.15,237.0,59159,EQ,,,
2017-02-15,236.05,236.95,229.35,230.25,68086,EQ,,,
2017-02-16,230.25,230.75,228.55,229.45,36779,EQ,,,
2017-02-17,230.1,233.0,229.6,231.75,35916,EQ,,,
2017-02-20,233.25,237.25,232.05,233.9,89328,EQ,,,
2017-02-21,235.25,238.35,234.45,237.85,65964,EQ,,,
2017-02-22,239.3,243.35,237.4,242.65,168210,EQ,,,
2017-02-23,243.35,250.0,242.15,243.35,236870,EQ,,,
2017-02-27,245.35,246.0,234.65,236.35,120816,EQ,,,
2017-02-28,237.05,238.65,234.3,237.25,67183,EQ,,,
2017-03-01,238.5,242.0,236.35,237.15,160398,EQ,,,
2017-03-02,238.4,239.65,235.75,237.15,84343,EQ,,,
2017-03-03,234.75,238.45,234.65,235.1,243337,EQ,,,
2017-03-06,236.65,240.65,236.15,239.25,63237,EQ,,,
2017-03-07,239.95,241.3,238.2,240.15,222991,EQ,,,
2017-03-08,239.95,241.65,239.05,240.55,58452,EQ,,,
2017-03-09,240.0,246.65,240.0,245.85,645723,EQ,,,
2017-03-10,247.5,249.2,237.05,240.25,177422,EQ,,,
2017-03-14,248.0,248.0,242.55,244.5,86105,EQ,,,
2017-03-15,244.5,245.55,242.5,243.8,89530,EQ,,,
2017-03-16,243.35,248.0,242.9,246.85,200790,EQ,,,
2017-03-17,247.0,248.7,243.05,247.45,606185,EQ,,,
2017-03-20,246.85,248.65,237.35,245.95,158392,EQ,,,
2017-03-21,245.85,248.5,243.35,247.85,66761,EQ,,,
2017-03-22,244.35,246.0,241.4,244.85,95825,EQ,,,
2017-03-23,246.0,248.65,245.3,245.85,79205,EQ,,,
2017-03-24,247.5,249.0,242.75,243.65,86454,EQ,,,
2017-03-27,245.95,246.65,242.0,245.85,129161,EQ,,,
2017-03-28,247.0,247.35,243.5,245.6,69595,EQ,,,
2017-03-29,246.7,254.35,244.45,249.05,848586,EQ,,,
2017-03-30,246.65,251.85,246.55,249.75,290965,EQ,,,
2017-03-31,250.1,256.0,248.8,252.45,330176,EQ,,,
2017-04-03,254.0,256.0,248.25,249.35,175561,EQ,,,
2017-04-05,251.65,254.0,250.65,252.95,277564,EQ,,,
2017-04-06,252.95,254.05,251.05,252.45,67142,EQ,,,
2017-04-07,252.55,262.45,249.65,259.45,360011,EQ,,,
2017-04-10,260.0,261.75,258.0,259.25,228004,EQ,,,
2017-04-11,259.95,261.8,258.0,261.05,71629,EQ,,,
2017-04-12,260.4,261.95,250.35,251.85,133026,EQ,,,
2017-04-13,253.95,256.25,252.75,254.0,116882,EQ,,,
2017-04-17,255.6,259.95,254.85,256.85,94531,EQ,,,
2017-04-18,257.15,260.0,256.45,257.75,116192,EQ,,,
2017-04-19,257.75,259.35,254.8,258.3,123335,EQ,,,
2017-04-20,259.85,260.0,254.7,255.4,165258,EQ,,,
2017-04-21,256.0,258.4,254.4,256.55,60898,EQ,,,
2017-04-24,258.65,258.65,255.35,256.05,51768,EQ,,,
2017-04-25,257.35,257.65,254.2,255.15,108107,EQ,,,
2017-04-26,255.15,256.75,251.7,255.65,152938,EQ,,,
2017-04-27,256.0,260.0,254.75,259.4,663136,EQ,,,
2017-04-28,260.0,263.95,258.75,262.05,160579,EQ,,,
2017-05-02,263.35,268.0,258.85,266.1,1029962,EQ,,,
2017-05-03,269.2,271.3,261.35,269.25,228829,EQ,,,
2017-05-04,269.85,269.85,260.2,265.8,315409,EQ,,,
2017-05-05,262.15,270.0,260.1,268.55,239995,EQ,,,
2017-05-08,270.45,272.05,266.7,270.75,308050,EQ,,,
2017-05-09,272.4,273.35,268.55,269.25,320943,EQ,,,
2017-05-10,271.2,272.95,269.35,270.55,282984,EQ,,,
2017-05-11,271.95,272.55,269.5,271.1,55671,EQ,,,
2017-05-12,272.0,278.35,272.0,273.9,200332,EQ,,,
2017-05-15,273.35,290.6,273.05,288.95,257511,EQ,,,
2017-05-16,290.65,291.45,283.5,285.1,109982,EQ,,,
2017-05-17,286.0,288.65,281.65,283.9,70323,EQ,,,
2017-05-18,283.0,285.85,276.65,280.0,44852,EQ,,,
2017-05-19,281.35,282.15,271.75,275.65,49621,EQ,,,
2017-05-22,277.05,279.45,262.65,266.9,158576,EQ,,,
2017-05-23,267.75,268.65,260.0,266.6,84031,EQ,,,
2017-05-24,265.35,269.05,261.6,262.1,111707,EQ,,,
2017-05-25,263.75,266.25,261.4,265.35,41698,EQ,,,
2017-05-26,266.0,274.0,266.0,272.2,202879,EQ,,,
2017-05-29,271.35,275.35,266.15,273.15,151688,EQ,,,
2017-05-30,274.65,274.65,268.7,272.55,41673,EQ,,,
2017-05-31,273.35,273.65,265.35,269.4,88984,EQ,,,
2017-06-01,269.4,271.25,266.7,268.05,39863,EQ,,,
2017-06-02,267.4,273.65,267.4,272.35,80745,EQ,,,
2017-06-05,274.65,275.9,267.5,274.15,169180,EQ,,,
2017-06-06,276.6,280.55,274.05,277.45,153808,EQ,,,
2017-06-07,277.35,280.55,273.35,276.25,84951,EQ,,,
2017-06-08,278.6,282.45,272.4,280.8,206932,EQ,,,
2017-06-09,281.35,284.6,277.1,281.05,130140,EQ,,,
2017-06-12,280.65,283.7,278.65,280.9,72320,EQ,,,
2017-06-13,280.0,281.5,275.0,280.15,88782,EQ,,,
2017-06-14,280.0,280.0,272.45,276.35,78687,EQ,,,
2017-06-15,276.55,280.95,276.55,278.3,36787,EQ,,,
2017-06-16,279.65,280.0,275.35,278.55,57311,EQ,,,
2017-06-19,279.25,280.85,276.25,278.65,74008,EQ,,,
2017-06-20,279.85,284.85,277.55,278.45,51438,EQ,,,
2017-06-21,279.3,284.25,278.45,282.45,58698,EQ,,,
2017-06-22,281.35,291.3,281.35,284.35,112628,EQ,,,
2017-06-23,285.95,286.15,276.65,284.15,48848,EQ,,,
2017-06-27,280.9,286.0,277.05,279.0,71453,EQ,,,
2017-06-28,281.55,281.55,278.0,279.05,68307,EQ,,,
2017-06-29,279.95,288.45,279.95,284.1,45315,EQ,,,
2017-06-30,280.35,296.4,280.35,293.55,132429,EQ,,,
2017-07-03,296.65,307.0,295.35,300.9,196523,EQ,,,
2017-07-04,301.0,302.65,297.4,298.2,39366,EQ,,,
2017-07-05,296.65,300.65,292.05,295.35,65511,EQ,,,
2017-07-06,295.65,298.0,289.35,291.25,72789,EQ,,,
2017-07-07,291.35,298.0,289.65,294.9,52783,EQ,,,
2017-07-10,293.35,306.65,293.35,296.25,13740,EQ,,,
2017-07-11,298.0,309.35,295.65,303.45,247778,EQ,,,
2017-07-12,305.35,306.5,294.85,300.55,94109,EQ,,,
2017-07-13,301.95,304.65,297.65,300.1,39027,EQ,,,
2017-07-14,302.0,311.8,298.05,299.55,50592,EQ,,,
2017-07-17,300.05,301.35,295.35,296.75,67720,EQ,,,
2017-07-18,297.85,297.85,290.95,291.7,79031,EQ,,,
2017-07-19,292.65,302.0,292.1,300.6,102243,EQ,,,
2017-07-20,302.65,305.6,293.7,298.9,376779,EQ,,,
2017-07-21,299.25,305.65,296.05,300.85,147103,EQ,,,
2017-07-24,302.95,302.95,297.35,298.4,86375,EQ,,,
2017-07-25,298.65,305.15,296.7,302.85,895143,EQ,,,
2017-07-26,301.35,304.25,295.35,298.0,134341,EQ,,,
2017-07-27,300.95,304.55,298.95,302.75,139532,EQ,,,
2017-07-28,305.15,305.15,298.65,300.05,206681,EQ,,,
2017-07-31,303.85,306.3,298.7,305.0,139245,EQ,,,
2017-08-01,304.65,305.3,297.35,304.3,146005,EQ,,,
2017-08-02,304.0,306.65,301.4,305.0,236530,EQ,,,
2017-08-03,304.0,304.85,298.45,300.75,104311,EQ,,,
2017-08-04,298.7,300.65,293.35,297.65,91874,EQ,,,
2017-08-07,295.7,305.0,295.7,303.7,125113,EQ,,,
2017-08-08,306.0,306.0,299.05,302.05,105015,EQ,,,
2017-08-09,303.55,303.55,297.45,301.25,145808,EQ,,,
2017-08-10,302.6,302.6,295.35,296.55,75167,EQ,,,
2017-08-11,294.0,296.55,284.65,295.7,80344,EQ,,,
2017-08-14,297.05,306.65,297.05,305.3,84184,EQ,,,
2017-08-16,305.35,307.95,300.65,306.9,112082,EQ,,,
2017-08-17,308.0,312.3,305.15,311.35,173900,EQ,,,
2017-08-18,310.45,310.45,304.75,307.1,68138,EQ,,,
2017-08-21,307.1,309.95,303.25,304.25,38092,EQ,,,
2017-08-22,305.8,307.55,302.05,303.25,27933,EQ,,,
2017-08-23,305.0,307.35,301.35,304.85,300607,EQ,,,
2017-08-24,306.65,314.35,304.1,312.15,261871,EQ,,,
2017-08-28,313.35,316.05,311.4,315.15,61743,EQ,,,
2017-08-29,315.25,316.85,313.05,315.75,31676,EQ,,,
2017-08-30,316.85,319.35,313.45,315.65,36332,EQ,,,
2017-08-31,313.85,353.35,313.85,339.05,771201,EQ,,,
2017-09-01,337.65,342.0,323.4,326.85,227543,EQ,,,
2017-09-04,329.95,333.7,318.95,320.7,87147,EQ,,,
2017-09-05,324.95,325.65,318.0,324.75,139305,EQ,,,
2017-09-06,322.65,323.95,318.05,320.05,57873,EQ,,,
2017-09-07,321.95,325.25,315.35,318.05,132757,EQ,,,
2017-09-08,320.0,322.65,314.35,319.65,112063,EQ,,,
2017-09-11,325.2,325.2,318.4,321.35,187352,EQ,,,
2017-09-12,320.65,327.45,320.65,326.25,360408,EQ,,,
2017-09-13,330.65,330.65,321.95,325.75,308515,EQ,,,
2017-09-14,328.55,348.6,326.7,342.05,300308,EQ,,,
2017-09-15,339.95,350.25,328.65,330.9,1046774,EQ,,,
2017-09-18,332.85,339.2,330.35,332.15,157820,EQ,,,
2017-09-19,334.0,337.15,329.65,331.1,134726,EQ,,,
2017-09-20,330.0,333.15,322.25,324.8,202901,EQ,,,
2017-09-21,326.55,327.85,321.4,323.45,97140,EQ,,,
2017-09-22,323.45,326.6,317.95,319.25,137345,EQ,,,
2017-09-25,321.35,321.35,301.7,309.9,343639,EQ,,,
2017-09-26,310.0,312.6,300.65,305.35,204702,EQ,,,
2017-09-27,307.0,313.35,302.1,303.75,159334,EQ,,,
2017-09-28,306.65,316.65,303.35,312.75,256487,EQ,,,
2017-09-29,316.0,327.0,311.05,322.75,373662,EQ,,,
2017-10-03,325.65,328.65,319.35,320.05,207094,EQ,,,
2017-10-04,321.95,325.2,318.65,319.25,45770,EQ,,,
2017-10-05,321.7,330.55,320.65,325.6,218744,EQ,,,
2017-10-06,327.65,329.55,318.5,322.7,384762,EQ,,,
2017-10-09,320.85,324.0,318.25,319.75,126992,EQ,,,
2017-10-10,321.8,322.9,319.35,319.85,48342,EQ,,,
2017-10-11,321.3,325.3,318.65,320.8,156209,EQ,,,
2017-10-12,320.8,323.25,319.0,321.15,86351,EQ,,,
2017-10-13,322.65,328.65,320.0,325.95,177675,EQ,,,
2017-10-16,329.25,331.5,320.65,321.8,296723,EQ,,,
2017-10-17,323.4,331.65,320.05,328.05,390532,EQ,,,
2017-10-18,329.65,330.0,320.45,322.7,689017,EQ,,,
2017-10-19,325.95,328.65,322.7,325.25,20998,EQ,,,
2017-10-23,328.25,330.0,324.0,326.65,622213,EQ,,,
2017-10-24,327.85,332.65,326.0,331.55,237391,EQ,,,
2017-10-25,331.9,333.6,323.35,325.65,56664,EQ,,,
2017-10-26,324.0,331.95,320.75,330.15,115595,EQ,,,
2017-10-27,330.0,336.65,330.0,334.75,101476,EQ,,,
2017-10-30,336.3,341.7,333.15,339.85,103911,EQ,,,
2017-10-31,341.35,347.9,334.65,342.1,276536,EQ,,,
2017-11-01,340.7,344.4,334.65,336.45,184001,EQ,,,
2017-11-02,339.0,342.65,335.0,340.2,203262,EQ,,,
2017-11-03,338.0,342.95,330.65,333.9,82681,EQ,,,
2017-11-06,334.0,336.65,329.35,330.1,40518,EQ,,,
2017-11-07,331.95,335.15,320.0,332.35,225969,EQ,,,
2017-11-08,330.0,333.35,327.2,330.25,125315,EQ,,,
2017-11-09,331.35,335.65,324.15,331.75,521554,EQ,,,
2017-11-10,332.95,339.95,326.95,335.15,190737,EQ,,,
2017-11-13,335.15,335.35,328.0,333.15,60055,EQ,,,
2017-11-14,334.9,336.55,324.2,327.85,118511,EQ,,,
2017-11-15,328.15,332.65,325.35,327.55,66231,EQ,,,
2017-11-16,329.6,335.9,328.8,330.25,42330,EQ,,,
2017-11-17,333.05,333.35,326.65,331.05,137964,EQ,,,
2017-11-20,332.2,332.2,322.65,328.65,332647,EQ,,,
2017-11-21,326.65,329.75,320.65,322.4,271480,EQ,,,
2017-11-22,321.75,326.15,316.65,322.55,395200,EQ,,,
2017-11-23,328.35,337.2,325.85,333.05,520118,EQ,,,
2017-11-24,329.65,335.35,327.7,333.65,224964,EQ,,,
2017-11-27,335.7,335.7,329.35,332.05,70173,EQ,,,
2017-11-28,334.35,336.65,330.65,335.6,171879,EQ,,,
2017-11-29,336.65,337.3,330.0,331.3,451672,EQ,,,
2017-11-30,330.65,340.0,328.8,331.15,1001515,EQ,,,
2017-12-01,333.35,338.35,333.25,333.85,47254,EQ,,,
2017-12-04,336.0,339.0,327.65,331.45,57838,EQ,,,
2017-12-05,333.85,335.35,329.0,333.75,226675,EQ,,,
2017-12-06,330.4,335.3,328.65,330.45,84935,EQ,,,
2017-12-07,330.1,333.45,330.0,330.75,48814,EQ,,,
2017-12-08,333.25,335.85,329.65,332.5,116564,EQ,,,
2017-12-11,333.35,339.25,330.15,332.75,127455,EQ,,,
2017-12-12,334.65,341.65,332.0,336.5,127303,EQ,,,
2017-12-13,333.35,341.25,333.05,339.05,90030,EQ,,,
2017-12-14,336.05,338.6,325.75,329.95,689444,EQ,,,
2017-12-15,337.85,343.35,332.0,340.45,137590,EQ,,,
2017-12-18,342.65,351.3,333.15,349.65,144299,EQ,,,
2017-12-19,351.25,362.65,348.35,357.65,155857,EQ,,,
2017-12-20,359.65,370.25,355.6,368.0,714217,EQ,,,
2017-12-21,368.05,375.0,367.8,372.8,379296,EQ,,,
2017-12-22,370.0,376.6,370.0,374.15,94436,EQ,,,
2017-12-26,375.95,378.3,364.0,374.65,65186,EQ,,,
2017-12-27,374.65,374.65,368.65,371.85,70681,EQ,,,
2017-12-28,370.0,373.35,368.0,370.7,226352,EQ,,,
2017-12-29,373.2,409.35,360.75,383.25,513375,EQ,,,
2018-01-01,383.25,395.55,376.0,377.8,80427,EQ,,,
2018-01-02,381.55,384.45,372.65,375.75,195386,EQ,,,
2018-01-03,377.95,379.45,370.8,374.8,52910,EQ,,,
2018-01-04,376.0,381.55,375.35,375.95,165578,EQ,,,
2018-01-05,374.35,381.65,374.35,377.95,41126,EQ,,,
2018-01-08,380.35,380.35,373.35,376.7,50800,EQ,,,
2018-01-09,376.8,379.05,372.2,377.75,39874,EQ,,,
2018-01-10,374.15,386.65,373.35,377.85,149640,EQ,,,
2018-01-11,379.2,379.35,373.35,374.15,189031,EQ,,,
2018-01-12,376.35,376.35,370.8,372.65,33795,EQ,,,
2018-01-15,365.7,372.85,365.7,367.9,419865,EQ,,,
2018-01-16,369.95,371.65,366.65,367.55,52969,EQ,,,
2018-01-17,366.65,367.25,356.65,361.95,243342,EQ,,,
2018-01-18,365.35,365.45,360.65,362.15,130253,EQ,,,
2018-01-19,365.3,366.65,346.1,351.15,217345,EQ,,,
2018-01-22,352.55,352.55,336.15,339.85,222055,EQ,,,
2018-01-23,337.35,340.95,329.0,330.45,442507,EQ,,,
2018-01-24,332.6,334.65,325.4,332.6,345525,EQ,,,
2018-01-25,333.35,333.35,321.35,325.9,267391,EQ,,,
2018-01-29,327.5,328.35,315.35,319.65,539452,EQ,,,
2018-01-30,319.75,327.85,310.3,323.3,544310,EQ,,,
2018-01-31,322.0,345.95,321.05,340.05,387850,EQ,,,
2018-02-01,340.65,351.6,334.0,340.65,322621,EQ,,,
2018-02-02,334.0,336.65,330.7,333.3,257907,EQ,,,
2018-02-05,323.35,331.2,320.0,328.55,218367,EQ,,,
2018-02-06,320.0,337.05,316.05,327.6,166153,EQ,,,
2018-02-07,330.1,338.45,330.1,333.3,246142,EQ,,,
2018-02-08,335.65,338.75,330.0,335.5,264611,EQ,,,
2018-02-09,330.0,338.0,329.4,336.25,138706,EQ,,,
2018-02-12,337.65,339.85,333.35,336.5,125168,EQ,,,
2018-02-14,339.15,342.55,335.4,340.05,125714,EQ,,,
2018-02-15,343.15,343.15,330.0,334.9,98487,EQ,,,
2018-02-16,336.0,336.0,323.35,324.75,122934,EQ,,,
2018-02-19,326.65,328.65,323.35,327.9,27487,EQ,,,
2018-02-20,323.35,327.95,322.0,326.7,141430,EQ,,,
2018-02-21,331.3,331.6,326.65,329.4,45492,EQ,,,
2018-02-22,329.35,336.6,323.7,325.15,260102,EQ,,,
2018-02-23,327.1,327.55,322.05,325.6,150149,EQ,,,
2018-02-26,327.95,327.95,320.75,323.75,211623,EQ,,,
2018-02-27,325.35,328.0,320.65,323.6,214007,EQ,,,
2018-02-28,323.6,330.65,321.45,327.75,110155,EQ,,,
2018-03-01,327.05,332.65,323.35,325.45,41183,EQ,,,
2018-03-05,327.9,330.6,322.7,328.4,226418,EQ,,,
2018-03-06,330.55,330.55,323.05,326.05,262804,EQ,,,
2018-03-07,327.9,330.0,320.0,325.55,154678,EQ,,,
2018-03-08,327.95,328.65,320.1,326.05,83570,EQ,,,
2018-03-09,328.65,330.7,320.75,323.15,115205,EQ,,,
2018-03-12,325.3,331.1,324.05,329.95,237367,EQ,,,
2018-03-13,329.95,339.35,323.65,336.55,181791,EQ,,,
2018-03-14,335.5,339.25,332.65,332.75,75442,EQ,,,
2018-03-15,335.3,340.55,325.65,335.65,264765,EQ,,,
2018-03-16,338.55,340.2,328.0,331.25,224512,EQ,,,
2018-03-19,330.6,332.6,325.9,327.45,96561,EQ,,,
2018-03-20,327.65,327.65,321.35,324.15,142138,EQ,,,
2018-03-21,325.3,325.3,316.75,319.75,75581,EQ,,,
2018-03-22,320.65,321.9,316.4,316.85,105953,EQ,,,
2018-03-23,315.05,315.35,306.0,309.0,180032,EQ,,,
2018-03-26,309.35,319.95,302.45,314.7,568900,EQ,,,
2018-03-27,317.85,333.25,309.0,327.55,401990,EQ,,,
2018-03-28,327.35,340.0,321.05,337.2,259585,EQ,,,
2018-04-02,334.65,342.6,332.15,335.65,143085,EQ,,,
2018-04-03,335.85,338.65,334.05,335.3,89940,EQ,,,
2018-04-04,337.65,338.55,332.0,333.25,98751,EQ,,,
2018-04-05,340.0,340.0,331.65,334.75,127951,EQ,,,
2018-04-06,332.65,338.0,332.65,333.25,24209,EQ,,,
2018-04-09,334.65,340.05,331.8,333.15,98638,EQ,,,
2018-04-10,335.95,338.6,325.05,326.65,149079,EQ,,,
2018-04-11,329.05,330.0,325.35,326.75,461897,EQ,,,
2018-04-12,329.05,329.05,324.05,327.5,162217,EQ,,,
2018-04-13,326.75,329.65,324.35,326.95,73976,EQ,,,
2018-04-16,326.55,327.05,323.35,325.55,208991,EQ,,,
2018-04-17,326.65,340.0,325.6,333.45,572997,EQ,,,
2018-04-18,335.25,339.95,328.05,329.25,150077,EQ,,,
2018-04-19,331.25,331.7,327.35,329.8,58800,EQ,,,
2018-04-20,330.2,330.2,323.35,325.75,100595,EQ,,,
2018-04-23,326.85,326.85,320.65,322.7,81793,EQ,,,
2018-04-24,323.35,328.0,322.35,324.1,194269,EQ,,,
2018-04-25,324.0,326.65,320.15,321.2,56396,EQ,,,
2018-04-26,323.15,323.55,320.65,321.85,50636,EQ,,,
2018-04-27,321.45,323.35,318.8,321.9,112932,EQ,,,
2018-04-30,328.6,336.65,322.65,333.95,253855,EQ,,,
2018-05-02,333.3,344.65,328.05,336.6,562997,EQ,,,
2018-05-03,336.0,345.35,331.05,338.2,1122022,EQ,,,
2018-05-04,339.35,344.0,334.65,337.25,239110,EQ,,,
2018-05-07,336.35,339.85,331.25,335.95,116853,EQ,,,
2018-05-08,338.65,343.35,330.85,335.3,161153,EQ,,,
2018-05-09,332.0,347.65,327.65,343.15,225500,EQ,,,
2018-05-10,343.95,346.6,337.0,340.05,169594,EQ,,,
2018-05-11,342.65,353.25,337.5,343.35,924125,EQ,,,
2018-05-14,345.65,345.8,338.75,342.15,60250,EQ,,,
2018-05-15,342.65,343.3,332.0,333.75,134801,EQ,,,
2018-05-16,333.35,340.15,330.6,335.8,164751,EQ,,,
2018-05-17,334.0,338.65,334.0,337.6,52923,EQ,,,
2018-05-18,334.8,342.35,328.85,338.8,195961,EQ,,,
2018-05-21,341.3,341.3,326.0,326.8,82305,EQ,,,
2018-05-22,329.35,333.35,322.1,330.65,190744,EQ,,,
2018-05-23,329.9,333.35,323.35,328.3,42373,EQ,,,
2018-05-24,331.25,334.65,324.8,331.75,40439,EQ,,,
2018-05-25,333.3,336.3,325.85,330.35,97510,EQ,,,
2018-05-28,332.65,338.35,330.65,334.3,370276,EQ,,,
2018-05-29,336.4,336.4,331.0,331.75,38299,EQ,,,
2018-05-30,331.75,333.35,328.0,329.2,160629,EQ,,,
2018-05-31,329.2,332.15,322.25,326.8,274722,EQ,,,
2018-06-01,328.55,328.55,322.65,323.7,81440,EQ,,,
2018-06-04,324.05,324.65,320.65,322.15,31840,EQ,,,
2018-06-05,322.15,322.15,312.7,313.35,56430,EQ,,,
2018-06-06,312.6,315.6,309.35,310.55,190420,EQ,,,
2018-06-07,313.2,320.0,311.4,314.65,154289,EQ,,,
2018-06-08,314.65,317.95,311.5,316.2,153681,EQ,,,
2018-06-11,316.65,331.95,313.05,322.75,136623,EQ,,,
2018-06-12,324.0,324.65,320.0,322.6,97568,EQ,,,
2018-06-13,322.7,324.4,317.65,321.05,46419,EQ,,,
2018-06-14,321.35,323.3,317.9,320.35,54355,EQ,,,
2018-06-15,322.3,346.65,320.0,335.55,267188,EQ,,,
2018-06-18,331.2,333.35,326.65,327.7,208704,EQ,,,
2018-06-19,327.35,327.35,321.35,323.35,42443,EQ,,,
2018-06-20,328.0,331.05,314.65,315.75,255418,EQ,,,
2018-06-21,316.6,316.6,310.15,311.85,229081,EQ,,,
2018-06-22,312.0,312.1,306.75,307.6,453923,EQ,,,
2018-06-25,309.15,309.15,296.0,303.75,497099,EQ,,,
2018-06-26,301.0,306.5,297.05,298.45,345070,EQ,,,
2018-06-27,299.95,302.35,292.85,297.05,218716,EQ,,,
2018-06-28,297.05,298.65,291.05,295.85,198382,EQ,,,
2018-06-29,295.85,305.75,292.8,294.8,569399,EQ,,,
2018-07-02,295.35,310.0,290.75,308.3,149617,EQ,,,
2018-07-03,306.65,323.15,302.7,319.8,134818,EQ,,,
2018-07-04,320.65,322.95,315.5,320.35,161829,EQ,,,
2018-07-05,317.2,319.65,314.05,315.5,113554,EQ,,,
2018-07-06,315.7,323.65,315.7,321.35,68294,EQ,,,
2018-07-09,320.0,331.95,320.0,327.05,108859,EQ,,,
2018-07-10,329.5,336.65,325.35,335.2,281966,EQ,,,
2018-07-11,332.05,333.05,324.0,326.45,331722,EQ,,,
2018-07-12,328.65,331.35,325.55,330.3,58472,EQ,,,
2018-07-13,330.65,334.0,321.75,331.15,54386,EQ,,,
2018-07-16,331.15,331.15,321.75,324.05,63132,EQ,,,
2018-07-17,324.95,326.65,316.8,319.95,153884,EQ,,,
2018-07-18,319.35,322.35,316.65,319.3,92663,EQ,,,
2018-07-19,319.9,322.1,314.85,320.0,51707,EQ,,,
2018-07-20,320.0,323.05,309.35,319.2,209897,EQ,,,
2018-07-23,326.65,332.5,320.05,327.35,280411,EQ,,,
2018-07-24,325.35,327.55,321.7,325.6,66876,EQ,,,
2018-07-25,327.35,327.35,316.65,317.7,140935,EQ,,,
2018-07-26,317.65,320.8,316.65,318.05,56495,EQ,,,
2018-07-27,318.65,320.65,316.65,317.7,64035,EQ,,,
2018-07-30,319.9,323.5,317.05,322.55,107108,EQ,,,
2018-07-31,322.55,323.25,316.65,317.25,124258,EQ,,,
2018-08-01,319.85,319.85,314.65,317.55,59144,EQ,,,
2018-08-02,320.0,320.0,314.0,314.45,57728,EQ,,,
2018-08-03,315.05,318.0,314.35,317.05,45270,EQ,,,
2018-08-06,318.65,320.35,315.45,317.5,432589,EQ,,,
2018-08-07,320.0,328.0,318.55,326.85,375598,EQ,,,
2018-08-08,326.65,332.65,322.8,331.6,119017,EQ,,,
2018-08-09,333.15,345.25,328.75,343.15,424979,EQ,,,
2018-08-10,346.5,351.35,335.35,349.75,736057,EQ,,,
2018-08-13,350.0,362.15,343.35,350.45,322358,EQ,,,
2018-08-14,350.45,353.05,337.05,339.95,175062,EQ,,,
2018-08-16,339.95,341.35,332.1,338.65,147485,EQ,,,
2018-08-17,342.65,351.6,335.75,338.15,122397,EQ,,,
2018-08-20,340.65,344.7,336.0,339.35,100122,EQ,,,
2018-08-21,343.25,347.6,340.55,345.55,236494,EQ,,,
2018-08-23,348.55,348.55,338.65,339.95,203698,EQ,,,
2018-08-24,340.0,342.45,336.85,338.0,83867,EQ,,,
2018-08-27,338.0,346.65,337.35,340.1,123571,EQ,,,
2018-08-28,342.65,346.55,340.05,344.75,117342,EQ,,,
2018-08-29,346.65,349.0,342.0,344.15,127151,EQ,,,
2018-08-30,349.25,349.25,343.3,346.25,180510,EQ,,,
2018-08-31,347.05,347.35,342.75,343.6,243343,EQ,,,
2018-09-03,346.45,348.35,342.0,343.55,123307,EQ,,,
2018-09-04,344.85,344.85,336.65,338.8,196053,EQ,,,
2018-09-05,338.8,340.25,325.35,326.85,168941,EQ,,,
2018-09-06,328.45,331.4,322.65,325.4,181762,EQ,,,
2018-09-07,326.65,332.0,324.15,330.5,124183,EQ,,,
2018-09-10,327.15,329.95,322.0,324.45,82489,EQ,,,
2018-09-11,326.65,326.65,320.05,321.3,54123,EQ,,,
2018-09-12,324.0,324.0,318.75,320.05,112680,EQ,,,
2018-09-14,321.35,325.05,319.4,320.55,276867,EQ,,,
2018-09-17,321.35,321.35,313.65,315.1,117260,EQ,,,
2018-09-18,317.0,325.7,310.15,312.95,111075,EQ,,,
2018-09-19,315.25,315.25,305.7,306.55,104732,EQ,,,
2018-09-21,309.95,311.05,291.35,294.05,261147,EQ,,,
2018-09-24,296.65,302.65,276.4,298.1,728606,EQ,,,
2018-09-25,296.65,302.9,291.45,297.5,59336,EQ,,,
2018-09-26,299.35,300.0,292.45,298.65,32621,EQ,,,
2018-09-27,298.65,300.0,293.65,296.9,57340,EQ,,,
2018-09-28,294.65,316.65,285.5,306.65,222056,EQ,,,
2018-10-01,306.65,308.65,292.05,304.2,142949,EQ,,,
2018-10-03,303.55,303.65,294.0,301.65,51781,EQ,,,
2018-10-04,296.55,296.55,285.35,290.05,226901,EQ,,,
2018-10-05,288.95,288.95,258.0,263.65,970181,EQ,,,
2018-10-08,261.35,268.75,258.0,263.2,289620,EQ,,,
2018-10-09,263.7,270.0,260.05,264.05,191177,EQ,,,
2018-10-10,265.85,279.15,263.4,275.05,495032,EQ,,,
2018-10-11,270.7,277.35,266.05,274.45,192433,EQ,,,
2018-10-12,277.05,284.0,273.5,282.5,104883,EQ,,,
2018-10-15,288.6,288.6,276.65,279.8,233340,EQ,,,
2018-10-16,281.35,284.45,274.75,276.85,380883,EQ,,,
2018-10-17,280.5,290.95,275.4,277.75,322815,EQ,,,
2018-10-19,279.5,279.5,275.35,277.55,138452,EQ,,,
2018-10-22,282.65,282.95,251.65,257.75,1351857,EQ,,,
2018-10-23,246.65,248.35,228.65,241.7,1248279,EQ,,,
2018-10-24,250.0,251.9,240.2,242.5,419732,EQ,,,
2018-10-25,242.5,250.65,240.7,245.15,343478,EQ,,,
2018-10-26,242.75,246.65,240.95,244.05,49367,EQ,,,
2018-10-29,246.65,248.65,240.0,244.15,143245,EQ,,,
2018-10-30,244.65,253.35,238.4,245.35,261342,EQ,,,
2018-10-31,248.65,255.35,242.05,253.45,191972,EQ,,,
2018-11-01,254.4,254.65,246.65,251.6,565714,EQ,,,
2018-11-02,254.8,269.5,254.8,259.9,376457,EQ,,,
2018-11-05,259.35,263.15,250.05,257.0,275441,EQ,,,
2018-11-06,256.65,259.15,252.25,253.95,101433,EQ,,,
2018-11-07,256.65,260.65,255.0,259.5,20585,EQ,,,
2018-11-09,263.35,267.9,255.65,266.55,344733,EQ,,,
2018-11-12,269.8,270.0,260.85,262.9,210128,EQ,,,
2018-11-13,265.75,269.35,260.85,267.15,316186,EQ,,,
2018-11-14,271.65,284.5,271.35,278.9,843246,EQ,,,
2018-11-15,280.65,282.35,274.15,280.25,169469,EQ,,,
2018-11-16,280.0,282.4,274.0,280.7,208649,EQ,,,
2018-11-19,282.6,285.35,275.95,279.95,240182,EQ,,,
2018-11-20,277.55,281.3,277.55,279.95,103224,EQ,,,
2018-11-21,285.85,292.0,281.0,290.45,499809,EQ,,,
2018-11-22,290.65,298.65,287.45,296.8,436941,EQ,,,
2018-11-26,300.35,308.65,300.05,304.85,807163,EQ,,,
2018-11-27,306.0,311.35,300.75,307.25,215311,EQ,,,
2018-11-28,308.0,310.65,303.35,305.75,180354,EQ,,,
2018-11-29,308.5,310.0,305.0,308.95,143639,EQ,,,
2018-11-30,308.65,309.15,304.35,306.4,279326,EQ,,,
2018-12-03,306.0,308.55,300.75,304.65,143485,EQ,,,
2018-12-04,304.6,304.6,297.35,299.3,151772,EQ,,,
2018-12-05,300.65,302.25,297.35,298.35,69271,EQ,,,
2018-12-06,295.5,296.7,290.0,293.5,195913,EQ,,,
2018-12-07,294.05,300.65,290.05,296.95,51744,EQ,,,
2018-12-10,294.0,294.0,284.0,288.35,157120,EQ,,,
2018-12-11,284.0,313.35,283.35,308.3,176785,EQ,,,
2018-12-12,308.25,308.25,302.05,304.85,110498,EQ,,,
2018-12-13,308.0,310.45,298.35,308.45,353279,EQ,,,
2018-12-14,308.0,310.65,300.0,305.75,148775,EQ,,,
2018-12-17,309.85,316.65,305.35,313.1,86699,EQ,,,
2018-12-18,315.95,323.35,313.1,321.3,207283,EQ,,,
2018-12-19,325.55,328.95,317.45,319.0,187499,EQ,,,
2018-12-20,320.35,326.6,317.95,325.0,85476,EQ,,,
2018-12-21,325.0,326.65,316.25,322.55,145778,EQ,,,
2018-12-24,318.65,325.65,318.05,322.6,87026,EQ,,,
2018-12-26,325.2,325.2,317.1,323.05,71772,EQ,,,
2018-12-27,322.0,323.2,318.65,320.05,79334,EQ,,,
2018-12-28,322.65,324.3,319.95,321.4,125080,EQ,,,
2018-12-31,322.0,328.0,320.7,327.15,81148,EQ,,,
2019-01-01,327.15,333.0,325.35,328.95,72670,EQ,,,
2019-01-02,329.35,329.35,320.0,321.3,131959,EQ,,,
2019-01-03,319.45,326.35,317.75,322.45,94049,EQ,,,
2019-01-04,325.15,325.15,317.35,319.7,52852,EQ,,,
2019-01-07,319.75,321.15,304.75,311.15,81527,EQ,,,
2019-01-08,311.15,311.15,305.35,308.3,46339,EQ,,,
2019-01-09,309.35,309.5,300.0,301.1,138561,EQ,,,
2019-01-10,300.0,301.85,295.35,299.65,84528,EQ,,,
2019-01-11,301.95,305.15,296.05,299.1,64992,EQ,,,
2019-01-14,300.95,300.95,291.4,294.8,158365,EQ,,,
2019-01-15,296.65,306.65,296.65,304.65,471397,EQ,,,
2019-01-16,305.95,307.95,302.0,304.5,67233,EQ,,,
2019-01-17,302.65,306.25,298.2,299.75,59001,EQ,,,
2019-01-18,302.0,305.35,296.25,303.85,33482,EQ,,,
2019-01-21,303.35,310.65,299.35,302.5,36220,EQ,,,
2019-01-22,302.25,306.65,298.9,304.15,36685,EQ,,,
2019-01-23,306.65,306.65,296.75,298.45,42666,EQ,,,
2019-01-24,298.05,305.35,293.4,302.95,57956,EQ,,,
2019-01-25,302.65,305.95,298.35,299.35,67376,EQ,,,
2019-01-28,301.35,302.6,288.15,292.05,165695,EQ,,,
2019-01-29,290.65,293.1,276.25,286.9,463029,EQ,,,
2019-01-30,284.0,292.65,280.8,289.45,219239,EQ,,,
2019-01-31,289.15,302.65,284.1,297.55,227207,EQ,,,
2019-02-01,295.95,306.65,290.05,305.25,149094,EQ,,,
2019-02-04,300.35,306.65,295.75,305.45,76860,EQ,,,
2019-02-05,305.0,310.0,301.35,309.15,52102,EQ,,,
2019-02-06,309.0,313.35,304.05,310.1,73503,EQ,,,
2019-02-07,312.65,316.55,306.95,313.9,242537,EQ,,,
2019-02-08,314.0,316.05,309.35,313.1,63876,EQ,,,
2019-02-11,309.35,312.65,302.7,306.4,110587,EQ,,,
2019-02-12,305.35,308.4,300.0,305.35,146455,EQ,,,
2019-02-13,306.65,306.8,295.4,301.2,102028,EQ,,,
2019-02-14,299.0,307.65,297.85,305.85,36081,EQ,,,
2019-02-15,302.1,303.4,296.65,300.95,38684,EQ,,,
2019-02-18,299.35,299.35,290.7,292.3,84600,EQ,,,
2019-02-19,292.6,294.0,286.0,286.9,85192,EQ,,,
2019-02-20,287.35,296.55,287.35,293.15,77141,EQ,,,
2019-02-21,293.15,295.8,287.4,288.4,51513,EQ,,,
2019-02-22,290.0,297.7,289.35,295.45,145376,EQ,,,
2019-02-25,297.35,307.25,293.4,303.45,105807,EQ,,,
2019-02-26,298.85,303.3,293.5,302.35,60479,EQ,,,
2019-02-27,302.65,306.25,296.7,300.35,104957,EQ,,,
2019-02-28,300.35,302.5,298.65,300.15,136939,EQ,,,
2019-03-01,301.65,301.65,296.25,297.45,203156,EQ,,,
2019-03-05,299.85,299.85,291.95,293.6,305507,EQ,,,
2019-03-06,295.95,297.35,287.35,289.65,147240,EQ,,,
2019-03-07,291.95,293.1,288.0,289.35,168418,EQ,,,
2019-03-08,290.6,298.65,288.65,296.4,304049,EQ,,,
2019-03-11,296.4,322.65,295.1,317.7,433417,EQ,,,
2019-03-12,321.35,325.95,314.0,316.9,320455,EQ,,,
2019-03-13,318.15,318.15,300.15,310.2,259103,EQ,,,
2019-03-14,310.2,311.3,305.2,307.35,446079,EQ,,,
2019-03-15,306.65,326.0,302.35,311.25,323972,EQ,,,
2019-03-18,314.35,316.85,305.25,310.35,132151,EQ,,,
2019-03-19,310.65,312.95,306.0,306.7,216082,EQ,,,
2019-03-20,308.25,309.85,305.65,306.05,71268,EQ,,,
2019-03-22,294.65,300.15,290.85,296.65,404785,EQ,,,
2019-03-25,296.65,299.25,291.45,293.25,169061,EQ,,,
2019-03-26,296.15,303.35,292.65,302.1,124554,EQ,,,
2019-03-27,299.4,304.15,295.55,298.7,196166,EQ,,,
2019-03-28,301.35,301.35,297.5,299.85,126071,EQ,,,
2019-03-29,302.0,307.8,296.0,305.65,149943,EQ,,,
2019-04-01,303.65,306.4,294.65,296.0,374950,EQ,,,
2019-04-02,297.1,304.95,293.35,301.45,827713,EQ,,,
2019-04-03,302.65,312.65,301.0,309.9,312987,EQ,,,
2019-04-04,309.9,314.6,307.35,312.45,100381,EQ,,,
2019-04-05,314.0,316.6,310.0,312.5,93547,EQ,,,
2019-04-08,313.15,313.15,304.35,306.35,54288,EQ,,,
2019-04-09,305.35,306.0,298.35,300.65,110697,EQ,,,
2019-04-10,301.65,316.65,298.65,304.25,106149,EQ,,,
2019-04-11,303.05,307.65,299.0,303.25,39268,EQ,,,
2019-04-12,302.45,310.65,301.4,307.55,137035,EQ,,,
2019-04-15,310.65,310.65,303.55,307.05,182941,EQ,,,
2019-04-16,307.05,311.45,301.35,303.95,163902,EQ,,,
2019-04-18,303.35,305.35,295.45,298.6,304701,EQ,,,
2019-04-22,300.65,300.65,294.35,295.25,110933,EQ,,,
2019-04-23,294.25,296.65,288.8,290.15,168341,EQ,,,
2019-04-24,292.65,296.95,286.05,290.55,140343,EQ,,,
2019-04-25,293.35,298.65,290.0,295.95,79375,EQ,,,
2019-04-26,298.6,298.6,292.0,294.15,80580,EQ,,,
2019-04-30,296.65,296.65,288.65,294.05,85309,EQ,,,
2019-05-02,293.35,294.65,272.0,279.55,752734,EQ,,,
2019-05-03,278.0,293.35,263.35,287.45,500189,EQ,,,
2019-05-06,285.0,288.0,279.35,283.65,119746,EQ,,,
2019-05-07,286.0,293.35,279.2,287.9,143538,EQ,,,
2019-05-08,284.8,292.65,281.35,289.35,142710,EQ,,,
2019-05-09,287.35,292.55,282.75,286.5,209967,EQ,,,
2019-05-10,283.25,283.95,275.35,276.2,333256,EQ,,,
2019-05-13,275.9,276.55,269.35,271.0,246150,EQ,,,
2019-05-14,271.35,274.0,264.95,270.45,596976,EQ,,,
2019-05-15,272.55,272.55,262.85,266.75,293323,EQ,,,
2019-05-16,267.25,268.8,260.0,267.05,158630,EQ,,,
2019-05-17,269.25,275.9,262.0,273.85,650957,EQ,,,
2019-05-20,278.0,279.25,269.05,273.95,269188,EQ,,,
2019-05-21,275.2,276.25,268.75,269.55,213123,EQ,,,
2019-05-22,270.25,280.55,269.35,278.5,109378,EQ,,,
2019-05-23,282.65,286.65,273.35,283.15,594684,EQ,,,
2019-05-24,283.35,294.0,280.95,291.65,872544,EQ,,,
2019-05-27,292.0,298.65,288.65,293.9,68938,EQ,,,
2019-05-28,295.95,303.25,288.85,298.55,140991,EQ,,,
2019-05-29,295.35,302.0,294.05,298.3,63985,EQ,,,
2019-05-30,301.65,301.65,292.35,295.95,585817,EQ,,,
2019-05-31,299.85,312.0,296.25,307.55,577797,EQ,,,
2019-06-03,310.65,312.0,299.75,310.7,157865,EQ,,,
2019-06-04,308.65,308.65,303.75,306.55,137531,EQ,,,
2019-06-06,306.65,306.65,297.35,300.65,381605,EQ,,,
2019-06-07,300.0,300.0,295.15,298.75,101934,EQ,,,
2019-06-10,295.35,297.95,293.35,295.85,291151,EQ,,,
2019-06-11,296.65,303.35,292.25,299.6,363943,EQ,,,
2019-06-12,299.75,310.65,297.35,308.75,349924,EQ,,,
2019-06-13,309.35,313.35,302.4,310.35,111483,EQ,,,
2019-06-14,300.0,304.0,296.35,299.75,257501,EQ,,,
2019-06-17,298.8,304.0,291.45,298.45,75834,EQ,,,
2019-06-18,298.0,304.8,294.15,298.45,111981,EQ,,,
2019-06-19,300.0,306.65,296.4,304.15,67036,EQ,,,
2019-06-20,303.35,308.35,297.55,306.65,137050,EQ,,,
2019-06-21,303.35,303.35,298.0,300.05,303425,EQ,,,
2019-06-24,299.25,299.25,293.35,294.95,77930,EQ,,,
2019-06-25,293.35,296.65,290.45,295.75,68067,EQ,,,
2019-06-26,296.0,296.0,290.9,293.15,190978,EQ,,,
2019-06-27,292.15,295.9,287.35,293.55,94605,EQ,,,
2019-06-28,292.05,296.4,291.35,294.2,45423,EQ,,,
2019-07-01,294.35,300.65,291.65,297.25,189179,EQ,,,
2019-07-02,294.75,299.35,292.0,294.15,50761,EQ,,,
2019-07-03,295.65,298.35,293.55,295.5,65364,EQ,,,
2019-07-04,297.0,298.35,294.45,295.95,113072,EQ,,,
2019-07-05,296.65,296.95,289.55,292.1,58298,EQ,,,
2019-07-08,290.15,290.15,275.6,279.35,499467,EQ,,,
2019-07-09,279.35,289.95,273.0,284.05,99400,EQ,,,
2019-07-10,285.95,285.95,278.8,283.35,40746,EQ,,,
2019-07-11,282.75,283.65,275.0,282.25,238437,EQ,,,
2019-07-12,281.35,293.2,277.85,290.65,78288,EQ,,,
2019-07-15,290.0,293.3,286.65,292.05,28668,EQ,,,
2019-07-16,293.3,293.3,286.0,288.15,64564,EQ,,,
2019-07-17,288.0,299.95,286.75,288.85,157248,EQ,,,
2019-07-18,290.0,291.05,279.9,282.55,55077,EQ,,,
2019-07-19,282.0,284.95,274.15,279.95,132979,EQ,,,
2019-07-22,279.8,280.0,275.45,276.55,112049,EQ,,,
2019-07-23,276.65,278.65,271.2,273.85,93516,EQ,,,
2019-07-24,273.95,274.85,266.5,270.45,419492,EQ,,,
2019-07-25,269.05,274.3,269.05,271.1,288128,EQ,,,
2019-07-26,272.35,272.35,266.05,269.35,301478,EQ,,,
2019-07-29,266.85,291.95,264.7,286.45,1202474,EQ,,,
2019-07-30,285.3,291.8,274.4,290.0,491233,EQ,,,
2019-07-31,287.95,288.55,281.35,284.75,137886,EQ,,,
2019-08-01,287.3,287.3,274.65,280.55,102188,EQ,,,
2019-08-02,280.0,290.65,276.75,289.15,121911,EQ,,,
2019-08-05,288.65,288.65,281.35,285.55,62742,EQ,,,
2019-08-06,282.0,300.0,282.0,296.45,304036,EQ,,,
2019-08-07,294.05,312.6,294.05,309.35,223356,EQ,,,
2019-08-08,312.65,318.65,304.0,312.75,379771,EQ,,,
2019-08-09,314.4,320.55,314.4,317.7,173698,EQ,,,
2019-08-13,319.75,320.0,309.75,313.45,72148,EQ,,,
2019-08-14,312.65,313.35,306.55,311.25,86181,EQ,,,
2019-08-16,311.35,321.15,306.0,318.75,120346,EQ,,,
2019-08-19,320.0,320.75,314.75,318.85,103546,EQ,,,
2019-08-20,318.85,318.85,312.15,317.05,31140,EQ,,,
2019-08-21,317.05,317.05,304.75,314.55,72922,EQ,,,
2019-08-22,311.35,318.0,308.0,315.35,58689,EQ,,,
2019-08-23,314.05,326.0,310.45,315.75,218452,EQ,,,
2019-08-26,315.65,321.75,314.05,319.85,125960,EQ,,,
2019-08-27,322.65,322.65,317.35,319.45,169520,EQ,,,
2019-08-28,321.0,321.95,310.0,316.35,59622,EQ,,,
2019-08-29,318.3,318.3,307.45,309.05,158554,EQ,,,
2019-08-30,310.8,313.05,300.0,307.05,343692,EQ,,,
2019-09-03,309.65,309.85,302.15,304.75,231426,EQ,,,
2019-09-04,304.85,311.35,304.85,309.75,50276,EQ,,,
2019-09-05,308.05,310.9,306.65,308.4,41347,EQ,,,
2019-09-06,309.6,309.6,305.35,307.25,252053,EQ,,,
2019-09-09,308.2,309.2,301.0,303.15,72701,EQ,,,
2019-09-11,302.75,318.65,302.75,315.35,119117,EQ,,,
2019-09-12,316.55,321.05,313.45,316.35,85867,EQ,,,
2019-09-13,317.55,323.35,308.15,314.25,400272,EQ,,,
2019-09-16,314.0,316.75,305.45,313.45,107271,EQ,,,
2019-09-17,313.35,313.35,306.05,308.85,431033,EQ,,,
2019-09-18,310.1,312.75,307.65,310.45,97486,EQ,,,
2019-09-19,311.35,311.65,304.0,306.2,41872,EQ,,,
2019-09-20,306.35,324.0,303.7,322.35,731540,EQ,,,
2019-09-23,325.25,356.95,322.7,349.65,860600,EQ,,,
2019-09-24,350.0,354.7,336.65,342.1,197639,EQ,,,
2019-09-25,344.0,344.6,330.35,337.25,208385,EQ,,,
2019-09-26,340.0,346.25,335.4,340.8,109815,EQ,,,
2019-09-27,342.95,350.0,336.2,344.35,213096,EQ,,,
2019-09-30,346.65,353.35,341.6,349.95,161968,EQ,5095.0,31.79,47656.0
2019-10-01,349.95,352.4,337.4,339.85,89602,EQ,3702.0,24.2,54960.0
2019-10-03,340.35,343.15,326.7,330.85,275107,EQ,9936.0,27.69,181574.0
2019-10-04,330.55,332.55,325.35,328.15,68503,EQ,3168.0,21.62,45328.0
2019-10-07,327.6,334.0,326.05,328.65,61629,EQ,7089.0,8.69,25442.0
2019-10-09,328.65,340.0,328.05,334.95,115437,EQ,6623.0,17.43,78511.0
2019-10-10,333.65,346.6,333.65,344.95,124497,EQ,5257.0,23.68,63260.0
2019-10-11,345.25,348.7,335.65,338.4,144286,EQ,7295.0,19.78,88292.0
2019-10-14,339.35,341.15,334.65,340.15,67330,EQ,3025.0,22.26,40163.0
2019-10-15,338.2,347.95,338.2,345.7,98007,EQ,3894.0,25.17,49109.0
2019-10-16,346.65,351.35,341.35,346.15,111490,EQ,7203.0,15.48,56468.0
2019-10-17,349.0,351.2,343.4,350.15,204986,EQ,9840.0,20.83,161813.0
2019-10-18,352.85,364.45,346.85,360.8,674483,EQ,27925.0,24.15,452941.0
2019-10-22,362.65,370.55,344.7,353.35,490104,EQ,9581.0,51.15,374288.0
2019-10-23,349.65,360.0,346.95,355.25,221144,EQ,3911.0,56.54,174090.0
2019-10-24,358.0,360.0,346.75,356.85,140498,EQ,6170.0,22.77,69792.0
2019-10-25,360.0,366.55,357.65,363.8,368052,EQ,13934.0,26.41,171387.0
2019-10-29,369.35,372.65,364.0,368.1,189510,EQ,7683.0,24.67,117078.0
2019-10-30,368.0,373.25,362.55,364.7,275183,EQ,11120.0,24.75,202294.0
2019-10-31,364.7,374.0,364.7,370.25,284685,EQ,19702.0,14.45,227722.0
2019-11-01,374.65,382.0,356.7,359.0,1552964,EQ,33060.0,46.97,524013.0
2019-11-04,361.25,361.25,350.55,353.25,179577,EQ,8272.0,21.71,100589.0
2019-11-05,355.45,357.35,350.05,352.45,113854,EQ,4250.0,26.79,53956.0
2019-11-06,354.65,356.65,346.4,354.65,100864,EQ,5449.0,18.51,47141.0
2019-11-07,355.35,359.65,346.65,356.35,282542,EQ,8935.0,31.62,216939.0
2019-11-08,352.0,354.35,349.35,352.35,139653,EQ,3416.0,40.88,107191.0
2019-11-11,352.35,366.65,349.35,362.0,113741,EQ,4159.0,27.35,74026.0
2019-11-13,362.0,363.35,359.25,361.15,85576,EQ,2932.0,29.19,62194.0
2019-11-14,360.65,363.95,355.75,361.35,112447,EQ,3200.0,35.14,88867.0
2019-11-15,361.35,368.65,355.85,367.25,276699,EQ,10171.0,27.2,208449.0
2019-11-18,366.95,371.65,360.05,362.9,110678,EQ,9691.0,11.42,47427.0
2019-11-19,360.65,367.65,360.05,365.8,48936,EQ,2788.0,17.55,23473.0
2019-11-20,364.15,365.05,357.9,360.35,68390,EQ,4372.0,15.64,37368.0
2019-11-21,360.0,361.45,355.35,355.95,146746,EQ,4291.0,34.2,118914.0
2019-11-22,355.95,356.65,348.05,349.85,186310,EQ,3970.0,46.93,152546.0
2019-11-25,349.85,356.45,348.0,350.45,108371,EQ,4859.0,22.3,67303.0
2019-11-26,352.05,356.8,349.95,351.95,282546,EQ,4529.0,62.39,245017.0
2019-11-27,355.35,356.0,349.0,353.4,83005,EQ,4656.0,17.83,40677.0
2019-11-28,350.0,353.25,349.45,352.35,115877,EQ,4342.0,26.69,76603.0
2019-11-29,350.8,352.65,346.65,349.95,88758,EQ,4575.0,19.4,58019.0
2019-12-02,349.95,351.7,346.65,348.75,77422,EQ,6322.0,12.25,46016.0
2019-12-03,350.0,350.55,340.0,343.55,118367,EQ,7305.0,16.2,77588.0
2019-12-04,343.35,353.35,343.35,351.05,55312,EQ,2237.0,24.73,31634.0
2019-12-05,352.3,352.3,340.0,348.9,239555,EQ,4266.0,56.15,181408.0
2019-12-06,348.65,353.25,337.4,349.2,185466,EQ,5271.0,35.19,104696.0
2019-12-09,350.95,350.95,341.35,347.8,203212,EQ,7545.0,26.93,149853.0
2019-12-10,348.05,348.15,344.1,346.6,102848,EQ,3211.0,32.03,64603.0
2019-12-11,346.0,351.0,343.4,349.65,42031,EQ,2098.0,20.03,26680.0
2019-12-12,348.75,352.0,345.1,348.45,90351,EQ,2868.0,31.5,59326.0
2019-12-13,348.85,357.7,344.35,353.25,308531,EQ,3666.0,84.16,278230.0
2019-12-16,353.4,365.65,353.4,364.05,203255,EQ,5051.0,40.24,95292.0
2019-12-17,364.05,367.35,357.45,362.4,318935,EQ,4930.0,64.69,262111.0
2019-12-18,360.7,364.75,354.75,363.4,94976,EQ,4556.0,20.85,53616.0
2019-12-19,361.35,362.95,356.45,359.6,87818,EQ,4426.0,19.84,48130.0
2019-12-20,359.45,361.8,356.95,358.45,161893,EQ,4250.0,38.09,122775.0
2019-12-23,355.2,358.35,342.35,350.35,229529,EQ,6971.0,32.93,124981.0
2019-12-24,351.95,351.95,344.75,346.65,120663,EQ,5440.0,22.18,78936.0
2019-12-26,345.35,349.3,345.35,346.55,42370,EQ,1652.0,25.65,26803.0
2019-12-27,346.55,347.0,339.65,343.2,160205,EQ,8368.0,19.14,102232.0
2019-12-30,344.0,351.95,338.65,339.7,161508,EQ,6239.0,25.89,105906.0
2019-12-31,340.0,352.65,337.6,347.75,178007,EQ,6540.0,27.22,108931.0
2020-01-01,348.0,348.6,345.35,346.6,95850,EQ,2959.0,32.39,67701.0
2020-01-02,346.65,352.55,344.35,349.9,156512,EQ,3940.0,39.72,132723.0
2020-01-03,349.95,350.65,341.6,343.45,71897,EQ,2749.0,26.15,52726.0
2020-01-06,338.65,342.0,326.85,329.25,417454,EQ,20849.0,20.02,290988.0
2020-01-07,332.05,340.65,332.05,338.7,223654,EQ,5133.0,43.57,169511.0
2020-01-08,332.7,343.25,330.65,341.6,314868,EQ,4750.0,66.29,255472.0
2020-01-09,345.15,345.35,339.45,341.2,339101,EQ,6751.0,50.23,281481.0
2020-01-10,342.05,345.85,336.85,338.25,88599,EQ,3112.0,28.47,63585.0
2020-01-13,343.0,345.2,336.65,338.9,528674,EQ,4646.0,113.79,488911.0
2020-01-14,339.85,347.35,338.65,345.15,500027,EQ,3239.0,154.38,457246.0
2020-01-15,345.15,347.35,340.8,343.4,490279,EQ,6006.0,81.63,451072.0
2020-01-16,347.85,358.0,343.8,346.5,736877,EQ,19982.0,36.88,525164.0
2020-01-17,348.65,353.35,342.1,344.6,311780,EQ,7465.0,41.77,233511.0
2020-01-20,346.55,351.0,344.05,349.35,380098,EQ,8992.0,42.27,332016.0
2020-01-21,350.0,350.65,344.05,345.75,172256,EQ,4737.0,36.36,132889.0
2020-01-22,346.65,350.75,339.35,340.95,448935,EQ,6520.0,68.86,387829.0
2020-01-23,340.8,345.35,338.85,343.85,672636,EQ,5824.0,115.49,586647.0
2020-01-24,345.35,349.95,344.35,347.7,140870,EQ,6627.0,21.26,91104.0
2020-01-27,347.7,351.65,344.65,346.15,234715,EQ,3442.0,68.19,175399.0
2020-01-28,348.3,348.3,340.0,341.05,250372,EQ,5331.0,46.97,148144.0
2020-01-29,344.65,344.65,341.35,341.55,116555,EQ,2116.0,55.08,86887.0
2020-01-30,343.65,344.25,335.35,341.35,713268,EQ,5276.0,135.19,638977.0
2020-01-31,343.45,343.5,328.1,332.9,787559,EQ,20230.0,38.93,457364.0
2020-02-03,336.35,341.2,330.65,338.85,150709,EQ,5766.0,26.14,75955.0
2020-02-04,341.1,342.35,337.25,340.05,362463,EQ,5092.0,71.18,325044.0
2020-02-05,341.85,342.0,334.75,336.65,559802,EQ,9191.0,60.91,507988.0
2020-02-06,339.25,340.0,330.65,337.65,307519,EQ,5783.0,53.18,243562.0
2020-02-07,339.85,342.0,332.0,340.15,183744,EQ,5198.0,35.35,119935.0
2020-02-10,342.0,342.0,332.65,333.95,79669,EQ,3388.0,23.52,55157.0
2020-02-11,333.35,338.0,328.65,330.65,665543,EQ,4910.0,135.55,611757.0
2020-02-12,333.2,341.85,330.65,339.35,152777,EQ,4613.0,33.12,103123.0
2020-02-13,337.35,339.95,333.15,334.45,48703,EQ,2555.0,19.06,26980.0
2020-02-14,338.25,339.05,330.7,333.5,116737,EQ,3233.0,36.11,77962.0
2020-02-17,334.65,338.6,330.35,335.0,125959,EQ,3691.0,34.13,98642.0
2020-02-18,336.6,339.65,332.05,335.4,180956,EQ,18143.0,9.97,125665.0
2020-02-19,337.95,337.95,332.65,333.85,134173,EQ,3453.0,38.86,103536.0
2020-02-20,332.65,338.35,332.65,336.55,239926,EQ,5674.0,42.29,208846.0
2020-02-24,337.0,343.85,332.0,338.25,193937,EQ,6945.0,27.92,92714.0
2020-02-25,340.0,341.35,334.95,336.65,160283,EQ,5107.0,31.38,122873.0
2020-02-26,336.0,338.6,333.7,334.85,95912,EQ,5145.0,18.64,62281.0
2020-02-27,334.0,339.05,331.05,334.05,192389,EQ,3589.0,53.61,152418.0
2020-02-28,332.0,337.0,323.35,334.35,132119,EQ,9935.0,13.3,82406.0
2020-03-02,336.65,349.6,327.05,329.7,165370,EQ,7914.0,20.9,50108.0
2020-03-03,333.35,336.0,331.35,333.35,154660,EQ,6475.0,23.89,116045.0
2020-03-04,334.0,338.55,314.65,327.45,263387,EQ,11464.0,22.98,183612.0
2020-03-05,327.55,333.5,327.55,330.0,468375,EQ,7923.0,59.12,423847.0
2020-03-06,320.75,326.45,319.25,320.6,552894,EQ,5502.0,100.49,500932.0
2020-03-09,321.4,324.95,314.65,320.7,327861,EQ,5233.0,62.65,266749.0
2020-03-11,323.25,323.35,300.0,317.2,211310,EQ,9720.0,21.74,150919.0
2020-03-12,310.35,313.3,286.75,309.85,268510,EQ,11356.0,23.64,182920.0
2020-03-13,297.05,308.65,280.05,302.65,251679,EQ,9903.0,25.41,187740.0
2020-03-16,281.35,302.65,280.65,287.9,230910,EQ,14383.0,16.05,164311.0
2020-03-17,288.7,297.45,267.35,277.0,336581,EQ,10168.0,33.1,281813.0
2020-03-18,275.35,279.85,251.2,261.95,615192,EQ,19418.0,31.68,536564.0
2020-03-19,252.0,257.35,233.35,246.05,834887,EQ,35150.0,23.75,585352.0
2020-03-20,250.0,262.0,240.0,246.35,335420,EQ,7023.0,47.76,204148.0
2020-03-23,233.25,240.0,197.1,199.5,829735,EQ,28222.0,29.4,639578.0
2020-03-24,220.0,220.0,195.8,207.15,175401,EQ,9485.0,18.49,116696.0
2020-03-25,200.15,220.25,200.15,218.45,106780,EQ,5362.0,19.91,60101.0
2020-03-26,220.25,236.3,218.55,229.85,151436,EQ,9795.0,15.46,81306.0
2020-03-27,233.35,246.45,229.05,238.25,102062,EQ,4670.0,21.85,50114.0
2020-03-30,234.0,247.15,230.0,241.7,389111,EQ,3157.0,123.25,356137.0
2020-03-31,244.1,263.2,244.1,258.3,193615,EQ,9649.0,20.07,109590.0
2020-04-01,260.0,261.35,256.75,259.3,143897,EQ,4185.0,34.38,106065.0
2020-04-03,256.65,259.3,249.35,251.6,2067993,EQ,2965.0,697.47,2037288.0
2020-04-07,253.35,256.15,250.45,252.65,330930,EQ,13452.0,24.6,293706.0
2020-04-08,255.95,258.35,248.3,250.65,392499,EQ,7401.0,53.03,344025.0
2020-04-09,254.3,256.0,250.7,252.6,361105,EQ,4826.0,74.82,318107.0
2020-04-13,254.65,254.65,234.95,238.45,190519,EQ,,,
2020-04-15,240.15,246.55,231.95,233.45,810907,EQ,21041.0,38.54,690904.0
2020-04-16,235.95,246.65,233.6,244.85,860038,EQ,23076.0,37.27,756439.0
2020-04-17,251.85,254.65,246.75,253.35,451211,EQ,15046.0,29.99,350371.0
2020-04-20,256.65,267.3,249.25,263.0,477570,EQ,12284.0,38.88,334520.0
2020-04-21,263.35,264.9,255.15,257.65,155984,EQ,6173.0,25.27,91205.0
2020-04-22,259.55,260.8,250.15,253.1,247649,EQ,7725.0,32.06,169942.0
2020-04-23,256.65,266.85,254.8,258.25,365126,EQ,11870.0,30.76,117528.0
2020-04-24,259.8,264.0,253.7,262.9,210038,EQ,14240.0,14.75,125054.0
2020-04-27,266.65,271.05,261.35,266.5,215506,EQ,8860.0,24.32,141422.0
2020-04-28,266.05,267.35,258.65,259.45,162890,EQ,4181.0,38.96,124682.0
2020-04-29,263.2,272.0,260.0,266.75,917232,EQ,9471.0,96.85,781447.0
2020-04-30,273.25,280.6,271.5,275.95,233863,EQ,11538.0,20.27,138916.0
2020-05-04,266.0,266.0,258.35,259.2,205410,EQ,5401.0,38.03,140056.0
2020-05-05,260.25,269.6,259.3,261.25,323630,EQ,10449.0,30.97,199475.0
2020-05-06,263.35,271.2,253.35,262.15,1041141,EQ,23260.0,44.76,152890.0
2020-05-07,254.0,262.0,245.35,248.45,542852,EQ,7905.0,68.67,413514.0
2020-05-08,248.65,251.75,237.75,239.75,183760,EQ,11836.0,15.53,87776.0
2020-05-11,241.35,244.45,237.35,240.55,114131,EQ,4769.0,23.93,51290.0
2020-05-12,239.15,244.0,234.0,240.25,191300,EQ,11129.0,17.19,104868.0
2020-05-13,246.6,250.0,240.65,246.4,293815,EQ,4047.0,72.6,245822.0
2020-05-14,247.05,247.05,239.0,240.55,78823,EQ,3260.0,24.18,46058.0
2020-05-15,241.35,243.15,239.25,240.65,23604,EQ,1676.0,14.08,10252.0
2020-05-18,243.35,244.35,226.65,227.8,332060,EQ,8355.0,39.74,274818.0
2020-05-19,232.55,232.55,221.65,223.5,535068,EQ,8266.0,64.73,437942.0
2020-05-20,224.05,232.65,222.05,231.75,84303,EQ,5104.0,16.52,42929.0
2020-05-21,232.65,242.6,231.25,239.85,61689,EQ,3026.0,20.39,29215.0
2020-05-22,238.0,241.25,234.15,235.45,61360,EQ,3096.0,19.82,38820.0
2020-05-26,239.35,239.35,231.75,232.65,557610,EQ,2897.0,192.48,379209.0
2020-05-27,235.35,237.65,230.15,232.55,494489,EQ,5390.0,91.74,404976.0
2020-05-28,233.35,240.65,232.7,239.7,187770,EQ,5130.0,36.6,103499.0
2020-05-29,236.65,245.35,236.65,242.4,145041,EQ,7576.0,19.14,87574.0
2020-06-01,246.25,251.3,244.7,250.75,214582,EQ,12377.0,17.34,119843.0
2020-06-02,253.25,256.0,250.0,253.95,141548,EQ,4096.0,34.56,84655.0
2020-06-03,259.35,267.7,256.2,263.35,419138,EQ,10679.0,39.25,154872.0
2020-06-04,263.45,265.25,260.0,261.15,88843,EQ,7153.0,12.42,51561.0
2020-06-05,262.05,268.65,262.05,266.45,124520,EQ,3883.0,32.07,61770.0
2020-06-08,270.0,270.0,261.0,262.15,133137,EQ,3828.0,34.78,60054.0
2020-06-09,265.75,270.0,261.55,267.85,327598,EQ,10778.0,30.4,242556.0
2020-06-10,266.65,268.0,260.65,262.15,111199,EQ,5230.0,21.26,58012.0
2020-06-11,264.45,265.3,254.35,257.55,165953,EQ,8311.0,19.97,110067.0
2020-06-12,247.35,260.0,247.35,255.35,259125,EQ,3516.0,73.7,186393.0
2020-06-15,259.6,261.85,253.55,257.65,66565,EQ,5815.0,11.45,30270.0
2020-06-16,258.4,262.65,255.4,258.25,50799,EQ,2324.0,21.86,19860.0
2020-06-17,256.65,262.0,255.3,259.4,150762,EQ,4322.0,34.88,121271.0
2020-06-18,257.5,262.1,257.05,259.25,128116,EQ,7003.0,18.29,91526.0
2020-06-19,259.95,262.1,255.45,258.15,284628,EQ,7938.0,35.86,207882.0
2020-06-22,258.65,267.35,256.55,265.75,476544,EQ,12550.0,37.97,246292.0
2020-06-23,266.65,269.95,264.65,268.4,159632,EQ,5854.0,27.27,84294.0
2020-06-24,268.65,296.0,268.55,288.65,729078,EQ,20913.0,34.86,271445.0
2020-06-25,283.35,319.1,277.5,304.25,606022,EQ,17114.0,35.41,342707.0
2020-06-26,301.35,314.05,293.65,306.45,367469,EQ,9811.0,37.45,192096.0
2020-06-29,301.35,302.95,284.55,294.9,270518,EQ,12892.0,20.98,117275.0
2020-06-30,294.65,301.35,284.65,297.6,325183,EQ,10251.0,31.72,136088.0
2020-07-01,297.35,303.8,288.95,299.7,259793,EQ,12964.0,20.04,95507.0
2020-07-02,297.45,310.85,294.05,308.4,269824,EQ,10839.0,24.89,101875.0
2020-07-03,304.65,306.95,297.35,301.45,120047,EQ,5009.0,23.97,38867.0
2020-07-06,298.25,301.95,296.8,300.5,314126,EQ,15827.0,19.85,221154.0
2020-07-07,300.65,301.8,293.65,295.85,299964,EQ,9903.0,30.29,197122.0
2020-07-08,295.85,298.35,290.0,291.0,102525,EQ,3225.0,31.79,26709.0
2020-07-09,291.0,294.2,286.95,290.85,105412,EQ,7115.0,14.82,27352.0
2020-07-10,292.0,292.0,286.65,287.95,264585,EQ,3361.0,78.72,221712.0
2020-07-13,290.0,298.15,287.35,294.1,166507,EQ,3523.0,47.26,128723.0
2020-07-14,295.35,295.35,289.35,291.3,123332,EQ,4321.0,28.54,69787.0
2020-07-15,294.65,300.45,293.15,296.35,436777,EQ,7913.0,55.2,160184.0
2020-07-16,298.0,305.35,297.45,303.4,286686,EQ,7729.0,37.09,154036.0
2020-07-17,304.0,304.0,298.75,300.15,65145,EQ,2573.0,25.32,23024.0
2020-07-20,300.0,307.9,297.05,304.95,445457,EQ,8574.0,51.95,398989.0
2020-07-21,304.0,306.6,302.55,304.15,93395,EQ,3268.0,28.58,50317.0
2020-07-22,302.55,306.15,294.0,299.35,133529,EQ,4752.0,28.1,100762.0
2020-07-23,297.35,305.95,294.0,295.6,355726,EQ,5978.0,59.51,283737.0
2020-07-24,295.35,298.05,287.5,289.55,665207,EQ,3462.0,192.15,599288.0
2020-07-27,288.15,295.85,285.35,293.35,173418,EQ,3392.0,51.13,129739.0
2020-07-28,294.0,296.0,290.0,291.05,85049,EQ,2305.0,36.9,61722.0
2020-07-29,292.65,294.45,287.0,288.4,38935,EQ,1741.0,22.36,19153.0
2020-07-30,287.35,289.85,277.65,279.55,79805,EQ,3818.0,20.9,45311.0
2020-07-31,280.65,291.35,279.65,289.05,176539,EQ,4586.0,38.5,134007.0
2020-08-03,290.0,299.35,285.35,295.15,1664060,EQ,11424.0,145.66,1263027.0
2020-08-04,293.35,293.35,286.65,288.35,128298,EQ,7606.0,16.87,36826.0
2020-08-05,289.35,299.65,286.65,295.15,175958,EQ,5756.0,30.57,85906.0
2020-08-06,295.35,298.0,290.15,296.15,744871,EQ,6482.0,114.91,631566.0
2020-08-07,296.15,309.6,296.15,306.25,940376,EQ,17258.0,54.49,705478.0
2020-08-10,306.6,323.2,306.1,315.55,628463,EQ,11911.0,52.76,476949.0
2020-08-11,319.95,322.0,316.35,320.65,253723,EQ,5386.0,47.11,183075.0
2020-08-12,320.0,328.0,316.65,321.95,293252,EQ,7706.0,38.06,191867.0
2020-08-13,324.65,328.0,315.35,317.75,197392,EQ,3363.0,58.7,154006.0
2020-08-14,319.95,320.0,311.35,316.25,44425,EQ,2752.0,16.14,23150.0
2020-08-17,316.65,322.95,314.0,318.05,82267,EQ,3614.0,22.76,38562.0
2020-08-18,319.75,333.65,314.55,332.1,430453,EQ,10308.0,41.76,253203.0
2020-08-19,330.65,330.65,323.45,325.05,157875,EQ,5706.0,27.67,102932.0
2020-08-20,325.05,326.6,320.6,323.3,108626,EQ,1720.0,63.15,94331.0
2020-08-21,322.15,327.65,316.0,317.25,850527,EQ,7526.0,113.01,753735.0
2020-08-24,318.0,320.0,311.75,314.85,168608,EQ,4339.0,38.86,123024.0
2020-08-25,315.45,317.45,305.5,313.15,114165,EQ,6150.0,18.56,55237.0
2020-08-26,313.15,320.65,312.0,317.75,212132,EQ,8460.0,25.07,162271.0
2020-08-27,321.3,334.0,318.65,332.45,1225722,EQ,12988.0,94.37,951982.0
2020-08-28,334.65,338.0,320.65,325.55,401195,EQ,17146.0,23.4,265491.0
2020-08-31,326.0,330.65,310.35,318.55,451573,EQ,11891.0,37.98,288136.0
2020-09-01,317.15,332.65,304.25,327.65,284977,EQ,10765.0,26.47,91949.0
2020-09-02,325.7,333.95,321.45,332.7,133657,EQ,5610.0,23.82,56787.0
2020-09-03,334.6,336.95,323.85,325.45,256809,EQ,8748.0,29.36,198906.0
2020-09-04,322.65,329.8,320.65,323.85,138811,EQ,3777.0,36.75,84071.0
2020-09-07,326.65,329.65,319.05,326.65,66831,EQ,2642.0,25.3,28529.0
2020-09-08,326.85,330.55,317.05,323.45,133266,EQ,4775.0,27.91,83121.0
2020-09-09,318.65,334.6,309.45,315.6,765275,EQ,29199.0,26.21,298854.0
2020-09-10,319.5,326.0,319.5,324.65,136025,EQ,9999.0,13.6,60228.0
2020-09-11,325.95,327.0,318.0,324.15,184345,EQ,8920.0,20.67,109097.0
2020-09-14,326.65,348.0,324.05,345.55,727853,EQ,30850.0,23.59,477740.0
2020-09-15,348.65,357.35,341.45,345.45,292524,EQ,11229.0,26.05,130718.0
2020-09-16,346.65,354.65,345.2,353.45,181801,EQ,6210.0,29.28,127243.0
2020-09-17,352.95,352.95,344.05,345.65,176186,EQ,21489.0,8.2,103413.0
2020-09-18,346.25,354.7,339.05,340.15,247197,EQ,8244.0,29.99,197154.0
2020-09-21,341.25,345.3,327.3,329.35,75722,EQ,4530.0,16.72,49051.0
2020-09-22,335.15,335.35,317.35,320.35,111218,EQ,4882.0,22.78,52480.0
2020-09-23,324.55,324.55,317.05,318.65,168807,EQ,4476.0,37.71,140135.0
2020-09-24,320.0,323.2,307.35,319.5,162966,EQ,9278.0,17.56,90699.0
2020-09-25,320.25,323.35,315.35,317.15,116204,EQ,5617.0,20.69,38261.0
2020-09-28,324.55,324.55,320.0,321.2,27316,EQ,,,
2020-09-29,324.0,335.85,317.45,332.75,248013,EQ,10034.0,24.72,99500.0
2020-09-30,333.25,338.55,327.15,333.85,114381,EQ,4652.0,24.59,71798.0
2020-10-01,338.0,338.0,324.15,326.85,200811,EQ,15230.0,13.19,88147.0
2020-10-05,331.85,331.85,318.65,320.65,70421,EQ,4793.0,14.69,38993.0
2020-10-06,324.45,326.75,321.35,323.9,338920,EQ,24916.0,13.6,234180.0
2020-10-07,322.4,327.35,316.75,320.35,317280,EQ,9594.0,33.07,249810.0
2020-10-08,323.3,324.0,316.35,318.25,137680,EQ,15130.0,9.1,98620.0
2020-10-09,320.0,323.15,317.35,322.45,187061,EQ,3901.0,47.95,148116.0
2020-10-12,322.5,324.1,314.05,317.45,82095,EQ,2258.0,36.36,57518.0
2020-10-13,317.45,321.95,316.3,318.25,142677,EQ,11900.0,11.99,92714.0
2020-10-14,319.35,321.9,314.85,316.25,157854,EQ,7266.0,21.73,53655.0
2020-10-15,315.35,321.35,313.75,317.65,310729,EQ,8369.0,37.13,252288.0
2020-10-16,316.85,336.55,316.85,334.6,509222,EQ,20474.0,24.87,277650.0
2020-10-19,336.85,340.0,324.45,328.2,187832,EQ,7239.0,25.95,74860.0
2020-10-20,330.3,330.75,321.55,324.45,75968,EQ,2920.0,26.02,45508.0
2020-10-21,324.45,341.55,324.45,339.1,621514,EQ,15756.0,39.45,457982.0
2020-10-22,338.0,340.0,334.15,336.5,222734,EQ,8199.0,27.17,169340.0
2020-10-23,338.65,347.95,333.7,344.55,152003,EQ,4995.0,30.43,88268.0
2020-10-26,346.65,350.65,330.2,333.8,112005,EQ,5554.0,20.17,40547.0
2020-10-27,331.55,347.85,331.0,344.95,197470,EQ,5288.0,37.34,54538.0
2020-10-28,347.3,350.15,335.1,341.7,159875,EQ,4290.0,37.27,88117.0
2020-10-29,341.65,344.0,328.65,341.05,332246,EQ,11918.0,27.88,191105.0
2020-10-30,342.0,349.35,334.85,343.1,123330,EQ,4574.0,26.96,49563.0
2020-11-02,342.65,350.3,341.35,342.75,66341,EQ,3639.0,18.23,23852.0
2020-11-03,346.35,349.05,336.0,342.3,176448,EQ,5846.0,30.18,57161.0
2020-11-04,343.0,343.75,334.4,338.05,102291,EQ,9541.0,10.72,50697.0
2020-11-05,340.6,348.65,335.95,347.55,140902,EQ,5115.0,27.55,87037.0
2020-11-06,349.35,352.15,340.05,341.35,236315,EQ,6902.0,34.24,177499.0
2020-11-09,346.0,353.35,341.35,351.25,199478,EQ,5514.0,36.18,133184.0
2020-11-10,354.05,356.65,345.45,349.95,133742,EQ,5690.0,23.5,84713.0
2020-11-11,347.35,351.1,343.35,347.1,212281,EQ,5845.0,36.32,158525.0
2020-11-12,343.65,350.15,328.85,339.35,330756,EQ,7351.0,44.99,174097.0
2020-11-13,335.95,345.65,333.4,336.75,225065,EQ,9688.0,23.23,131404.0
2020-11-17,345.35,359.85,343.65,357.05,283854,EQ,12244.0,23.18,142221.0
2020-11-18,356.65,366.65,351.35,366.1,431170,EQ,14360.0,30.03,271676.0
2020-11-19,364.65,366.9,354.55,359.8,173255,EQ,13940.0,12.43,103619.0
2020-11-20,359.65,360.65,350.0,357.3,134370,EQ,7969.0,16.86,72344.0
2020-11-23,363.0,363.0,345.85,354.4,406351,EQ,6550.0,62.04,342640.0
2020-11-24,355.95,361.2,352.65,359.9,265430,EQ,10689.0,24.83,207806.0
2020-11-25,361.2,361.2,347.35,348.45,88316,EQ,3881.0,22.76,59428.0
2020-11-26,350.25,353.15,344.15,347.1,239491,EQ,7571.0,31.63,184332.0
2020-11-27,347.1,371.3,345.25,361.3,306970,EQ,9750.0,31.48,235120.0
2020-12-01,359.8,368.65,356.85,365.1,282084,EQ,11312.0,24.94,198341.0
2020-12-02,366.6,367.8,354.35,361.1,219080,EQ,7746.0,28.28,101923.0
2020-12-03,361.35,366.6,360.15,364.15,398033,EQ,4927.0,80.79,360291.0
2020-12-04,366.6,376.65,361.65,375.85,631880,EQ,16284.0,38.8,521324.0
2020-12-07,378.65,379.35,363.4,368.3,367767,EQ,9706.0,37.89,271358.0
2020-12-08,368.65,380.35,366.95,375.9,301858,EQ,16109.0,18.74,182188.0
2020-12-09,376.65,376.65,368.35,371.9,152235,EQ,3443.0,44.22,129061.0
2020-12-10,373.3,373.3,367.5,370.75,46491,EQ,3096.0,15.02,27264.0
2020-12-11,365.65,372.0,361.45,365.75,195781,EQ,5339.0,36.67,146873.0
2020-12-14,369.35,371.95,361.35,366.3,207118,EQ,12392.0,16.71,146724.0
2020-12-15,372.5,375.65,361.4,366.7,292314,EQ,12425.0,23.53,142308.0
2020-12-16,368.45,369.95,364.0,366.8,178802,EQ,4729.0,37.81,146834.0
2020-12-17,364.2,372.35,364.2,370.25,229107,EQ,5144.0,44.54,154092.0
2020-12-18,370.4,375.9,366.0,371.1,291394,EQ,13226.0,22.03,227221.0
2020-12-21,368.35,373.55,362.0,371.25,304019,EQ,9490.0,32.04,238441.0
2020-12-22,364.7,382.55,353.35,377.35,228963,EQ,12218.0,18.74,123007.0
2020-12-23,371.8,383.35,371.8,379.25,269387,EQ,11952.0,22.54,169053.0
2020-12-24,381.15,390.0,370.75,374.05,509203,EQ,29049.0,17.53,305001.0
2020-12-28,375.9,385.95,371.35,381.2,245128,EQ,9167.0,26.74,105787.0
2020-12-29,381.35,388.0,377.0,384.4,179549,EQ,9202.0,19.51,86661.0
2020-12-30,386.85,421.55,379.45,416.4,1247753,EQ,51887.0,24.05,672013.0
2020-12-31,418.55,421.15,400.15,405.15,563164,EQ,28461.0,19.79,254858.0
2021-01-01,406.4,441.8,405.15,422.9,1594532,EQ,37411.0,42.62,315736.0
2021-01-04,426.55,428.15,410.85,413.85,458436,EQ,18065.0,25.38,172695.0
2021-01-05,415.75,423.35,412.05,416.95,254131,EQ,9391.0,27.06,91046.0
2021-01-06,416.75,421.35,406.0,408.5,254479,EQ,13382.0,19.02,107349.0
2021-01-07,413.15,413.35,397.85,399.8,277067,EQ,10081.0,27.48,160338.0
2021-01-08,404.6,415.65,397.1,412.95,424761,EQ,15954.0,26.62,195440.0
2021-01-11,413.35,416.3,402.0,403.45,230404,EQ,10527.0,21.89,129839.0
2021-01-12,403.45,410.0,398.0,400.2,234335,EQ,6797.0,34.48,128155.0
2021-01-13,405.0,423.25,400.05,419.1,861849,EQ,31547.0,27.32,419811.0
2021-01-14,420.0,448.45,412.0,437.45,690736,EQ,29791.0,23.19,304912.0
2021-01-15,436.65,437.25,420.3,422.65,381646,EQ,14613.0,26.12,256188.0
2021-01-18,422.65,436.65,401.55,429.75,547508,EQ,17496.0,31.29,357573.0
2021-01-19,431.35,438.65,422.65,434.3,328755,EQ,13864.0,23.71,163224.0
2021-01-20,434.3,443.35,418.05,433.35,334142,EQ,9832.0,33.99,162323.0
2021-01-21,438.15,453.35,435.0,446.05,647468,EQ,21366.0,30.3,253410.0
2021-01-22,447.75,448.95,431.05,434.35,141228,EQ,6490.0,21.76,48420.0
2021-01-25,436.55,440.65,403.35,408.4,705505,EQ,21843.0,32.3,386744.0
2021-01-27,406.65,407.9,378.0,383.15,1385348,EQ,46282.0,29.93,826626.0
2021-01-28,379.4,396.5,371.35,392.15,755095,EQ,21279.0,35.49,511506.0
2021-01-29,396.3,396.6,360.85,365.8,1063136,EQ,28318.0,37.54,737331.0
2021-02-01,374.0,396.35,359.15,387.55,883468,EQ,43120.0,20.49,278762.0
2021-02-02,397.8,410.75,382.65,384.75,588608,EQ,34186.0,17.22,269396.0
2021-02-03,389.35,393.95,379.55,386.1,486710,EQ,16029.0,30.36,226880.0
2021-02-04,388.0,394.65,385.5,389.55,273529,EQ,14817.0,18.46,150413.0
2021-02-05,392.6,394.95,383.35,390.25,213833,EQ,7324.0,29.2,138737.0
2021-02-08,390.65,393.35,385.75,391.75,170290,EQ,7399.0,23.02,90713.0
2021-02-09,394.65,398.65,388.7,391.55,172965,EQ,5987.0,28.89,57863.0
2021-02-10,393.35,397.3,387.35,391.0,110207,EQ,3946.0,27.93,47093.0
2021-02-11,391.0,394.75,384.65,386.4,169606,EQ,8098.0,20.94,89764.0
2021-02-12,388.0,390.5,380.05,383.45,276093,EQ,11315.0,24.4,175691.0
2021-02-15,388.05,396.1,383.35,393.8,198218,EQ,7331.0,27.04,92038.0
2021-02-16,395.35,395.8,387.6,391.1,314037,EQ,8524.0,36.84,233183.0
2021-02-17,392.65,393.9,386.75,391.55,151139,EQ,5035.0,30.02,109840.0
2021-02-18,392.65,392.65,387.65,390.95,93264,EQ,7834.0,11.91,53960.0
2021-02-19,390.55,390.95,370.0,374.9,196104,EQ,12306.0,15.94,99239.0
2021-02-22,376.55,379.25,370.1,376.35,165177,EQ,9280.0,17.8,96444.0
2021-02-23,374.15,380.0,363.35,374.65,219147,EQ,11671.0,18.78,95049.0
2021-02-24,375.35,382.65,364.65,377.85,40571,EQ,2730.0,14.86,17444.0
2021-02-25,379.75,384.8,374.45,382.25,183453,EQ,6804.0,26.96,62089.0
2021-02-26,374.0,380.0,367.55,372.65,371696,EQ,18879.0,19.69,270465.0
2021-03-01,374.65,376.3,370.05,374.2,251384,EQ,10917.0,23.03,177467.0
2021-03-02,375.65,381.95,374.9,380.7,93689,EQ,5464.0,17.15,43893.0
2021-03-03,380.65,392.0,378.95,390.3,279539,EQ,12619.0,22.15,150833.0
2021-03-04,385.35,389.45,381.35,387.2,95057,EQ,5107.0,18.61,46613.0
2021-03-05,387.2,389.85,379.35,385.2,303776,EQ,8167.0,37.2,225749.0
2021-03-08,385.2,388.95,382.25,387.95,375395,EQ,3218.0,116.65,338570.0
2021-03-09,392.0,394.65,388.95,392.65,344948,EQ,11502.0,29.99,263389.0
2021-03-10,394.65,396.5,383.05,384.9,375544,EQ,10370.0,36.21,302190.0
2021-03-12,388.0,389.2,380.1,382.65,162940,EQ,5026.0,32.42,128062.0
2021-03-15,384.65,385.95,373.65,375.1,801887,EQ,6615.0,121.22,756233.0
2021-03-16,376.65,380.35,362.55,367.95,373247,EQ,10337.0,36.11,249879.0
2021-03-17,368.65,376.0,366.6,372.55,234663,EQ,7252.0,32.36,168880.0
2021-03-18,372.65,375.25,357.15,359.6,157390,EQ,9828.0,16.01,93916.0
2021-03-19,360.0,363.35,347.55,354.5,387958,EQ,10804.0,35.91,271096.0
2021-03-22,357.8,366.65,355.5,362.05,271535,EQ,8732.0,31.1,191216.0
2021-03-23,363.95,370.0,362.25,368.85,73809,EQ,3521.0,20.96,32202.0
2021-03-24,367.85,373.35,360.65,370.15,123083,EQ,4442.0,27.71,42957.0
2021-03-25,373.35,373.35,362.65,369.55,64838,EQ,6830.0,9.49,33204.0
2021-03-26,367.45,383.15,367.45,378.9,163533,EQ,11448.0,14.28,114860.0
2021-03-30,380.65,396.35,379.85,394.15,407652,EQ,29651.0,13.75,247988.0
2021-03-31,396.65,406.65,383.4,400.7,297818,EQ,17268.0,17.25,162079.0
2021-04-01,400.05,402.0,389.35,394.55,277610,EQ,10727.0,25.88,200452.0
2021-04-05,390.0,394.9,384.3,392.4,204519,EQ,4072.0,50.23,165988.0
2021-04-06,392.0,396.0,388.65,394.1,133916,EQ,3297.0,40.62,91385.0
2021-04-07,394.1,397.25,390.4,395.95,185138,EQ,5665.0,32.68,142500.0
2021-04-08,397.35,399.35,393.55,396.35,68569,EQ,3268.0,20.98,32310.0
2021-04-09,394.65,398.75,394.15,397.35,123439,EQ,2522.0,48.94,94958.0
2021-04-12,393.35,393.75,367.9,385.45,97791,EQ,4740.0,20.63,42494.0
2021-04-13,385.8,389.05,374.05,376.5,70721,EQ,4588.0,15.41,33187.0
2021-04-15,378.0,382.55,372.0,378.75,152958,EQ,3069.0,49.84,122846.0
2021-04-16,377.35,385.15,377.35,381.65,32282,EQ,1736.0,18.6,15091.0
2021-04-19,378.2,380.0,354.35,360.75,628414,EQ,24137.0,26.04,382703.0
2021-04-20,363.35,369.25,360.65,365.6,296215,EQ,4692.0,63.13,215007.0
2021-04-22,365.6,367.95,355.35,363.65,505493,EQ,7404.0,68.27,434524.0
2021-04-23,363.35,370.65,362.15,366.6,189659,EQ,6042.0,31.39,137700.0
2021-04-26,370.0,374.65,361.55,369.15,124197,EQ,5017.0,24.76,73437.0
2021-04-27,371.0,373.35,364.0,370.35,582454,EQ,7194.0,80.96,541789.0
2021-04-28,372.2,376.65,369.15,375.95,48007,EQ,2929.0,16.39,25608.0
2021-04-29,378.0,381.9,372.45,379.75,71734,EQ,2792.0,25.69,45957.0
2021-04-30,374.05,377.7,367.4,370.5,155435,EQ,7195.0,21.6,81824.0
2021-05-03,370.65,376.2,365.3,374.5,96889,EQ,3954.0,24.5,61508.0
2021-05-04,376.25,382.35,373.55,380.65,530537,EQ,13610.0,38.98,438288.0
2021-05-05,383.35,397.65,381.8,394.75,890856,EQ,17433.0,51.1,553750.0
2021-05-06,397.55,397.55,385.7,395.15,150251,EQ,7329.0,20.5,80945.0
2021-05-07,400.0,400.0,391.55,394.15,213488,EQ,5855.0,36.46,127379.0
2021-05-10,394.65,399.35,372.55,377.45,457736,EQ,15924.0,28.75,163974.0
2021-05-11,376.0,380.0,367.35,368.95,236614,EQ,9721.0,24.34,120486.0
2021-05-12,369.35,380.0,366.0,372.9,331325,EQ,8350.0,39.68,237887.0
2021-05-14,376.55,384.25,367.45,371.1,479911,EQ,15657.0,30.65,163717.0
2021-05-17,373.35,373.35,368.75,371.25,370032,EQ,7746.0,47.77,322584.0
2021-05-18,373.35,374.85,367.35,370.8,179469,EQ,5333.0,33.65,137817.0
2021-05-19,372.65,375.7,372.0,374.65,70481,EQ,2932.0,24.04,38710.0
2021-05-20,376.0,377.85,369.45,372.0,103648,EQ,6619.0,15.66,47246.0
2021-05-21,373.35,374.85,369.95,372.8,78444,EQ,3833.0,20.47,45778.0
2021-05-24,375.35,378.45,372.0,377.05,146954,EQ,5919.0,24.83,86173.0
2021-05-25,379.85,385.25,375.95,383.15,316881,EQ,6632.0,47.78,224365.0
2021-05-26,385.4,390.0,384.05,388.2,200618,EQ,8715.0,23.02,86639.0
2021-05-27,389.75,394.65,383.75,392.45,226503,EQ,12400.0,18.27,134136.0
2021-05-28,392.65,393.35,378.65,381.55,605450,EQ,11150.0,54.3,493975.0
2021-05-31,383.95,385.25,375.35,381.25,718773,EQ,11129.0,64.59,605657.0
2021-06-01,381.25,387.0,381.25,384.05,150361,EQ,10477.0,14.35,75211.0
2021-06-02,384.15,389.8,384.05,387.9,106795,EQ,4616.0,23.14,60735.0
2021-06-03,387.25,389.35,381.65,383.45,299633,EQ,5042.0,59.43,245509.0
2021-06-04,386.65,393.35,380.85,386.45,118010,EQ,4743.0,24.88,52605.0
2021-06-07,386.65,402.65,386.65,392.9,656826,EQ,19194.0,34.22,321328.0
2021-06-08,397.25,397.35,391.25,394.05,121934,EQ,8003.0,15.24,60039.0
2021-06-09,396.65,398.0,389.7,392.95,198187,EQ,8979.0,22.07,111311.0
2021-06-10,396.65,396.65,384.55,387.15,460881,EQ,11414.0,40.38,321224.0
2021-06-11,389.95,389.95,385.25,388.55,122089,EQ,6015.0,20.3,68507.0
2021-06-14,389.35,392.2,382.65,383.8,179969,EQ,8935.0,20.14,98248.0
2021-06-15,385.75,390.45,384.45,388.55,148045,EQ,9619.0,15.39,80527.0
2021-06-16,390.65,391.95,384.35,385.5,115501,EQ,7746.0,14.91,54782.0
2021-06-17,383.95,387.75,376.8,378.45,112167,EQ,6889.0,16.28,61776.0
2021-06-18,380.95,385.35,373.15,382.95,142749,EQ,7359.0,19.4,61046.0
2021-06-21,376.35,385.35,376.35,384.45,48158,EQ,3560.0,13.53,22950.0
2021-06-22,386.65,388.55,381.35,387.45,100304,EQ,4875.0,20.58,58761.0
2021-06-23,389.35,391.95,386.8,389.7,300468,EQ,7324.0,41.03,241663.0
2021-06-24,392.65,394.0,386.65,393.3,154956,EQ,5086.0,30.47,112368.0
2021-06-25,393.35,400.0,390.15,392.75,262324,EQ,8511.0,30.82,113423.0
2021-06-28,395.2,398.65,389.15,392.55,104797,EQ,4835.0,21.67,49766.0
2021-06-29,394.0,396.65,387.4,389.55,51547,EQ,3301.0,15.62,24286.0
2021-06-30,389.55,392.85,364.4,383.45,245792,EQ,9316.0,26.38,179754.0
2021-07-01,374.65,383.85,374.65,381.45,88656,EQ,5816.0,15.24,52636.0
2021-07-02,384.0,393.65,382.7,391.45,145634,EQ,8529.0,17.08,63503.0
2021-07-05,394.0,398.65,388.8,396.75,289397,EQ,15522.0,18.64,203095.0
2021-07-06,397.35,418.65,396.8,409.0,1623534,EQ,59848.0,27.13,532583.0
2021-07-07,413.3,420.65,403.35,404.75,447895,EQ,17568.0,25.49,167542.0
2021-07-08,407.35,412.5,392.3,400.05,440939,EQ,12085.0,36.49,215164.0
2021-07-09,400.05,403.35,393.65,401.85,298189,EQ,7573.0,39.38,187776.0
2021-07-12,406.0,409.25,396.85,401.5,220142,EQ,8610.0,25.57,146754.0
2021-07-13,405.35,405.35,397.35,401.35,96395,EQ,4415.0,21.83,54103.0
2021-07-14,400.0,403.45,397.85,400.15,126624,EQ,4728.0,26.78,92065.0
2021-07-15,398.05,402.0,397.5,400.15,85214,EQ,3857.0,22.09,50598.0
2021-07-16,402.0,408.0,397.7,399.95,604950,EQ,11760.0,51.44,412553.0
2021-07-19,400.0,405.3,397.8,400.5,278495,EQ,6610.0,42.13,215432.0
2021-07-20,404.55,415.2,398.65,412.15,854830,EQ,22556.0,37.9,444370.0
2021-07-22,420.4,424.3,414.65,416.5,680680,EQ,26016.0,26.16,285368.0
2021-07-23,417.35,422.65,413.8,416.05,241641,EQ,9392.0,25.73,153335.0
2021-07-26,418.65,418.65,410.0,411.95,186318,EQ,8181.0,22.77,107887.0
2021-07-27,418.0,418.0,407.25,410.35,208934,EQ,11441.0,18.26,106401.0
2021-07-28,413.35,414.05,400.05,406.65,160182,EQ,9139.0,17.53,71376.0
2021-07-29,409.85,415.55,408.25,413.25,167987,EQ,5739.0,29.27,109313.0
2021-07-30,416.0,433.3,410.55,417.3,1047826,EQ,37433.0,27.99,283754.0
2021-08-02,421.35,421.35,415.55,419.45,158759,EQ,6989.0,22.72,82579.0
2021-08-03,423.15,425.35,415.9,423.45,1564655,EQ,8316.0,188.15,1427613.0
2021-08-04,426.65,426.65,417.35,421.7,582894,EQ,7314.0,79.7,477734.0
2021-08-05,420.0,425.9,418.05,425.25,322297,EQ,8809.0,36.59,246129.0
2021-08-06,422.65,425.25,417.8,424.35,239921,EQ,5676.0,42.27,174821.0
2021-08-09,426.65,426.65,417.75,423.85,131608,EQ,4976.0,26.45,65756.0
2021-08-10,423.25,423.25,413.35,416.3,131892,EQ,8054.0,16.38,73071.0
2021-08-11,416.8,419.2,407.5,410.8,401006,EQ,8366.0,47.93,322481.0
2021-08-12,414.0,418.65,412.6,416.85,77288,EQ,3932.0,19.66,40785.0
2021-08-13,418.65,421.05,416.65,418.75,260925,EQ,4552.0,57.32,225763.0
2021-08-16,422.95,422.95,417.4,419.25,57955,EQ,4767.0,12.16,29881.0
2021-08-17,422.65,427.95,417.45,422.2,176551,EQ,8546.0,20.66,82876.0
2021-08-18,423.95,424.4,418.2,423.15,310280,EQ,5540.0,56.01,266554.0
2021-08-20,423.35,424.55,414.0,417.0,181150,EQ,7969.0,22.73,90562.0
2021-08-23,419.1,426.65,412.05,424.75,255068,EQ,12488.0,20.43,150270.0
2021-08-24,424.65,432.95,417.5,420.8,273482,EQ,12044.0,22.71,113441.0
2021-08-25,425.6,429.8,419.35,427.45,169290,EQ,7092.0,23.87,76954.0
2021-08-26,426.6,431.95,416.65,417.95,84846,EQ,6022.0,14.09,47391.0
2021-08-27,417.95,421.55,410.05,414.75,137851,EQ,8021.0,17.19,70494.0
2021-08-30,418.65,418.95,408.85,412.9,176182,EQ,15415.0,11.43,97196.0
2021-08-31,412.65,417.95,412.65,413.05,72646,EQ,3969.0,18.3,37060.0
2021-09-01,413.35,417.35,412.65,415.0,91609,EQ,5090.0,18.0,44465.0
2021-09-02,416.0,419.3,410.0,412.95,153326,EQ,7474.0,20.51,87558.0
2021-09-03,412.15,418.0,412.0,413.05,125145,EQ,7408.0,16.89,72865.0
2021-09-06,413.05,421.35,413.05,417.2,408502,EQ,5833.0,70.03,355780.0
2021-09-07,420.6,420.6,412.85,414.3,382596,EQ,7158.0,53.45,283924.0
2021-09-08,413.35,415.6,408.45,410.35,132124,EQ,5790.0,22.82,82593.0
2021-09-09,410.45,412.75,405.35,407.45,101178,EQ,7884.0,12.83,52998.0
2021-09-13,407.45,408.65,400.5,402.65,118585,EQ,10385.0,11.42,71647.0
2021-09-14,404.6,410.05,402.05,408.75,169809,EQ,13307.0,12.76,95838.0
2021-09-15,408.75,418.0,407.25,417.0,211080,EQ,9607.0,21.97,148930.0
2021-09-16,419.75,419.75,414.65,415.75,219717,EQ,6030.0,36.44,191109.0
2021-09-17,416.35,419.25,407.4,409.3,514300,EQ,9423.0,54.58,458264.0
2021-09-20,407.35,413.15,405.35,410.05,468171,EQ,7263.0,64.46,417936.0
2021-09-21,409.25,416.55,406.15,413.25,201670,EQ,7874.0,25.61,137781.0
2021-09-22,415.15,415.15,409.4,412.55,237455,EQ,9678.0,24.54,198224.0
2021-09-23,412.65,418.5,411.55,416.7,99314,EQ,3993.0,24.87,59028.0
2021-09-24,418.65,422.65,416.7,419.1,609618,EQ,13648.0,44.67,401623.0
2021-09-27,420.0,427.0,418.05,422.15,906711,EQ,9871.0,91.86,814661.0
2021-09-28,422.05,425.9,420.45,423.9,194459,EQ,6311.0,30.81,140934.0
2021-09-29,423.35,424.35,420.0,422.95,132746,EQ,9802.0,13.54,91392.0
2021-09-30,424.0,424.0,420.0,422.15,118281,EQ,12350.0,9.58,76619.0
2021-10-01,423.35,426.65,418.7,424.75,201412,EQ,9669.0,20.83,144657.0
2021-10-04,427.05,427.7,407.85,421.4,113096,EQ,8116.0,13.93,58248.0
2021-10-05,421.15,438.9,417.6,434.25,2007949,EQ,23247.0,86.37,1730001.0
2021-10-06,439.35,450.0,426.65,430.55,456679,EQ,27348.0,16.7,168407.0
2021-10-07,435.35,440.0,422.05,426.85,872994,EQ,14779.0,59.07,768012.0
2021-10-08,426.9,431.15,414.95,421.15,734404,EQ,5309.0,138.33,694940.0
2021-10-11,420.65,423.85,398.35,404.35,881132,EQ,17088.0,51.56,705150.0
2021-10-12,404.55,414.8,404.45,412.75,325378,EQ,6102.0,53.32,243735.0
2021-10-13,416.0,418.0,389.4,398.95,804090,EQ,20210.0,39.79,528315.0
2021-10-14,404.55,411.35,402.55,404.8,621423,EQ,6067.0,102.43,506242.0
2021-10-18,409.35,410.45,392.75,397.95,380024,EQ,15909.0,23.89,276565.0
2021-10-19,398.65,401.25,380.15,383.3,328274,EQ,13936.0,23.56,224792.0
2021-10-20,383.0,387.35,376.85,384.4,303312,EQ,13560.0,22.37,219075.0
2021-10-21,384.4,385.65,368.5,372.35,384184,EQ,14061.0,27.32,270696.0
2021-10-22,373.45,376.65,361.0,366.55,342496,EQ,12945.0,26.46,225826.0
2021-10-25,366.55,369.95,354.35,362.05,250764,EQ,12197.0,20.56,146057.0
2021-10-26,348.65,388.0,348.65,378.8,1086297,EQ,44650.0,24.33,310402.0
2021-10-27,380.0,395.95,368.85,373.35,671926,EQ,26897.0,24.98,252533.0
2021-10-28,384.65,384.65,358.15,365.7,397759,EQ,15470.0,25.71,263066.0
2021-10-29,366.65,368.15,356.75,363.35,237675,EQ,10894.0,21.82,156196.0
2021-11-01,363.35,374.2,363.35,368.55,119635,EQ,11536.0,10.37,41955.0
2021-11-02,371.75,383.05,369.35,379.25,374377,EQ,15519.0,24.12,201006.0
2021-11-03,376.75,383.4,376.75,380.0,165990,EQ,7888.0,21.04,117707.0
2021-11-04,388.0,388.0,380.9,383.25,21625,EQ,7888.0,2.74,117707.0
2021-11-08,383.35,402.55,380.0,398.25,943955,EQ,35970.0,26.24,710681.0
2021-11-09,394.65,406.65,390.65,401.1,418571,EQ,8097.0,51.69,294420.0
2021-11-10,399.85,400.0,392.15,396.45,114871,EQ,4988.0,23.03,71381.0
2021-11-11,396.0,396.0,380.2,386.45,259454,EQ,13531.0,19.17,177163.0
2021-11-12,392.65,403.25,389.35,397.7,1262527,EQ,23615.0,53.46,936234.0
2021-11-15,398.35,413.35,398.2,411.75,597743,EQ,15138.0,39.49,463541.0
2021-11-16,413.0,416.0,407.55,412.95,397504,EQ,8597.0,46.24,251479.0
2021-11-17,414.65,419.95,408.75,410.25,479657,EQ,10721.0,44.74,340534.0
2021-11-18,416.5,419.75,392.15,393.95,496427,EQ,13919.0,35.67,327259.0
2021-11-22,397.45,397.85,390.05,393.3,363298,EQ,11661.0,31.15,239277.0
2021-11-23,394.0,396.65,389.6,393.25,519781,EQ,16429.0,31.64,375616.0
2021-11-24,396.35,397.85,390.05,392.1,731223,EQ,14215.0,51.44,577782.0
2021-11-25,394.65,399.05,390.1,393.05,553299,EQ,20277.0,27.29,376533.0
2021-11-26,391.35,391.35,377.05,386.6,352089,EQ,20255.0,17.38,226486.0
2021-11-29,386.0,386.0,369.3,379.85,358994,EQ,16012.0,22.42,202657.0
2021-11-30,379.85,413.95,366.65,397.5,2982241,EQ,45817.0,65.09,2353173.0
2021-12-01,397.3,399.25,389.35,396.7,171995,EQ,5368.0,32.04,126799.0
2021-12-02,393.35,403.2,393.35,399.95,104631,EQ,5505.0,19.01,49386.0
2021-12-03,396.7,401.85,391.85,396.55,162653,EQ,10157.0,16.01,92613.0
2021-12-06,394.65,400.0,392.1,397.55,120977,EQ,8377.0,14.44,63703.0
2021-12-07,395.45,398.0,384.0,387.25,164653,EQ,5365.0,30.69,104575.0
2021-12-08,390.0,392.55,386.85,390.55,253074,EQ,3472.0,72.89,228810.0
2021-12-09,390.55,395.15,388.05,394.25,58192,EQ,3036.0,19.17,32602.0
2021-12-10,394.25,399.65,393.0,398.05,94130,EQ,7375.0,12.76,65977.0
2021-12-13,400.0,402.25,393.7,397.0,71883,EQ,4022.0,17.87,41302.0
2021-12-14,397.0,397.3,390.15,391.95,107583,EQ,3393.0,31.71,78292.0
2021-12-15,392.95,396.7,389.15,392.75,66672,EQ,3708.0,17.98,28366.0
2021-12-16,391.35,393.35,383.35,388.45,108476,EQ,7197.0,15.07,52036.0
2021-12-17,389.5,399.6,383.95,393.25,249567,EQ,10495.0,23.78,140574.0
2021-12-20,389.9,395.95,381.35,391.95,136113,EQ,7707.0,17.66,70342.0
2021-12-21,394.0,398.45,388.15,394.25,55159,EQ,4101.0,13.45,29898.0
2021-12-22,395.65,398.4,391.3,393.15,42942,EQ,4102.0,10.47,22949.0
2021-12-23,393.15,397.85,388.3,389.35,183288,EQ,8950.0,20.48,128592.0
2021-12-24,390.0,392.65,381.55,383.85,74231,EQ,4141.0,17.93,43906.0
2021-12-27,382.0,386.6,377.4,378.85,60463,EQ,7004.0,8.63,36916.0
2021-12-28,379.95,380.85,374.45,375.6,273959,EQ,14730.0,18.6,187583.0
2021-12-29,378.65,384.65,375.05,382.05,64529,EQ,3561.0,18.12,36302.0
2021-12-30,382.65,389.8,380.0,387.65,104339,EQ,7054.0,14.79,51717.0
2021-12-31,388.0,396.95,386.9,394.15,256010,EQ,7856.0,32.59,216901.0
2022-01-03,392.65,397.05,389.55,395.85,67023,EQ,3861.0,17.36,37255.0
2022-01-04,396.0,397.9,391.0,394.6,183704,EQ,4900.0,37.49,164249.0
2022-01-05,399.35,399.35,391.55,398.15,293538,EQ,5869.0,50.01,247677.0
2022-01-06,398.65,398.65,388.0,394.7,144019,EQ,7579.0,19.0,73752.0
2022-01-07,392.65,400.75,391.35,398.6,184425,EQ,8203.0,22.48,110926.0
2022-01-10,398.65,403.95,392.0,396.85,252319,EQ,6385.0,39.52,187188.0
2022-01-11,399.25,402.65,394.75,400.45,321255,EQ,6007.0,53.48,272680.0
2022-01-12,404.6,418.95,402.7,408.85,317924,EQ,22749.0,13.98,154418.0
2022-01-13,409.15,416.0,404.65,411.15,144531,EQ,11712.0,12.34,76067.0
2022-01-14,411.15,416.0,402.7,406.95,130917,EQ,19322.0,6.78,72876.0
2022-01-17,407.35,412.7,403.7,404.25,53657,EQ,5618.0,9.55,27352.0
2022-01-18,404.25,405.85,398.9,401.45,74964,EQ,6048.0,12.39,35409.0
2022-01-19,398.4,401.15,393.7,397.0,48915,EQ,5002.0,9.78,21947.0
2022-01-20,398.25,399.0,390.75,394.75,141482,EQ,3813.0,37.11,116227.0
2022-01-21,393.35,396.85,378.2,383.8,387783,EQ,12593.0,30.79,328689.0
2022-01-24,385.55,388.0,372.45,382.05,288556,EQ,12489.0,23.1,187990.0
2022-01-25,378.65,391.05,373.95,383.45,160855,EQ,6935.0,23.19,102654.0
2022-01-27,383.45,386.5,378.65,379.75,48537,EQ,3090.0,15.71,20433.0
2022-01-28,376.7,384.15,376.65,380.25,103306,EQ,5170.0,19.98,56664.0
2022-01-31,382.0,383.95,373.5,378.0,110664,EQ,5621.0,19.69,50474.0
2022-02-01,384.65,384.65,368.15,372.9,340025,EQ,13914.0,24.44,135343.0
2022-02-02,370.0,380.65,365.35,370.35,260761,EQ,8207.0,31.77,146822.0
2022-02-03,368.6,371.25,363.0,370.2,125540,EQ,5998.0,20.93,62503.0
2022-02-04,371.35,372.65,358.65,360.45,231319,EQ,8943.0,25.87,173221.0
2022-02-07,363.0,364.0,354.1,356.25,77169,EQ,5251.0,14.7,38896.0
2022-02-08,357.8,359.15,343.5,345.8,218012,EQ,7922.0,27.52,134390.0
2022-02-09,346.25,349.05,338.65,340.05,173029,EQ,5603.0,30.88,141316.0
2022-02-10,340.5,342.75,337.35,339.35,137048,EQ,5886.0,23.28,89797.0
2022-02-11,339.35,339.35,330.0,331.65,271597,EQ,10535.0,25.78,205220.0
2022-02-14,334.0,334.0,313.65,324.65,220195,EQ,14434.0,15.26,86884.0
2022-02-15,323.35,330.75,318.65,328.95,99668,EQ,6037.0,16.51,32480.0
2022-02-16,333.35,336.65,326.65,328.55,482272,EQ,4418.0,109.16,432772.0
2022-02-17,329.35,330.65,323.55,329.85,529613,EQ,4802.0,110.29,485461.0
2022-02-18,330.0,333.35,325.05,329.75,297403,EQ,6034.0,49.29,251017.0
2022-02-21,329.35,329.75,320.65,327.85,389525,EQ,3938.0,98.91,345139.0
2022-02-22,320.0,325.35,317.15,319.8,112294,EQ,4518.0,24.85,60393.0
2022-02-23,321.45,326.35,307.55,309.4,393650,EQ,8738.0,45.05,325986.0
2022-02-24,306.65,309.2,293.35,302.25,483547,EQ,16636.0,29.07,286739.0
2022-02-25,302.65,311.55,298.0,300.55,92101,EQ,6710.0,13.73,39690.0
2022-02-28,300.0,304.45,293.9,303.1,269335,EQ,8291.0,32.49,187195.0
2022-03-02,303.35,304.0,290.0,292.05,274505,EQ,13822.0,19.86,200689.0
2022-03-03,296.0,301.1,288.65,297.95,391899,EQ,21830.0,17.95,237009.0
2022-03-04,298.4,302.0,283.75,296.65,254163,EQ,25081.0,10.13,98795.0
2022-03-07,291.35,291.35,281.15,287.2,250757,EQ,,,
2022-03-08,283.95,292.85,281.65,288.2,140981,EQ,9648.0,14.61,54251.0
2022-03-09,290.85,300.45,283.35,296.35,167377,EQ,8821.0,18.97,80861.0
2022-03-10,304.0,308.95,296.95,301.1,132391,EQ,7030.0,18.83,59198.0
2022-03-11,302.0,303.95,294.7,300.05,111641,EQ,5098.0,21.9,37318.0
2022-03-14,302.65,303.15,295.85,299.1,84628,EQ,4944.0,17.12,37030.0
2022-03-15,304.35,306.45,299.55,305.35,336661,EQ,13742.0,24.5,155493.0
2022-03-16,306.75,310.75,297.35,299.05,215511,EQ,10768.0,20.01,102743.0
2022-03-17,304.65,320.55,301.45,317.25,433755,EQ,19675.0,22.05,188287.0
2022-03-21,319.3,322.35,308.85,314.75,142839,EQ,7535.0,18.96,51356.0
2022-03-22,311.95,312.7,300.65,305.4,124953,EQ,7902.0,15.81,36422.0
2022-03-23,305.35,308.35,304.0,306.35,118487,EQ,5272.0,22.47,57344.0
2022-03-24,305.35,307.95,302.85,304.9,76463,EQ,5940.0,12.87,41530.0
2022-03-25,306.55,308.2,301.85,302.85,46482,EQ,3223.0,14.42,23883.0
2022-03-28,302.85,304.4,294.65,296.9,86438,EQ,5255.0,16.45,45852.0
2022-03-29,299.35,303.25,295.35,298.55,83800,EQ,4022.0,20.84,46059.0
2022-03-30,300.15,303.35,298.65,299.95,111366,EQ,8440.0,13.2,67459.0
2022-03-31,303.35,321.65,301.55,311.85,568825,EQ,18218.0,31.22,204174.0
2022-04-01,308.35,318.15,304.8,313.2,331730,EQ,12535.0,26.46,149733.0
2022-04-04,313.2,314.25,305.55,308.15,275852,EQ,16477.0,16.74,139816.0
2022-04-05,309.75,319.95,307.4,312.05,314436,EQ,14337.0,21.93,139746.0
2022-04-06,313.15,313.35,304.65,305.9,338296,EQ,18935.0,17.87,173494.0
2022-04-07,307.55,311.2,306.0,308.25,117847,EQ,4418.0,26.67,47555.0
2022-04-08,309.25,311.85,305.65,309.45,131409,EQ,8267.0,15.9,64099.0
2022-04-11,310.0,314.0,308.05,312.2,184049,EQ,10539.0,17.46,104904.0
2022-04-12,316.5,319.35,306.95,311.95,583320,EQ,19794.0,29.47,183964.0
2022-04-13,313.4,314.95,306.6,310.05,189697,EQ,7903.0,24.0,106173.0
2022-04-18,309.35,313.95,303.35,312.45,164188,EQ,4894.0,33.55,86750.0
2022-04-19,310.05,320.0,310.05,315.35,225985,EQ,8025.0,28.16,130567.0
2022-04-20,315.35,318.65,311.35,314.4,203385,EQ,9068.0,22.43,137944.0
2022-04-21,317.25,319.95,314.65,315.75,62032,EQ,2623.0,23.65,28575.0
2022-04-22,315.2,319.3,312.0,313.2,76494,EQ,3666.0,20.87,23911.0
2022-04-25,310.35,313.95,305.35,312.7,117098,EQ,6349.0,18.44,58885.0
2022-04-26,313.35,316.75,312.0,312.75,47476,EQ,2659.0,17.85,27207.0
2022-04-27,312.25,316.0,300.65,314.35,84823,EQ,3279.0,25.87,32785.0
2022-04-28,315.55,319.35,310.35,311.9,263233,EQ,3845.0,68.46,212080.0
2022-04-29,313.55,315.95,311.35,313.05,41385,EQ,1672.0,24.75,20434.0
2022-05-02,313.05,313.9,307.95,309.85,41640,EQ,2204.0,18.89,21872.0
2022-05-04,313.35,313.35,303.7,305.3,60705,EQ,3126.0,19.42,36192.0
2022-05-05,306.45,306.95,298.65,300.65,50270,EQ,3626.0,13.86,30437.0
2022-05-06,297.95,302.55,295.4,300.85,46367,EQ,2993.0,15.49,24133.0
2022-05-09,300.65,300.65,291.35,292.3,129253,EQ,4692.0,27.55,93437.0
2022-05-10,293.85,296.3,286.65,287.4,88153,EQ,5453.0,16.17,44437.0
2022-05-12,274.65,275.95,263.35,265.35,143358,EQ,10323.0,13.89,75348.0
2022-05-13,265.35,272.85,264.15,265.4,114021,EQ,8175.0,13.95,53097.0
2022-05-16,266.8,271.25,264.4,269.9,44285,EQ,3128.0,14.16,17605.0
2022-05-17,270.0,275.2,266.15,269.25,68466,EQ,4542.0,15.07,33307.0
2022-05-18,270.35,271.35,265.35,266.1,57660,EQ,3368.0,17.12,39809.0
2022-05-19,263.65,269.25,260.0,267.05,168932,EQ,4154.0,40.67,134945.0
2022-05-20,266.65,270.35,264.15,265.8,257958,EQ,4574.0,56.4,226678.0
2022-05-23,270.6,270.6,265.4,269.25,99208,EQ,3303.0,30.04,57640.0
2022-05-24,270.55,274.65,267.05,273.9,73892,EQ,4885.0,15.13,40965.0
2022-05-25,273.9,279.05,265.85,272.2,263204,EQ,9086.0,28.97,180507.0
2022-05-26,269.75,273.6,267.65,269.85,373397,EQ,5447.0,68.55,338215.0
2022-05-27,269.85,273.25,267.75,269.9,427606,EQ,4308.0,99.26,388053.0
2022-05-30,270.35,273.0,268.7,269.5,445511,EQ,2981.0,149.45,419608.0
2022-05-31,270.95,276.35,264.25,266.8,202575,EQ,10239.0,19.78,112775.0
2022-06-01,267.95,270.2,266.0,268.65,608610,EQ,4988.0,122.01,566350.0
2022-06-02,270.0,278.85,268.85,274.8,353204,EQ,5454.0,64.76,270027.0
2022-06-03,275.05,278.85,271.5,275.25,581154,EQ,6882.0,84.45,503681.0
2022-06-06,275.2,278.65,271.05,275.55,62887,EQ,3608.0,17.43,22197.0
2022-06-07,274.65,275.2,269.05,272.2,134157,EQ,4041.0,33.2,103606.0
2022-06-08,272.2,273.3,263.35,267.85,480312,EQ,7578.0,63.38,314534.0
2022-06-09,267.85,268.5,265.45,266.65,352936,EQ,2407.0,146.63,329632.0
2022-06-10,266.0,269.65,263.45,266.05,335572,EQ,4334.0,77.43,272557.0
2022-06-13,263.95,267.35,256.65,260.2,400570,EQ,9105.0,43.99,311754.0
2022-06-14,260.2,266.0,258.65,264.15,461181,EQ,4241.0,108.74,418395.0
2022-06-15,265.55,268.0,263.65,266.35,361640,EQ,2794.0,129.43,331712.0
2022-06-16,267.75,268.85,253.8,257.95,302131,EQ,3447.0,87.65,276461.0
2022-06-17,255.6,259.35,244.1,247.25,386825,EQ,5585.0,69.26,335930.0
2022-06-20,248.35,259.35,245.75,254.7,181129,EQ,8265.0,21.92,43509.0
2022-06-21,254.9,256.55,247.45,249.7,278477,EQ,4155.0,67.02,239609.0
2022-06-22,250.15,251.35,238.75,240.55,116694,EQ,5744.0,20.32,68168.0
2022-06-23,244.0,249.25,242.55,246.2,69389,EQ,3263.0,21.27,26509.0
2022-06-24,247.45,252.6,247.0,248.8,2723989,EQ,9625.0,283.01,2622842.0
2022-06-27,253.75,254.45,250.05,251.95,40416,EQ,2105.0,19.2,19045.0
2022-06-28,250.65,253.2,248.0,250.8,34065,EQ,2182.0,15.61,15050.0
2022-06-29,250.45,253.65,246.6,247.45,86711,EQ,4110.0,21.1,45494.0
2022-06-30,248.65,251.65,243.4,247.0,77676,EQ,3579.0,21.7,42207.0
2022-07-01,248.25,250.0,245.55,248.3,269671,EQ,2950.0,91.41,234907.0
2022-07-04,248.65,251.95,242.1,246.9,275769,EQ,4744.0,58.13,230326.0
2022-07-05,248.2,249.35,243.35,245.05,379259,EQ,4024.0,94.25,335699.0
2022-07-06,247.95,268.5,247.95,266.45,1765290,EQ,40812.0,43.25,536147.0
2022-07-07,271.35,276.65,261.5,263.8,770871,EQ,20639.0,37.35,405792.0
2022-07-08,263.85,266.2,259.35,260.55,109336,EQ,4357.0,25.09,48078.0
2022-07-11,260.6,269.35,258.85,265.45,209558,EQ,5276.0,39.72,159951.0
2022-07-12,268.0,269.25,260.45,262.4,73042,EQ,4768.0,15.32,25776.0
2022-07-13,272.65,272.65,254.05,255.75,734517,EQ,20329.0,36.13,252230.0
2022-07-14,257.85,259.95,253.55,258.55,886953,EQ,5697.0,155.69,768841.0
2022-07-15,261.6,262.65,259.1,261.0,172504,EQ,4164.0,41.43,136363.0
2022-07-18,262.6,264.45,259.15,262.55,106410,EQ,5128.0,20.75,59502.0
2022-07-19,261.85,264.6,259.4,263.25,183705,EQ,3917.0,46.9,150481.0
2022-07-20,263.4,266.55,262.85,264.15,114847,EQ,5993.0,19.16,60233.0
2022-07-21,265.15,265.75,260.45,263.25,291061,EQ,3988.0,72.98,255390.0
2022-07-22,264.6,269.15,263.65,268.1,117675,EQ,4608.0,25.54,54876.0
2022-07-25,268.1,269.6,264.05,268.55,68197,EQ,4024.0,16.95,37913.0
2022-07-26,269.8,274.85,264.15,266.45,305191,EQ,10342.0,29.51,163968.0
2022-07-27,264.5,268.3,264.5,266.45,66976,EQ,5119.0,13.08,37279.0
2022-07-28,267.0,270.6,266.45,269.95,151120,EQ,7760.0,19.47,82956.0
2022-07-29,269.45,272.55,266.05,266.65,300844,EQ,7458.0,40.34,237263.0
2022-08-01,268.05,302.65,268.05,287.7,731910,EQ,13325.0,54.93,342783.0
2022-08-02,306.65,345.25,302.0,338.85,8199598,EQ,189744.0,43.21,1686036.0
2022-08-03,335.9,357.25,326.75,334.25,3891658,EQ,99247.0,39.21,1058454.0
2022-08-04,334.7,345.85,321.6,333.35,399306,EQ,19797.0,20.17,174688.0
2022-08-05,339.2,342.4,331.4,334.3,246638,EQ,13047.0,18.9,131686.0
2022-08-08,334.25,334.65,328.0,330.85,140009,EQ,,,
2022-08-10,332.45,335.4,326.65,332.3,156722,EQ,8767.0,17.88,116103.0
2022-08-11,335.95,339.95,330.85,333.55,109550,EQ,6289.0,17.42,80615.0
2022-08-12,334.15,334.65,328.0,329.5,52975,EQ,4404.0,12.03,32409.0
2022-08-16,335.35,341.95,331.25,333.05,176722,EQ,11132.0,15.88,99017.0
2022-08-17,342.25,344.0,336.15,339.1,790649,EQ,22588.0,35.0,528282.0
2022-08-18,338.4,340.35,336.0,337.95,283898,EQ,7184.0,39.52,225724.0
2022-08-19,337.35,341.35,334.0,337.15,329775,EQ,9235.0,35.71,218142.0
2022-08-22,336.65,338.0,331.55,332.8,181731,EQ,6043.0,30.07,152558.0
2022-08-23,330.65,335.2,327.6,332.5,67324,EQ,3543.0,19.0,31817.0
2022-08-24,329.35,334.8,327.75,329.85,84479,EQ,4900.0,17.24,37920.0
2022-08-25,332.0,333.3,321.45,324.6,112042,EQ,4846.0,23.12,65497.0
2022-08-26,326.8,330.65,326.8,328.6,71975,EQ,3307.0,21.76,42201.0
2022-08-29,323.15,326.6,320.1,323.4,136391,EQ,5778.0,23.61,87201.0
2022-08-30,324.05,339.95,324.05,336.85,728833,EQ,19379.0,37.61,396799.0
2022-09-01,339.35,342.75,329.35,336.05,491813,EQ,8931.0,55.07,363579.0
2022-09-02,338.65,339.05,331.35,333.15,140173,EQ,6418.0,21.84,85903.0
2022-09-05,333.35,334.0,329.4,331.4,81043,EQ,6046.0,13.4,46600.0
2022-09-06,333.15,340.65,331.4,334.75,243204,EQ,9453.0,25.73,139128.0
2022-09-07,337.35,339.05,332.4,333.25,70598,EQ,3512.0,20.1,30713.0
2022-09-08,346.65,348.75,334.25,343.05,1079868,EQ,29639.0,36.43,233041.0
2022-09-09,344.65,347.3,340.0,342.25,138259,EQ,6953.0,19.88,65108.0
2022-09-12,340.25,344.45,336.25,339.7,126931,EQ,9483.0,13.39,64972.0
2022-09-13,340.0,343.35,337.05,339.05,73504,EQ,3940.0,18.66,35613.0
2022-09-14,337.7,340.0,333.6,338.05,124711,EQ,6274.0,19.88,57282.0
2022-09-15,338.65,343.25,334.45,336.7,107425,EQ,4774.0,22.5,51514.0
2022-09-16,336.35,338.65,313.35,319.95,301634,EQ,13271.0,22.73,214786.0
2022-09-19,321.35,326.0,310.55,324.15,184632,EQ,14052.0,13.14,83653.0
2022-09-20,329.35,329.55,321.85,324.8,305336,EQ,9069.0,33.67,248057.0
2022-09-21,324.35,326.75,317.45,319.55,59344,EQ,4831.0,12.28,30132.0
2022-09-22,319.55,325.4,317.45,320.75,59357,EQ,7361.0,8.06,24481.0
2022-09-23,321.4,330.75,317.85,319.4,202991,EQ,8840.0,22.96,81039.0
2022-09-26,322.65,326.65,313.45,315.95,295745,EQ,14157.0,20.89,122298.0
2022-09-27,316.65,328.8,313.35,323.8,384937,EQ,15267.0,25.21,188722.0
2022-09-28,324.65,328.25,320.9,326.75,137146,EQ,8007.0,17.13,77484.0
2022-09-29,328.45,333.3,323.75,328.85,107973,EQ,7207.0,14.98,49633.0
2022-09-30,328.85,332.0,320.65,326.45,203295,EQ,11317.0,17.96,79070.0
2022-10-03,324.0,330.15,324.0,329.05,60787,EQ,5308.0,11.45,34146.0
2022-10-04,334.0,334.0,320.05,322.75,224523,EQ,8537.0,26.3,66483.0
2022-10-06,323.55,327.3,318.8,320.2,185640,EQ,5768.0,32.18,137280.0
2022-10-07,320.25,321.15,315.4,317.05,125183,EQ,5388.0,23.23,73991.0
2022-10-10,316.65,318.7,312.35,317.8,106494,EQ,5761.0,18.49,61474.0
2022-10-11,319.8,323.25,312.0,312.95,244204,EQ,7436.0,32.84,194909.0
2022-10-12,316.6,318.6,312.15,314.65,130763,EQ,4166.0,31.39,68468.0
2022-10-13,316.25,318.0,313.8,316.05,48421,EQ,3115.0,15.54,24497.0
2022-10-14,317.75,322.0,316.05,320.9,74160,EQ,5160.0,14.37,35162.0
2022-10-17,326.65,328.25,316.8,320.05,188296,EQ,12408.0,15.18,54217.0
2022-10-18,322.0,325.45,319.0,323.45,79907,EQ,5069.0,15.76,34650.0
2022-10-19,325.1,326.6,317.45,318.35,67148,EQ,5411.0,12.41,27727.0
2022-10-20,315.55,323.25,315.55,320.9,39399,EQ,4169.0,9.45,17362.0
2022-10-21,322.45,322.45,317.4,319.45,50033,EQ,3346.0,14.95,26489.0
2022-10-24,321.15,322.95,316.65,319.75,20552,EQ,1510.0,13.61,9886.0
2022-10-25,320.0,321.35,314.55,315.55,42715,EQ,4189.0,10.2,21502.0
2022-10-27,319.35,321.3,316.05,318.1,53786,EQ,4136.0,13.0,29720.0
2022-10-28,317.55,318.85,315.05,317.45,31150,EQ,3051.0,10.21,15490.0
2022-10-31,319.05,325.7,315.45,324.0,104226,EQ,8442.0,12.35,46457.0
2022-11-01,325.65,325.65,320.85,322.95,101530,EQ,8014.0,12.67,55861.0
2022-11-02,322.65,322.65,310.0,311.4,450423,EQ,15319.0,29.4,295489.0
2022-11-03,311.4,313.0,305.35,309.55,276784,EQ,13968.0,19.82,120104.0
2022-11-04,311.05,311.05,297.35,298.65,634289,EQ,18245.0,34.77,463822.0
2022-11-07,300.15,305.25,299.25,302.05,133522,EQ,7753.0,17.22,56887.0
2022-11-09,306.2,306.2,294.75,296.45,161521,EQ,13088.0,12.34,84671.0
2022-11-10,296.55,298.3,292.15,295.6,138654,EQ,12838.0,10.8,82347.0
2022-11-11,297.05,304.55,294.65,298.35,144019,EQ,11958.0,12.04,64069.0
2022-11-14,296.8,297.5,292.0,294.0,98638,EQ,7483.0,13.18,57567.0
2022-11-15,295.5,296.8,293.85,295.85,64794,EQ,7483.0,8.66,57567.0
2022-11-16,296.65,299.85,293.55,296.9,71489,EQ,3237.0,22.08,36104.0
2022-11-17,296.8,297.15,293.8,295.45,182974,EQ,2510.0,72.9,161041.0
2022-11-18,296.65,299.95,284.45,289.4,133672,EQ,5623.0,23.77,45049.0
2022-11-21,289.65,295.2,285.45,289.85,51590,EQ,3427.0,15.05,25062.0
2022-11-22,292.5,294.25,288.35,289.55,268837,EQ,4695.0,57.26,235268.0
2022-11-23,291.0,291.0,286.65,288.05,69117,EQ,3184.0,21.71,46104.0
2022-11-24,289.95,291.15,287.05,288.65,180570,EQ,4767.0,37.88,146978.0
2022-11-25,288.1,292.45,288.1,290.2,46177,EQ,5401.0,8.55,26620.0
2022-11-28,290.8,298.2,290.65,296.25,404353,EQ,8512.0,47.5,316960.0
2022-11-29,297.55,300.0,295.25,298.55,90935,EQ,6279.0,14.48,47818.0
2022-11-30,298.65,302.85,297.0,298.95,79638,EQ,4026.0,19.78,40760.0
2022-12-01,301.35,301.35,292.65,294.35,83652,EQ,5566.0,15.03,49939.0
2022-12-02,294.65,295.95,292.0,293.8,40306,EQ,2967.0,13.58,21177.0
2022-12-05,296.1,300.25,294.85,298.25,98826,EQ,5697.0,17.35,65309.0
2022-12-06,296.65,298.9,295.55,296.45,256788,EQ,3057.0,84.0,226765.0
2022-12-07,299.25,299.75,295.85,296.7,90272,EQ,2888.0,31.26,63004.0
2022-12-08,298.55,298.55,296.25,297.35,28652,EQ,1889.0,15.17,15612.0
2022-12-09,298.8,300.35,295.55,297.75,64397,EQ,3365.0,19.14,34145.0
2022-12-12,296.65,296.65,293.35,294.65,194693,EQ,2332.0,83.49,175276.0
2022-12-13,294.65,297.3,291.95,293.05,61784,EQ,4343.0,14.23,34546.0
2022-12-14,294.05,296.2,293.4,293.95,33325,EQ,2514.0,13.26,19041.0
2022-12-15,293.95,295.55,291.35,292.15,37017,EQ,2487.0,14.88,22895.0
2022-12-16,292.15,292.15,284.85,286.45,88430,EQ,5736.0,15.42,52267.0
2022-12-19,284.0,289.1,283.05,286.65,71719,EQ,3251.0,22.06,36876.0
2022-12-20,286.2,288.65,282.15,282.65,99580,EQ,4155.0,23.97,69975.0
2022-12-21,282.65,293.65,282.1,292.0,199563,EQ,5470.0,36.48,54550.0
2022-12-22,292.65,292.65,276.0,283.75,291150,EQ,16399.0,17.75,153824.0
2022-12-23,278.75,286.6,274.2,281.95,118781,EQ,7313.0,16.24,53794.0
2022-12-26,283.35,289.95,279.3,287.0,113800,EQ,6573.0,17.31,49588.0
2022-12-27,290.0,290.9,285.0,289.3,679852,EQ,4606.0,147.6,622859.0
2022-12-28,290.05,293.25,287.3,292.3,71160,EQ,3365.0,21.15,25189.0
2022-12-29,292.35,294.0,286.95,290.25,63102,EQ,4727.0,13.35,35603.0
2022-12-30,290.95,294.0,289.05,292.85,30910,EQ,1831.0,16.88,15217.0
2023-01-02,292.65,298.65,290.05,291.25,35617,EQ,2357.0,15.11,13446.0
2023-01-03,292.55,292.65,282.65,285.45,142493,EQ,6536.0,21.8,60983.0
2023-01-04,286.2,287.95,283.85,286.15,227480,EQ,4236.0,53.7,189763.0
2023-01-05,286.85,288.85,280.7,283.65,135737,EQ,4244.0,31.98,94314.0
2023-01-06,281.35,284.85,272.15,279.6,432083,EQ,13506.0,31.99,291440.0
2023-01-09,280.95,286.55,267.35,268.9,330614,EQ,16880.0,19.59,171234.0
2023-01-10,270.65,278.8,268.15,276.95,1303704,EQ,12943.0,100.73,1166321.0
2023-01-11,278.0,278.5,268.65,272.95,98727,EQ,4249.0,23.24,43571.0
2023-01-12,274.3,277.95,272.95,275.35,78499,EQ,5592.0,14.04,32368.0
2023-01-13,276.75,277.45,273.75,275.6,44271,EQ,2460.0,18.0,21653.0
2023-01-16,276.0,276.85,273.05,274.55,59592,EQ,2141.0,27.83,37493.0
2023-01-17,274.0,276.7,270.9,273.85,128109,EQ,6579.0,19.47,77875.0
2023-01-18,274.65,279.55,272.95,277.6,139004,EQ,3391.0,40.99,112028.0
2023-01-19,276.65,279.3,276.65,277.75,88477,EQ,3187.0,27.76,63138.0
2023-01-20,277.75,280.65,273.45,279.05,78556,EQ,4619.0,17.01,45993.0
2023-01-23,279.05,279.35,273.35,275.2,149804,EQ,6259.0,23.93,121916.0
2023-01-24,275.6,276.45,272.85,273.5,105919,EQ,4400.0,24.07,87225.0
2023-01-25,273.5,276.45,271.35,274.65,205707,EQ,1997.0,103.01,186203.0
2023-01-27,274.65,280.0,267.75,273.55,191515,EQ,5749.0,33.31,134195.0
2023-01-30,268.25,274.55,268.0,272.0,45435,EQ,4229.0,10.74,19450.0
2023-01-31,280.0,285.25,270.95,282.1,246863,EQ,9711.0,25.42,73564.0
2023-02-01,281.8,284.95,272.15,277.05,364307,EQ,3670.0,99.27,328788.0
2023-02-02,275.4,281.15,274.7,275.85,45919,EQ,2445.0,18.78,26909.0
2023-02-03,274.0,283.25,274.0,278.45,242458,EQ,10982.0,22.08,65508.0
2023-02-06,274.75,278.15,274.75,276.4,64465,EQ,2910.0,22.15,33025.0
2023-02-07,276.65,277.75,272.7,276.7,73067,EQ,2481.0,29.45,44412.0
2023-02-08,276.7,278.1,273.75,276.25,130915,EQ,3462.0,37.81,86385.0
2023-02-09,276.25,280.0,274.05,278.6,1046755,EQ,3112.0,336.36,1009539.0
2023-02-10,280.0,281.65,276.05,279.75,111591,EQ,7584.0,14.71,65529.0
2023-02-13,279.95,280.45,274.05,276.3,123612,EQ,7521.0,16.44,87585.0
2023-02-14,276.0,276.65,274.15,275.85,18709,EQ,1400.0,13.36,9183.0
2023-02-15,275.85,277.55,274.35,276.6,42787,EQ,2493.0,17.16,26142.0
2023-02-16,277.35,277.95,274.15,275.5,44483,EQ,3688.0,12.06,25408.0
2023-02-17,275.8,276.85,274.45,276.45,33716,EQ,1793.0,18.8,21317.0
2023-02-20,277.45,279.1,273.2,274.05,86607,EQ,5586.0,15.5,38043.0
2023-02-21,274.15,276.65,272.75,275.55,38615,EQ,2520.0,15.32,23496.0
2023-02-22,276.45,278.25,272.9,277.75,86028,EQ,4650.0,18.5,54211.0
2023-02-23,277.85,277.95,273.45,276.05,62973,EQ,4595.0,13.7,39339.0
2023-02-24,276.05,279.95,274.65,279.45,192584,EQ,5681.0,33.9,134090.0
2023-02-27,279.45,280.5,272.0,275.65,98143,EQ,4143.0,23.69,61034.0
2023-02-28,274.0,275.2,267.0,268.45,136509,EQ,5701.0,23.94,72776.0
2023-03-01,268.75,273.25,267.35,272.35,52230,EQ,2905.0,17.98,20948.0
2023-03-02,273.25,273.35,270.85,272.25,43870,EQ,3391.0,12.94,21187.0
2023-03-03,272.25,274.65,271.7,273.75,38146,EQ,3629.0,10.51,20354.0
2023-03-06,277.85,281.8,274.1,277.05,126346,EQ,5161.0,24.48,39238.0
2023-03-08,276.9,277.85,270.3,272.45,1856204,EQ,6032.0,307.73,1778312.0
2023-03-09,274.65,274.65,272.05,272.75,41393,EQ,2362.0,17.52,15210.0
2023-03-10,271.25,276.35,269.35,272.15,34631,EQ,2537.0,13.65,16245.0
2023-03-13,273.55,273.55,266.0,268.6,57885,EQ,4712.0,12.28,36278.0
2023-03-14,268.0,269.9,262.65,263.75,48588,EQ,3949.0,12.3,28446.0
2023-03-15,265.15,270.0,259.45,262.45,256792,EQ,5937.0,43.25,162002.0
2023-03-16,267.95,268.15,254.05,264.55,133853,EQ,7900.0,16.94,29814.0
2023-03-17,266.65,266.9,261.4,266.15,67889,EQ,5124.0,13.25,35716.0
2023-03-20,267.45,267.45,259.35,263.65,73624,EQ,4319.0,17.05,44722.0
2023-03-21,263.35,263.35,256.75,258.35,62799,EQ,3004.0,20.91,36067.0
2023-03-22,258.95,259.6,255.65,256.35,73334,EQ,2716.0,27.0,39785.0
2023-03-23,256.35,257.15,252.1,256.45,91039,EQ,4155.0,21.91,57388.0
2023-03-24,257.05,259.3,253.35,256.25,70127,EQ,3692.0,18.99,37179.0
2023-03-27,256.35,260.55,252.1,257.2,103856,EQ,4414.0,23.53,55970.0
2023-03-28,254.85,258.55,251.95,257.15,107407,EQ,3683.0,29.16,70851.0
2023-03-29,257.15,259.35,252.1,255.15,93770,EQ,5266.0,17.81,68302.0
2023-03-31,255.15,258.55,254.65,257.85,78713,EQ,4943.0,15.92,46784.0
2023-04-03,260.05,260.05,255.25,258.8,62816,EQ,3855.0,16.29,28260.0
2023-04-05,257.35,260.8,257.35,259.95,53782,EQ,3078.0,17.47,38152.0
2023-04-06,260.0,263.35,259.7,261.25,574624,EQ,3062.0,187.66,548400.0
2023-04-10,262.0,263.35,256.75,257.95,124817,EQ,4831.0,25.84,91995.0
2023-04-11,258.0,259.2,256.7,257.2,56923,EQ,2425.0,23.47,41620.0
2023-04-12,258.45,258.45,253.85,256.95,65871,EQ,3542.0,18.6,38388.0
2023-04-13,258.0,258.85,252.85,254.15,248219,EQ,4721.0,52.58,207571.0
2023-04-17,254.25,257.35,252.85,253.4,126649,EQ,5199.0,24.36,82725.0
2023-04-18,254.65,255.45,252.0,253.35,623016,EQ,2742.0,227.21,602210.0
2023-04-19,255.2,256.55,252.65,255.35,662013,EQ,5121.0,129.27,615391.0
2023-04-20,256.65,258.55,253.55,254.05,115961,EQ,5787.0,20.04,62187.0
2023-04-21,254.9,257.0,253.95,254.85,70472,EQ,3622.0,19.46,31944.0
2023-04-24,256.6,256.6,250.85,254.65,64109,EQ,2503.0,25.61,35923.0
2023-04-25,255.8,255.8,250.2,250.5,93750,EQ,4166.0,22.5,62254.0
2023-04-26,250.0,252.75,249.1,249.95,138606,EQ,5599.0,24.76,75310.0
2023-04-27,250.85,254.65,250.35,253.3,97189,EQ,6948.0,13.99,58705.0
2023-04-28,254.55,256.85,253.0,253.45,132392,EQ,11593.0,11.42,84403.0
2023-05-02,254.0,257.75,253.05,253.7,140105,EQ,6836.0,20.5,94046.0
2023-05-03,257.7,263.75,256.25,260.15,377175,EQ,11716.0,32.19,148319.0
2023-05-04,261.05,264.75,260.15,262.85,362231,EQ,8130.0,44.55,268341.0
2023-05-05,261.55,264.85,261.45,262.75,109867,EQ,4116.0,26.69,59034.0
2023-05-08,265.25,270.0,265.25,268.45,292648,EQ,8759.0,33.41,165876.0
2023-05-09,281.95,296.15,261.25,264.6,4256719,EQ,84963.0,50.1,1332147.0
2023-05-10,269.35,275.65,265.4,269.95,1098986,EQ,31369.0,35.03,361099.0
2023-05-11,271.95,276.25,270.2,273.55,880340,EQ,20620.0,42.69,522866.0
2023-05-12,273.55,279.95,271.95,278.9,659837,EQ,17357.0,38.02,393943.0
2023-05-15,279.85,280.65,272.45,273.75,417987,EQ,9982.0,41.87,279412.0
2023-05-16,274.65,276.65,271.9,273.8,253359,EQ,7724.0,32.8,148136.0
2023-05-17,275.15,276.05,271.0,272.45,236204,EQ,9349.0,25.27,157159.0
2023-05-18,273.75,279.55,273.7,276.95,436436,EQ,7743.0,56.37,310787.0
2023-05-19,278.15,278.15,271.4,272.25,284597,EQ,7763.0,36.66,209524.0
2023-05-22,273.75,275.25,270.55,272.05,183427,EQ,10570.0,17.35,90883.0
2023-05-23,272.8,274.65,272.2,273.25,153681,EQ,6466.0,23.77,94467.0
2023-05-24,273.25,275.45,272.7,274.15,425584,EQ,4239.0,100.4,363314.0
2023-05-25,272.65,274.65,272.0,273.45,86342,EQ,3820.0,22.6,45400.0
2023-05-26,273.5,275.15,272.85,273.55,91826,EQ,4591.0,20.0,58523.0
2023-05-29,274.95,278.0,274.0,275.75,512030,EQ,7456.0,68.67,425190.0
2023-05-30,277.15,283.95,276.25,283.5,997460,EQ,11197.0,89.08,851594.0
2023-05-31,285.35,295.35,283.7,293.9,786950,EQ,20232.0,38.9,486184.0
2023-06-01,293.9,296.15,285.45,287.15,273182,EQ,8995.0,30.37,130486.0
2023-06-02,288.6,291.55,283.35,284.05,229000,EQ,10009.0,22.88,131087.0
2023-06-05,286.75,287.95,283.4,285.25,108736,EQ,8368.0,12.99,59404.0
2023-06-06,286.35,288.0,283.95,284.95,94376,EQ,4907.0,19.23,57437.0
2023-06-07,288.45,292.55,287.35,289.95,279332,EQ,8712.0,32.06,175752.0
2023-06-08,293.15,293.15,286.0,286.8,145044,EQ,6092.0,23.81,79223.0
2023-06-09,286.65,290.55,285.35,289.05,113555,EQ,7569.0,15.0,69724.0
2023-06-12,290.5,290.5,286.75,287.45,71122,EQ,5207.0,13.66,39362.0
2023-06-13,289.85,295.15,289.4,294.35,283254,EQ,14644.0,19.34,176214.0
2023-06-14,296.55,301.25,293.3,300.05,324054,EQ,18158.0,17.85,199840.0
2023-06-15,302.0,307.0,300.55,306.55,424752,EQ,20875.0,20.35,278376.0
2023-06-16,310.65,310.65,301.0,301.85,229926,EQ,11561.0,19.89,129732.0
2023-06-19,303.35,309.25,302.0,306.8,277283,EQ,14656.0,18.92,178756.0
2023-06-20,308.45,308.75,301.45,302.85,477771,EQ,12269.0,38.94,387230.0
2023-06-21,307.25,309.95,305.7,307.6,396206,EQ,12230.0,32.4,291546.0
2023-06-22,310.65,313.25,307.2,309.05,255791,EQ,12312.0,20.78,129235.0
2023-06-23,311.35,311.35,304.85,305.6,141065,EQ,6688.0,21.09,77273.0
2023-06-26,306.95,307.35,303.6,306.55,123972,EQ,5525.0,22.44,86456.0
2023-06-27,309.3,309.3,303.4,303.8,407031,EQ,6366.0,63.94,351954.0
2023-06-28,302.05,307.35,302.05,304.65,135721,EQ,6810.0,19.93,83441.0
2023-06-30,306.65,308.65,291.6,300.3,305062,EQ,14318.0,21.31,182810.0
2023-07-03,306.0,312.95,303.4,307.7,443610,EQ,20292.0,21.86,202365.0
2023-07-04,321.0,334.0,315.8,319.1,1900048,EQ,43019.0,44.17,515800.0
2023-07-05,323.7,327.6,312.05,323.3,485694,EQ,15079.0,32.21,182600.0
2023-07-06,326.0,327.7,317.7,319.8,239384,EQ,9771.0,24.5,93511.0
2023-07-07,317.95,319.45,313.0,313.8,493455,EQ,11842.0,41.67,367115.0
2023-07-10,315.0,315.35,306.0,308.35,242388,EQ,9219.0,26.29,124026.0
2023-07-11,308.35,308.85,304.6,305.25,175371,EQ,7066.0,24.82,91691.0
2023-07-12,306.05,306.65,301.0,302.7,169094,EQ,8044.0,21.02,95852.0
2023-07-13,304.2,305.8,300.5,305.0,500044,EQ,14260.0,35.07,417264.0
2023-07-14,307.8,310.75,305.8,307.9,703649,EQ,7947.0,88.54,587119.0
2023-07-17,309.95,312.9,306.65,311.9,241586,EQ,9158.0,26.38,148963.0
2023-07-18,313.0,317.4,309.2,314.95,406414,EQ,13477.0,30.16,235356.0
2023-07-19,316.95,316.95,314.35,315.4,173271,EQ,5703.0,30.38,100803.0
2023-07-20,317.9,320.15,313.1,318.4,264633,EQ,8741.0,30.27,167590.0
2023-07-21,318.4,325.4,317.0,322.8,722059,EQ,22045.0,32.75,475755.0
2023-07-24,326.0,326.0,320.85,322.95,232350,EQ,6559.0,35.42,146350.0
2023-07-25,322.95,323.9,319.8,321.6,179025,EQ,7320.0,24.46,103827.0
2023-07-26,321.6,326.5,320.75,323.7,302038,EQ,7285.0,41.46,201468.0
2023-07-27,326.0,326.15,322.9,325.5,201111,EQ,5913.0,34.01,139476.0
2023-07-28,327.5,328.5,324.7,327.6,241621,EQ,5895.0,40.99,156757.0
2023-07-31,330.95,337.15,328.6,335.4,811696,EQ,22417.0,36.21,482653.0
2023-08-01,338.4,340.5,336.15,338.9,375743,EQ,9568.0,39.27,216667.0
2023-08-02,338.9,339.7,333.15,337.0,304929,EQ,9801.0,31.11,164778.0
2023-08-03,337.0,354.0,317.65,320.5,2643312,EQ,56799.0,46.54,839138.0
2023-08-04,328.5,331.5,324.15,327.1,764801,EQ,14492.0,52.77,387527.0
2023-08-07,333.0,333.0,326.15,328.45,569819,EQ,8901.0,64.02,452351.0
2023-08-08,328.5,330.9,326.05,329.45,338962,EQ,12232.0,27.71,240835.0
2023-08-09,329.95,331.9,328.3,330.0,215798,EQ,10721.0,20.13,142048.0
2023-08-10,330.0,334.55,329.4,330.4,281076,EQ,11032.0,25.48,185140.0
2023-08-11,332.2,333.8,327.5,329.0,149786,EQ,6708.0,22.33,83881.0
2023-08-14,330.65,330.65,319.0,321.6,207142,EQ,11451.0,18.09,118477.0
2023-08-16,321.6,333.0,318.75,325.35,255138,EQ,11686.0,21.83,141397.0
2023-08-17,325.0,329.6,321.5,322.0,215606,EQ,10989.0,19.62,135354.0
2023-08-18,322.0,330.35,322.0,328.1,520507,EQ,8773.0,59.33,426337.0
2023-08-21,330.95,330.95,325.1,325.95,273125,EQ,11461.0,23.83,162526.0
2023-08-22,330.6,330.6,324.3,325.85,201851,EQ,9666.0,20.88,118455.0
2023-08-23,325.9,326.95,315.0,321.2,289776,EQ,8926.0,32.46,145741.0
2023-08-24,322.25,325.0,321.3,323.95,152070,EQ,8700.0,17.48,87590.0
2023-08-25,323.95,324.3,320.4,322.2,127600,EQ,6749.0,18.91,71486.0
2023-08-28,326.95,328.4,323.05,327.0,928577,EQ,8655.0,107.29,827858.0
2023-08-29,328.6,330.7,327.0,329.65,178464,EQ,6887.0,25.91,101468.0
2023-08-30,331.0,335.5,329.1,334.9,499175,EQ,12715.0,39.26,350931.0
2023-08-31,336.5,337.1,330.05,332.65,563318,EQ,11212.0,50.24,432237.0
2023-09-01,334.5,341.1,333.1,340.0,636444,EQ,14151.0,44.98,491390.0
2023-09-04,342.0,344.45,338.5,340.25,229858,EQ,11397.0,20.17,120605.0
2023-09-05,340.25,343.75,336.35,338.1,191091,EQ,8959.0,21.33,102605.0
2023-09-06,338.1,338.95,333.75,335.1,646175,EQ,7984.0,80.93,567713.0
2023-09-07,335.1,338.95,333.0,336.75,574256,EQ,6851.0,83.82,521078.0
2023-09-08,339.0,339.9,334.8,337.25,213580,EQ,11896.0,17.95,134546.0
2023-09-11,340.0,343.55,333.6,334.65,312746,EQ,13859.0,22.57,192816.0
2023-09-12,337.5,337.5,325.2,330.4,322183,EQ,13891.0,23.19,160530.0
2023-09-13,330.4,334.0,327.75,329.85,178068,EQ,8741.0,20.37,104760.0
2023-09-14,331.2,334.25,328.0,330.75,164501,EQ,7559.0,21.76,89958.0
2023-09-15,332.45,332.75,325.0,326.65,1033483,EQ,11060.0,93.44,910356.0
2023-09-18,328.3,331.7,325.75,327.9,938191,EQ,15131.0,62.0,626617.0
2023-09-20,329.5,330.95,324.35,326.35,565203,EQ,15303.0,36.93,386688.0
2023-09-21,325.5,328.55,323.55,326.05,1201982,EQ,11991.0,100.24,790525.0
2023-09-22,326.4,326.85,320.15,322.45,249588,EQ,22892.0,10.9,170215.0
2023-09-25,324.05,326.75,321.0,325.0,583420,EQ,13321.0,43.8,465773.0
2023-09-26,326.6,330.55,323.9,327.9,392052,EQ,18182.0,21.56,285634.0
2023-09-27,327.95,330.35,326.5,327.4,319436,EQ,7445.0,42.91,247041.0
2023-09-28,326.5,327.95,320.0,322.0,311859,EQ,9873.0,31.59,247526.0
2023-09-29,322.1,323.95,316.65,317.45,264942,EQ,11211.0,23.63,147474.0
2023-10-03,322.95,326.15,318.55,325.15,658817,EQ,22610.0,29.14,479614.0
2023-10-04,326.4,326.75,321.0,322.75,293855,EQ,8632.0,34.04,222340.0
2023-10-05,324.55,325.75,321.8,323.05,263014,EQ,7354.0,35.76,186803.0
2023-10-06,324.7,327.0,322.6,323.8,323839,EQ,7174.0,45.14,238330.0
2023-10-09,306.5,319.95,306.5,316.15,273373,EQ,8818.0,31.0,169147.0
2023-10-10,316.2,321.4,316.15,318.65,353701,EQ,9960.0,35.51,267253.0
2023-10-11,319.4,323.9,317.0,320.55,368549,EQ,6345.0,58.08,305828.0
2023-10-12,322.2,323.1,320.55,322.1,196122,EQ,5934.0,33.05,160281.0
2023-10-13,321.25,323.95,320.5,322.9,185710,EQ,5880.0,31.58,105853.0
2023-10-16,322.75,324.3,319.05,320.55,235544,EQ,10740.0,21.93,153602.0
2023-10-17,321.2,324.2,321.2,322.2,264677,EQ,8245.0,32.1,207657.0
2023-10-18,322.2,328.0,321.0,323.3,307004,EQ,7686.0,39.94,225845.0
2023-10-19,323.9,324.05,318.55,322.1,650339,EQ,6756.0,96.26,543638.0
2023-10-20,322.1,323.6,320.0,321.25,95420,EQ,4257.0,22.41,56945.0
2023-10-23,322.8,322.85,316.25,318.95,124976,EQ,7351.0,17.0,80768.0
2023-10-25,318.95,321.05,314.4,318.1,229516,EQ,12451.0,18.43,134277.0
2023-10-26,318.0,318.0,308.95,312.2,342196,EQ,7619.0,44.91,278361.0
2023-10-27,312.4,316.15,312.1,313.55,192512,EQ,4671.0,41.21,153931.0
2023-10-30,315.0,315.5,311.0,314.05,71998,EQ,4314.0,16.69,36311.0
2023-10-31,314.9,316.0,312.2,315.1,311214,EQ,4702.0,66.19,258633.0
2023-11-01,316.65,316.95,312.0,315.05,162777,EQ,7719.0,21.09,111806.0
2023-11-02,320.0,323.95,309.7,310.9,695980,EQ,20691.0,33.64,280315.0
2023-11-03,312.25,312.5,304.65,305.0,348551,EQ,11269.0,30.93,225498.0
2023-11-06,308.95,308.95,305.0,305.8,235349,EQ,10978.0,21.44,131134.0
2023-11-07,307.05,309.6,301.5,303.05,305570,EQ,15626.0,19.56,210097.0
2023-11-08,305.0,308.5,303.7,307.6,280593,EQ,19547.0,14.35,145793.0
2023-11-09,308.45,310.65,302.9,304.6,246121,EQ,11964.0,20.57,140342.0
2023-11-10,304.95,305.9,301.0,304.4,111829,EQ,5764.0,19.4,57189.0
2023-11-12,308.8,309.2,306.65,308.55,50858,EQ,2178.0,23.35,35524.0
2023-11-13,308.4,314.0,306.05,311.4,283281,EQ,9776.0,28.98,160125.0
2023-11-15,313.05,315.5,309.5,314.55,672670,EQ,34530.0,19.48,443963.0
2023-11-16,316.1,319.4,312.0,317.9,339349,EQ,10889.0,31.16,169315.0
2023-11-17,319.05,326.3,319.0,325.4,611080,EQ,23344.0,26.18,367234.0
2023-11-20,326.65,327.5,318.15,320.15,168187,EQ,11957.0,14.07,92767.0
2023-11-21,321.75,323.85,316.95,322.0,163383,EQ,6769.0,24.14,98779.0
2023-11-22,320.1,321.9,313.3,316.3,177616,EQ,7852.0,22.62,111853.0
2023-11-23,317.85,321.6,317.85,320.4,402135,EQ,11892.0,33.82,322590.0
2023-11-24,320.0,322.55,318.5,320.35,94731,EQ,3983.0,23.78,61230.0
2023-11-28,320.35,323.9,317.0,322.8,352653,EQ,13048.0,27.03,278833.0
2023-11-29,324.0,326.0,319.15,320.2,149112,EQ,6407.0,23.27,86416.0
2023-11-30,321.65,322.35,316.25,320.25,241077,EQ,13417.0,17.97,169518.0
2023-12-01,320.5,324.9,319.0,320.05,189409,EQ,9761.0,19.4,85830.0
2023-12-04,324.95,324.95,318.25,319.45,261493,EQ,12878.0,20.31,183115.0
2023-12-05,321.0,323.6,317.85,322.5,275315,EQ,10598.0,25.98,160903.0
2023-12-06,326.0,334.0,322.8,328.65,1133440,EQ,31756.0,35.69,521208.0
2023-12-07,331.95,334.9,330.15,333.9,382010,EQ,12993.0,29.4,201818.0
2023-12-08,335.0,335.0,325.75,330.35,269802,EQ,11003.0,24.52,148959.0
2023-12-11,330.0,331.5,326.15,330.7,342835,EQ,12869.0,26.64,205865.0
2023-12-12,333.0,333.0,325.1,326.75,245705,EQ,10219.0,24.04,133030.0
2023-12-13,330.0,330.9,326.0,327.35,179821,EQ,9566.0,18.8,92346.0
2023-12-14,328.5,330.25,326.25,327.85,306571,EQ,8903.0,34.43,191894.0
2023-12-15,329.5,337.3,328.65,332.9,612183,EQ,15694.0,39.01,344605.0
2023-12-18,334.95,336.45,331.3,332.2,231326,EQ,9461.0,24.45,125643.0
2023-12-19,333.0,335.5,330.25,331.55,167041,EQ,7492.0,22.3,96780.0
2023-12-20,332.8,335.5,316.0,321.9,382157,EQ,15836.0,24.13,226651.0
2023-12-21,321.0,323.8,317.5,322.0,116884,EQ,7255.0,16.11,63148.0
2023-12-22,324.95,325.0,320.0,322.45,98323,EQ,5819.0,16.9,55235.0
2023-12-26,321.25,326.95,320.85,325.25,133274,EQ,7079.0,18.83,62282.0
2023-12-27,355.0,357.3,336.0,337.55,4398942,EQ,76663.0,57.38,1049053.0
2023-12-28,337.6,339.05,331.55,333.1,499402,EQ,17996.0,27.75,247002.0
2023-12-29,335.9,335.9,332.0,333.25,249172,EQ,8450.0,29.49,141296.0
2024-01-01,333.4,334.95,331.5,332.5,210502,EQ,8253.0,25.51,113622.0
2024-01-02,333.6,339.15,330.65,337.1,512045,EQ,15304.0,33.46,242891.0
2024-01-03,337.1,338.7,333.85,335.0,186666,EQ,7876.0,23.7,106962.0
2024-01-04,337.0,338.6,332.95,333.55,331706,EQ,7087.0,46.8,244657.0
2024-01-05,337.0,339.6,334.05,336.7,339419,EQ,11671.0,29.08,181188.0
2024-01-08,342.0,342.0,336.05,336.9,238122,EQ,10977.0,21.69,150666.0
2024-01-09,340.0,340.0,337.15,337.8,281519,EQ,11143.0,25.26,194226.0
2024-01-10,338.0,339.9,336.2,337.7,191928,EQ,13060.0,14.7,127230.0
2024-01-11,338.3,340.45,337.8,338.9,556215,EQ,9644.0,57.67,476592.0
2024-01-12,340.45,343.0,338.1,340.3,331388,EQ,12670.0,26.16,230364.0
2024-01-15,340.2,342.8,337.45,338.6,192638,EQ,14544.0,13.25,122001.0
2024-01-16,345.5,348.0,340.5,344.25,608694,EQ,23054.0,26.4,286714.0
2024-01-17,341.0,343.7,337.7,339.35,380425,EQ,15018.0,25.33,288842.0
2024-01-18,339.35,345.7,332.2,341.1,350482,EQ,17800.0,19.69,219611.0
2024-01-19,344.5,345.15,342.25,344.3,218437,EQ,9062.0,24.1,152225.0
2024-01-20,344.9,345.95,340.5,341.55,107109,EQ,4276.0,25.05,64197.0
2024-01-23,341.0,341.25,332.95,337.0,194470,EQ,7298.0,26.65,122881.0
2024-01-24,336.4,341.9,330.85,340.15,350321,EQ,7833.0,44.72,271918.0
2024-01-25,340.15,340.2,331.0,332.75,2029306,EQ,9528.0,212.98,1858184.0
2024-01-29,334.3,342.0,333.45,339.3,181982,EQ,11686.0,15.57,103453.0
2024-01-30,342.0,343.5,332.3,335.75,295114,EQ,15577.0,18.95,164780.0
2024-01-31,337.15,342.9,337.1,341.75,236884,EQ,11572.0,20.47,154472.0
2024-02-01,341.75,341.75,336.1,337.6,432333,EQ,9712.0,44.52,378046.0
2024-02-02,337.6,341.9,337.6,340.5,203852,EQ,10876.0,18.74,136697.0
2024-02-05,342.0,353.0,338.55,344.2,1021828,EQ,34553.0,29.57,302882.0
2024-02-06,346.05,347.5,333.0,333.8,1386606,EQ,19569.0,70.86,1134959.0
2024-02-07,334.0,338.0,316.35,318.9,1171230,EQ,33616.0,34.84,849550.0
2024-02-08,320.0,322.0,310.9,316.55,879350,EQ,17009.0,51.7,559925.0
2024-02-09,316.55,319.4,314.0,316.75,208772,EQ,6579.0,31.73,139092.0
2024-02-12,324.0,324.0,303.05,304.5,529064,EQ,16999.0,31.12,264019.0
2024-02-13,305.95,316.2,301.4,314.5,288123,EQ,11906.0,24.2,133571.0
2024-02-14,313.05,314.5,304.0,304.85,397205,EQ,12368.0,32.12,254485.0
2024-02-15,307.9,309.85,304.35,305.35,539943,EQ,18801.0,28.72,390760.0
2024-02-16,305.65,311.0,303.85,304.4,547630,EQ,17277.0,31.7,330178.0
2024-02-19,307.05,310.65,304.5,308.5,246066,EQ,9652.0,25.49,113575.0
2024-02-20,309.0,312.4,307.5,310.9,175643,EQ,7588.0,23.15,87548.0
2024-02-21,311.9,313.35,306.05,307.8,187212,EQ,8409.0,22.26,100361.0
2024-02-22,308.7,310.0,304.7,307.9,206550,EQ,10579.0,19.52,98843.0
2024-02-23,309.5,309.5,301.5,301.95,389962,EQ,12176.0,32.03,294216.0
2024-02-26,304.35,304.4,297.45,299.25,311386,EQ,12172.0,25.58,180521.0
2024-02-27,299.0,301.0,294.5,295.95,334526,EQ,14075.0,23.77,222192.0
2024-02-28,297.45,297.45,289.4,292.0,266603,EQ,11537.0,23.11,170446.0
2024-02-29,290.0,294.55,288.6,289.6,282974,EQ,9311.0,30.39,184933.0
2024-03-01,292.4,295.7,289.5,290.05,291325,EQ,7888.0,36.93,175815.0
2024-03-02,292.8,294.4,292.0,292.5,34430,EQ,1559.0,22.08,27285.0
2024-03-04,293.9,293.9,287.0,289.4,254207,EQ,10095.0,25.18,155484.0
2024-03-05,289.7,290.65,286.5,287.45,160778,EQ,6783.0,23.7,109974.0
2024-03-06,287.45,287.95,283.5,285.45,168392,EQ,7060.0,23.85,121631.0
2024-03-07,285.45,290.5,283.2,284.05,273403,EQ,10316.0,26.5,169592.0
2024-03-11,286.95,286.95,278.0,278.85,255252,EQ,12323.0,20.71,166142.0
2024-03-12,279.0,279.45,270.5,271.1,389779,EQ,15005.0,25.98,261366.0
2024-03-13,272.5,272.9,257.5,258.65,528237,EQ,21836.0,24.19,320589.0
2024-03-14,260.0,272.95,258.45,268.0,1222697,EQ,35235.0,34.7,860154.0
2024-03-15,269.35,272.0,264.85,271.35,354068,EQ,10946.0,32.35,220566.0
2024-03-18,271.35,277.0,270.1,275.05,447658,EQ,11651.0,38.42,280750.0
2024-03-19,276.4,276.4,266.4,269.5,249741,EQ,9391.0,26.59,146517.0
2024-03-20,270.0,271.45,265.0,266.4,372638,EQ,12835.0,29.03,260604.0
2024-03-21,268.8,270.0,262.35,267.85,598290,EQ,18730.0,31.94,375340.0
2024-03-22,269.0,272.2,267.4,268.65,321871,EQ,9189.0,35.03,215393.0
2024-03-26,268.65,270.8,266.65,268.95,305648,EQ,14593.0,20.94,200068.0
2024-03-27,267.85,272.45,264.0,264.3,555669,EQ,16433.0,33.81,406263.0
2024-03-28,265.0,268.95,260.05,262.25,495497,EQ,20310.0,24.4,309683.0
2024-04-01,264.95,274.4,264.9,271.9,329566,EQ,11275.0,29.23,176431.0
2024-04-02,274.9,279.3,271.7,278.45,285099,EQ,9980.0,28.57,151477.0
2024-04-03,279.5,283.0,276.8,282.75,270463,EQ,12232.0,22.11,154362.0
2024-04-04,283.0,287.0,281.9,285.1,275024,EQ,10497.0,26.2,154852.0
2024-04-05,285.95,287.5,282.85,285.15,195304,EQ,9772.0,19.99,112005.0
2024-04-08,285.3,287.0,282.0,282.25,155533,EQ,8028.0,19.37,102220.0
2024-04-09,283.65,284.1,279.85,280.7,216852,EQ,8188.0,26.48,149109.0
2024-04-10,282.0,282.75,278.0,280.65,143949,EQ,8370.0,17.2,84214.0
2024-04-12,282.5,284.95,279.1,280.4,1261005,EQ,16270.0,77.5,1124431.0
2024-04-15,275.0,277.8,269.9,273.15,265628,EQ,11476.0,23.15,134478.0
2024-04-16,273.0,275.0,270.0,272.55,265130,EQ,9538.0,27.8,145768.0
2024-04-18,275.1,276.2,271.35,273.45,480620,EQ,9322.0,51.56,414759.0
2024-04-19,269.95,275.0,268.5,273.35,169697,EQ,8008.0,21.19,90836.0
2024-04-22,274.3,278.0,272.05,272.75,174062,EQ,8113.0,21.45,112626.0
2024-04-23,274.9,277.95,273.1,277.05,226367,EQ,8528.0,26.54,140161.0
2024-04-24,280.95,282.25,278.05,278.9,257924,EQ,9088.0,28.38,130129.0
2024-04-25,281.7,281.7,275.5,278.5,196780,EQ,8935.0,22.02,103889.0
2024-04-26,279.0,280.85,275.45,279.9,174173,EQ,7186.0,24.24,102613.0
2024-04-29,283.0,283.0,279.3,280.35,128523,EQ,5578.0,23.04,87701.0
2024-04-30,281.8,281.8,277.75,279.75,187075,EQ,11470.0,16.31,106006.0
2024-05-02,281.95,288.0,280.0,286.05,450897,EQ,14229.0,31.69,234973.0
2024-05-03,289.85,299.8,285.05,287.55,2767121,EQ,53391.0,51.83,831891.0
2024-05-06,294.0,294.75,284.0,287.75,597278,EQ,19254.0,31.02,202878.0
2024-05-07,287.0,288.7,281.25,283.6,290558,EQ,11368.0,25.56,132769.0
2024-05-08,285.0,285.95,278.05,278.6,348841,EQ,13263.0,26.3,225419.0
2024-05-09,280.0,283.8,274.7,276.85,307613,EQ,13089.0,23.5,127675.0
2024-05-10,278.75,282.45,276.0,277.85,333944,EQ,15891.0,21.01,171357.0
2024-05-13,280.3,280.3,269.3,270.25,533376,EQ,15864.0,33.62,349236.0
2024-05-14,272.2,277.15,271.4,274.55,291933,EQ,11159.0,26.16,138602.0
2024-05-15,276.8,277.15,273.0,273.75,155109,EQ,9912.0,15.65,81908.0
2024-05-16,276.35,276.35,271.0,272.5,287910,EQ,9640.0,29.87,175525.0
2024-05-17,273.9,278.85,273.55,276.8,227297,EQ,10528.0,21.59,134541.0
2024-05-18,278.0,280.0,277.0,277.85,36783,EQ,1669.0,22.04,25338.0
2024-05-21,278.0,278.15,271.8,272.0,437459,EQ,16689.0,26.21,307450.0
2024-05-22,273.1,275.0,270.25,273.05,268113,EQ,13944.0,19.23,147274.0
2024-05-23,274.0,274.45,271.7,273.35,157131,EQ,8225.0,19.1,98988.0
2024-05-24,273.35,274.2,272.0,273.25,205179,EQ,8688.0,23.62,127528.0
2024-05-27,275.0,275.0,269.0,269.8,464805,EQ,12933.0,35.94,281368.0
2024-05-28,271.0,274.4,268.8,273.8,266170,EQ,8153.0,32.65,142971.0
2024-05-29,274.0,274.95,271.95,272.45,307923,EQ,5790.0,53.18,228084.0
2024-05-30,273.0,273.0,268.0,269.4,182079,EQ,8646.0,21.06,127774.0
2024-05-31,269.4,270.8,266.05,269.6,490205,EQ,10326.0,47.47,312963.0
2024-06-03,272.8,274.4,269.6,270.5,249040,EQ,8214.0,30.32,129998.0
2024-06-04,273.2,273.45,251.85,262.3,451551,EQ,16754.0,26.95,217858.0
2024-06-05,263.35,276.0,261.5,272.9,1003725,EQ,22045.0,45.53,740882.0
2024-06-06,274.9,277.2,272.75,273.5,499236,EQ,12644.0,39.48,394823.0
2024-06-07,274.9,280.9,273.55,278.0,304651,EQ,8798.0,34.63,179240.0
2024-06-10,280.5,289.65,280.5,284.7,1926364,EQ,22076.0,87.26,1569520.0
2024-06-11,286.4,286.45,281.7,282.45,435467,EQ,12753.0,34.15,291665.0
2024-06-12,284.0,285.95,283.0,283.9,337549,EQ,8932.0,37.79,195965.0
2024-06-13,284.95,287.85,282.7,283.2,316904,EQ,7271.0,43.58,224083.0
2024-06-14,285.0,285.0,281.55,282.9,272671,EQ,7833.0,34.81,189297.0
2024-06-18,284.0,284.95,278.8,281.6,796391,EQ,23267.0,34.23,486495.0
2024-06-19,282.0,285.25,279.55,279.95,480262,EQ,11738.0,40.92,329067.0
2024-06-20,280.0,284.8,279.95,283.0,565217,EQ,10718.0,52.74,412342.0
2024-06-21,281.8,284.2,273.5,274.15,1300386,EQ,28914.0,44.97,888954.0
2024-06-24,277.0,279.5,275.15,277.25,407024,EQ,11697.0,34.8,252319.0
2024-06-25,277.25,279.9,274.4,274.85,517533,EQ,12138.0,42.64,311036.0
2024-06-26,275.0,283.85,269.5,269.95,1060737,EQ,19777.0,53.63,728006.0
2024-06-27,270.3,274.5,269.95,273.6,284934,EQ,12525.0,22.75,174360.0
2024-06-28,274.0,275.0,269.4,270.1,650857,EQ,16405.0,39.67,452111.0
2024-07-01,272.7,274.3,269.5,270.0,854011,EQ,17609.0,48.5,596383.0
2024-07-02,273.8,273.8,268.8,269.8,614681,EQ,11754.0,52.3,396255.0
2024-07-03,271.75,273.4,267.55,268.0,1112628,EQ,16485.0,67.49,777715.0
2024-07-04,270.85,273.8,268.8,269.25,897659,EQ,15551.0,57.72,546539.0
2024-07-05,270.8,272.0,265.6,266.95,1266536,EQ,20532.0,61.69,949024.0
2024-07-08,268.6,272.7,268.55,270.45,684870,EQ,17711.0,38.67,341094.0
2024-07-09,271.8,274.5,269.7,273.25,577124,EQ,15715.0,36.72,385371.0
2024-07-10,273.8,285.95,269.2,282.35,2365579,EQ,36495.0,64.82,1002309.0
2024-07-11,286.0,286.6,277.5,279.35,1520940,EQ,25471.0,59.71,973754.0
2024-07-12,280.25,281.8,277.4,278.1,499807,EQ,14596.0,34.24,284647.0
2024-07-15,279.1,280.95,275.5,279.95,709438,EQ,14723.0,48.19,399597.0
2024-07-16,280.0,281.7,278.5,279.9,713378,EQ,18549.0,38.46,407923.0
2024-07-18,275.25,278.85,273.8,274.6,670461,EQ,16081.0,41.69,396435.0
2024-07-19,276.1,276.3,270.7,271.5,648818,EQ,20123.0,32.24,371640.0
2024-07-22,271.95,272.1,268.75,270.95,485193,EQ,14128.0,34.34,268829.0
2024-07-23,271.55,274.05,266.0,273.05,497490,EQ,20500.0,24.27,219917.0
2024-07-24,273.0,275.5,272.9,273.6,249528,EQ,9697.0,25.73,114764.0
2024-07-25,272.65,275.5,272.0,275.0,289406,EQ,9430.0,30.69,163951.0
2024-07-26,275.15,276.4,273.8,275.3,415491,EQ,14438.0,28.78,258474.0
2024-07-29,277.0,284.15,276.5,281.7,1924351,EQ,35905.0,53.6,816642.0
2024-07-30,284.9,314.2,282.3,304.55,13733473,EQ,193289.0,71.05,3206138.0
2024-07-31,304.9,310.75,304.0,307.2,2803844,EQ,45082.0,62.19,1340516.0
2024-08-01,310.0,310.0,303.5,305.1,1303973,EQ,26040.0,50.08,733337.0
2024-08-02,301.4,307.25,298.65,302.6,931771,EQ,32017.0,29.1,412412.0
2024-08-05,299.4,305.45,294.0,297.5,1891801,EQ,55266.0,34.23,770377.0
2024-08-06,295.0,302.6,295.0,297.05,985492,EQ,26705.0,36.9,461994.0
2024-08-07,298.0,303.05,292.0,298.9,939602,EQ,28495.0,32.97,429445.0
2024-08-08,300.0,302.9,294.3,295.2,524895,EQ,20868.0,25.15,262684.0
2024-08-09,298.3,298.4,292.0,293.7,784766,EQ,14838.0,52.89,559956.0
2024-08-12,293.7,296.5,289.6,295.55,954405,EQ,20956.0,45.54,643429.0
2024-08-13,296.95,296.95,288.5,289.4,325363,EQ,12720.0,25.58,165671.0
2024-08-14,293.0,294.0,285.0,290.85,331941,EQ,16269.0,20.4,132767.0
2024-08-16,293.6,294.35,288.55,290.1,346139,EQ,15901.0,21.77,188099.0
2024-08-19,292.0,299.6,291.0,295.3,622103,EQ,19535.0,31.85,304908.0
2024-08-20,299.8,299.8,294.35,295.4,914344,EQ,18735.0,48.8,590330.0
2024-08-21,298.0,302.0,295.95,296.7,1201185,EQ,16765.0,71.65,344607.0
2024-08-22,297.95,305.7,297.25,301.1,1664950,EQ,27194.0,61.22,522787.0
2024-08-23,301.35,303.75,294.0,294.3,514521,EQ,16946.0,30.36,309418.0
2024-08-26,295.1,297.1,293.55,295.1,325611,EQ,11121.0,29.28,177371.0
2024-08-27,295.1,301.0,294.35,297.95,477822,EQ,16759.0,28.51,264086.0
2024-08-28,299.8,300.35,295.7,297.55,582214,EQ,12216.0,47.66,426300.0
2024-08-29,298.0,298.95,289.95,298.0,1122440,EQ,16683.0,67.28,816348.0
2024-08-30,298.3,299.05,295.3,296.5,257661,EQ,8457.0,30.47,157907.0
2024-09-02,300.0,302.7,296.8,298.0,402089,EQ,10811.0,37.19,161614.0
2024-09-03,299.0,300.4,297.0,298.7,282955,EQ,13947.0,20.29,164739.0
2024-09-04,297.7,307.5,296.0,304.95,2014829,EQ,53216.0,37.86,884177.0
2024-09-05,307.0,312.4,305.45,310.25,2382695,EQ,42759.0,55.72,1589229.0
2024-09-06,313.0,320.5,302.4,306.05,2132557,EQ,44633.0,47.78,874126.0
2024-09-09,306.8,308.8,302.6,304.85,539355,EQ,17317.0,31.15,206371.0
2024-09-10,306.1,310.45,305.15,308.05,522193,EQ,16463.0,31.72,291130.0
2024-09-11,312.0,317.55,310.0,316.1,2308005,EQ,37852.0,60.97,1285932.0
2024-09-12,318.95,319.8,314.75,316.2,1557576,EQ,27154.0,57.36,895876.0
2024-09-13,316.3,317.45,310.0,311.4,503996,EQ,17113.0,29.45,260009.0
2024-09-16,312.9,316.6,310.8,312.8,433217,EQ,12765.0,33.94,206182.0
2024-09-17,311.5,313.45,305.5,309.05,498530,EQ,16208.0,30.76,221164.0
2024-09-18,310.6,311.2,304.9,306.05,289304,EQ,10557.0,27.4,145756.0
2024-09-19,307.3,312.0,301.6,304.55,668768,EQ,20420.0,32.75,398666.0
2024-09-20,304.9,304.9,300.0,302.15,482473,EQ,14604.0,33.04,292568.0
2024-09-23,304.0,304.9,301.5,303.8,326466,EQ,10991.0,29.7,175344.0
2024-09-24,302.15,311.5,302.15,305.9,584229,EQ,21095.0,27.7,324477.0
2024-09-25,307.9,309.35,305.0,308.3,352066,EQ,20478.0,17.19,180877.0
2024-09-26,309.5,313.0,302.3,304.05,476512,EQ,14089.0,33.82,251443.0
2024-09-27,307.1,311.85,301.35,309.35,1524996,EQ,39099.0,39.0,898452.0
2024-09-30,309.35,311.2,305.3,309.5,464505,EQ,17357.0,26.76,219538.0
2024-10-01,310.0,312.9,305.95,311.5,586888,EQ,19654.0,29.86,312840.0
2024-10-03,303.0,313.5,298.95,301.7,1108297,EQ,40578.0,27.31,491585.0
2024-10-04,301.25,301.25,291.45,292.1,484857,EQ,20855.0,23.25,230046.0
2024-10-07,292.1,293.1,278.75,280.55,591774,EQ,31177.0,18.98,289550.0
2024-10-08,280.0,287.9,279.05,287.05,316901,EQ,15911.0,19.92,173087.0
2024-10-09,289.9,294.0,289.2,291.4,322425,EQ,13679.0,23.57,178511.0
2024-10-10,292.6,296.0,290.6,291.5,239157,EQ,13312.0,17.97,125043.0
2024-10-11,291.5,292.25,287.85,288.75,167660,EQ,8460.0,19.82,99728.0
2024-10-14,289.4,290.5,285.0,287.8,227235,EQ,10590.0,21.46,114199.0
2024-10-15,290.0,292.35,285.65,286.3,620307,EQ,19091.0,32.49,386120.0
2024-10-16,289.9,298.7,285.0,295.5,977258,EQ,26742.0,36.54,594150.0
2024-10-17,297.0,298.45,285.2,287.0,322651,EQ,13831.0,23.33,163871.0
2024-10-18,285.15,288.0,282.05,287.05,234976,EQ,9891.0,23.76,104921.0
2024-10-21,288.25,288.7,277.75,278.85,356230,EQ,13751.0,25.91,212348.0
2024-10-22,278.85,280.0,270.95,275.35,798004,EQ,28043.0,28.46,480168.0
2024-10-23,277.0,279.2,267.1,275.95,735815,EQ,33211.0,22.16,428741.0
2024-10-24,275.95,276.8,270.15,270.75,303751,EQ,17555.0,17.3,174718.0
2024-10-25,274.0,279.85,265.75,279.15,1211377,EQ,41435.0,29.24,474849.0
2024-10-28,284.5,287.8,277.65,283.4,587872,EQ,23319.0,25.21,212817.0
2024-10-29,284.5,289.05,280.6,286.55,415653,EQ,16108.0,25.8,145576.0
2024-10-30,286.0,286.55,283.3,285.6,332000,EQ,13225.0,25.1,194120.0
2024-10-31,287.15,287.15,283.55,285.1,266436,EQ,14400.0,18.5,142201.0
2024-11-01,287.95,288.5,285.7,287.0,103666,EQ,4188.0,24.75,76996.0
2024-11-04,287.85,287.85,282.0,285.8,348274,EQ,19284.0,18.06,202656.0
2024-11-05,285.8,285.8,282.55,283.9,163452,EQ,7785.0,21.0,79105.0
2024-11-06,285.35,289.65,283.05,285.65,487167,EQ,20119.0,24.21,200195.0
2024-11-07,282.95,283.85,278.3,279.7,576896,EQ,16476.0,35.01,231374.0
2024-11-08,280.0,280.6,269.9,271.15,328970,EQ,13522.0,24.33,180945.0
2024-11-11,265.0,270.2,263.0,268.25,262270,EQ,12840.0,20.43,107785.0
2024-11-12,268.25,274.4,264.5,267.2,257101,EQ,12708.0,20.23,117813.0
2024-11-13,265.0,265.95,261.0,262.3,196516,EQ,9548.0,20.58,89775.0
2024-11-14,262.0,265.6,257.65,259.25,251207,EQ,10711.0,23.45,119720.0
2024-11-18,260.6,265.3,258.55,261.65,188933,EQ,11754.0,16.07,88109.0
2024-11-19,263.0,264.6,259.0,261.1,254908,EQ,12883.0,19.79,119329.0
2024-11-21,261.1,261.15,252.75,255.45,360112,EQ,16796.0,21.44,221055.0
2024-11-22,255.0,270.9,255.0,267.25,1698363,EQ,50085.0,33.91,423165.0
2024-11-25,270.0,276.5,264.0,264.95,781488,EQ,30438.0,25.67,321463.0
2024-11-26,265.95,277.45,265.15,275.3,251109,EQ,14245.0,17.63,102876.0
2024-11-27,275.3,276.1,269.95,275.4,196552,EQ,15523.0,12.66,93488.0
2024-11-28,279.1,279.4,273.5,274.5,187398,EQ,14403.0,13.01,77841.0
2024-11-29,273.0,281.9,271.65,280.95,207544,EQ,11729.0,17.69,104478.0
2024-12-02,281.0,282.05,275.15,276.6,162194,EQ,8308.0,19.52,80030.0
2024-12-03,278.0,286.5,274.9,282.25,239992,EQ,13530.0,17.74,140781.0
2024-12-04,282.25,284.0,277.0,278.35,203661,EQ,8180.0,24.9,131387.0
2024-12-05,279.0,282.5,274.4,277.9,204992,EQ,10813.0,18.96,105072.0
2024-12-06,277.9,281.0,276.05,277.85,110417,EQ,10144.0,10.88,54394.0
2024-12-09,277.9,279.0,271.1,273.3,178865,EQ,9400.0,19.03,113633.0
2024-12-10,270.0,273.25,259.0,263.3,2358320,EQ,48083.0,49.05,1266344.0
2024-12-11,263.3,266.5,262.7,263.8,425262,EQ,25421.0,16.73,238172.0
2024-12-12,264.95,265.0,260.6,262.7,548275,EQ,27024.0,20.29,372324.0
2024-12-13,262.1,263.55,259.2,262.7,315165,EQ,15299.0,20.6,185954.0
2024-12-16,263.15,264.9,260.55,261.65,404960,EQ,13900.0,29.13,197033.0
2024-12-17,262.0,262.95,260.0,261.7,343410,EQ,28266.0,12.15,218861.0
2024-12-18,261.7,262.8,258.3,260.9,424027,EQ,27652.0,15.33,221860.0
2024-12-19,258.5,258.9,256.15,257.05,281261,EQ,15128.0,18.59,149755.0
2024-12-20,257.05,264.9,256.35,262.2,577205,EQ,18139.0,31.82,242979.0
2024-12-23,263.5,268.95,262.9,265.15,519442,EQ,19469.0,26.68,148464.0
2024-12-24,265.95,265.95,261.75,263.1,285133,EQ,17638.0,16.17,140930.0
2024-12-26,263.1,263.6,260.2,261.25,118365,EQ,6017.0,19.67,53802.0
2024-12-27,262.5,263.55,260.8,261.3,85924,EQ,6320.0,13.6,42285.0
2024-12-30,261.1,269.8,255.5,258.1,720388,EQ,43044.0,16.74,354495.0
2024-12-31,258.85,265.5,257.55,265.0,234879,EQ,10864.0,21.62,115055.0
2025-01-01,265.0,266.35,263.0,263.85,86178,EQ,6056.0,14.23,33206.0
2025-01-02,263.85,265.0,260.3,262.55,227805,EQ,11060.0,20.6,101357.0
2025-01-03,263.0,263.85,261.1,261.9,249322,EQ,8011.0,31.12,151671.0
2025-01-06,261.95,262.3,255.5,257.6,441698,EQ,19916.0,22.18,309636.0
2025-01-07,258.0,261.9,255.75,260.6,163811,EQ,14274.0,11.48,78067.0
2025-01-08,258.0,260.95,256.1,257.25,155900,EQ,7785.0,20.03,77923.0
2025-01-09,258.0,259.95,256.0,257.1,146251,EQ,8905.0,16.42,77958.0
2025-01-10,257.1,257.85,252.15,253.8,680430,EQ,13968.0,48.71,585578.0
2025-01-13,253.75,253.75,244.05,245.55,314942,EQ,23192.0,13.58,172831.0
2025-01-14,247.0,247.0,242.0,243.55,348674,EQ,23033.0,15.14,177209.0
2025-01-15,244.7,246.8,241.2,243.0,322291,EQ,19290.0,16.71,162595.0
2025-01-16,244.3,247.0,242.1,243.25,252525,EQ,14051.0,17.97,148656.0
2025-01-17,244.0,245.85,242.5,244.2,140184,EQ,4930.0,28.43,64783.0
2025-01-20,245.0,245.8,242.55,244.45,241333,EQ,11960.0,20.18,125260.0
2025-01-21,245.1,251.0,245.1,246.0,196532,EQ,12111.0,16.23,70520.0
2025-01-22,246.85,247.2,240.8,242.35,176970,EQ,12842.0,13.78,93794.0
2025-01-23,242.5,244.45,241.0,241.15,242775,EQ,12705.0,19.11,143040.0
2025-01-24,242.0,244.3,240.35,242.1,224330,EQ,10488.0,21.39,124921.0
2025-01-27,240.25,241.4,235.0,237.95,391617,EQ,15324.0,25.56,228640.0
2025-01-28,237.95,239.2,230.55,231.55,653594,EQ,19289.0,33.88,501731.0
2025-01-29,232.0,241.0,232.0,237.45,3515586,EQ,18353.0,191.55,2885727.0
2025-01-30,240.95,240.95,234.5,235.35,199041,EQ,10045.0,19.81,98782.0
2025-01-31,236.55,237.4,232.5,233.1,503239,EQ,17100.0,29.43,346176.0
2025-02-01,234.6,242.0,230.6,240.03,406642,EQ,21141.0,19.23,142959.0
2025-02-03,238.89,248.9,236.0,245.18,813201,EQ,37654.0,21.6,339189.0
2025-02-04,247.5,250.55,243.35,247.66,325153,EQ,18636.0,17.45,138385.0
2025-02-05,244.05,247.86,243.6,245.16,341579,EQ,13294.0,25.69,144268.0
2025-02-06,257.0,260.0,250.55,254.22,2685870,EQ,71166.0,37.74,485985.0
2025-02-07,250.4,252.49,246.65,248.98,415048,EQ,32374.0,12.82,174356.0
2025-02-10,250.22,257.5,240.76,242.46,273972,EQ,17349.0,15.79,125616.0
2025-02-11,242.46,242.46,237.16,238.56,252370,EQ,15850.0,15.92,102984.0
2025-02-12,238.56,239.79,231.56,233.88,314629,EQ,13923.0,22.6,160108.0
2025-02-13,235.0,237.97,233.52,234.71,232123,EQ,17291.0,13.42,133226.0
2025-02-14,235.0,235.58,226.75,231.4,203186,EQ,12614.0,16.11,96837.0
2025-02-17,232.11,232.6,224.5,229.73,392949,EQ,38306.0,10.26,175448.0
2025-02-18,230.9,231.99,227.1,228.42,148294,EQ,12355.0,12.0,81199.0
2025-02-19,228.2,232.0,226.3,230.21,215563,EQ,17352.0,12.42,102027.0
2025-02-20,230.98,239.5,230.21,235.48,257857,EQ,19435.0,13.27,115278.0
2025-02-21,237.05,243.5,233.1,241.63,260017,EQ,15398.0,16.89,123015.0
2025-02-24,241.0,241.14,234.1,235.4,209458,EQ,22546.0,9.29,100248.0
2025-02-25,235.25,237.28,230.57,231.13,176768,EQ,12320.0,14.35,99359.0
2025-02-27,232.3,232.8,227.01,230.75,186303,EQ,21807.0,8.54,93426.0
2025-02-28,228.7,230.49,221.38,226.66,329766,EQ,24489.0,13.47,188600.0
2025-03-03,226.66,227.8,219.01,221.99,227507,EQ,17121.0,13.29,100752.0
2025-03-04,220.99,224.5,218.2,223.74,180666,EQ,16318.0,11.07,77243.0
2025-03-05,223.8,230.0,223.8,229.11,228273,EQ,18465.0,12.36,104665.0
2025-03-06,232.0,235.0,231.37,234.38,210744,EQ,15121.0,13.94,104399.0
2025-03-07,234.0,237.89,232.54,235.65,208748,EQ,9840.0,21.21,83078.0
2025-03-10,237.68,239.77,228.43,230.68,229345,EQ,12190.0,18.81,124840.0
2025-03-11,228.6,233.91,228.01,232.73,222957,EQ,11693.0,19.07,116680.0
2025-03-12,233.01,234.65,226.55,228.07,233746,EQ,10736.0,21.77,150939.0
2025-03-13,229.25,230.17,223.99,224.65,365912,EQ,29403.0,12.44,231975.0
2025-03-17,224.67,226.49,223.05,225.05,329912,EQ,21523.0,15.33,222233.0
2025-03-18,226.0,232.0,225.66,229.85,222822,EQ,12141.0,18.35,123237.0
2025-03-19,230.99,238.8,230.01,236.01,476103,EQ,31460.0,15.13,247726.0
2025-03-20,236.41,239.87,235.34,237.3,217982,EQ,13021.0,16.74,106046.0
2025-03-21,239.3,249.4,235.64,244.93,802292,EQ,27708.0,28.96,487563.0
2025-03-24,246.0,246.2,242.51,243.63,233397,EQ,12884.0,18.12,128866.0
2025-03-25,244.0,245.0,236.71,237.84,311471,EQ,19394.0,16.06,173686.0
2025-03-26,239.0,241.15,235.2,238.07,266033,EQ,14094.0,18.88,150843.0
2025-03-27,235.25,239.59,231.1,232.59,379536,EQ,19879.0,19.09,226034.0
2025-03-28,232.59,239.04,231.55,232.9,451330,EQ,20220.0,22.32,308966.0
2025-04-01,234.45,238.5,231.57,237.83,305829,EQ,19847.0,15.41,164732.0
2025-04-02,237.83,241.4,234.21,240.28,160659,EQ,11145.0,14.42,75891.0
2025-04-03,239.99,244.44,238.12,242.82,106327,EQ,11046.0,9.63,54431.0
2025-04-04,244.1,244.98,236.66,239.54,159985,EQ,14766.0,10.83,68453.0
2025-04-07,224.57,236.99,224.57,234.97,264927,EQ,20658.0,12.82,106310.0
2025-04-08,237.0,245.66,236.26,244.27,379209,EQ,22756.0,16.66,168622.0
2025-04-09,242.4,247.75,240.2,244.84,237277,EQ,23305.0,10.18,112398.0
2025-04-11,247.7,250.59,244.3,249.58,315169,EQ,18657.0,16.89,170140.0
2025-04-15,250.25,256.99,249.6,255.81,463791,EQ,27038.0,17.15,227337.0
2025-04-16,256.0,261.55,253.58,259.87,301316,EQ,16115.0,18.7,158745.0
2025-04-17,259.99,259.99,255.01,258.12,279962,EQ,15210.0,18.41,120609.0
2025-04-21,265.0,268.15,258.02,265.68,647435,EQ,23453.0,27.61,326932.0
2025-04-22,266.0,271.18,262.06,269.95,626584,EQ,22918.0,27.34,433188.0
2025-04-23,269.8,270.0,262.73,267.95,243646,EQ,14837.0,16.42,124038.0
2025-04-24,267.3,269.32,264.9,265.9,150477,EQ,10304.0,14.6,76615.0
2025-04-25,265.0,267.3,257.41,262.21,239604,EQ,21348.0,11.22,115503.0
2025-04-28,260.05,264.5,259.18,261.71,160593,EQ,11513.0,13.95,79597.0
2025-04-29,261.7,269.7,261.7,266.91,310859,EQ,23052.0,13.49,182441.0
2025-04-30,266.51,267.59,255.12,257.17,253912,EQ,20645.0,12.3,132593.0
2025-05-02,258.0,260.75,253.0,254.75,131131,EQ,14104.0,9.3,73233.0
2025-05-05,256.15,257.55,253.7,255.4,240974,EQ,13138.0,18.34,136250.0
2025-05-06,256.7,258.4,252.35,253.35,165566,EQ,14039.0,11.79,83306.0
2025-05-07,245.45,256.0,243.2,254.85,362650,EQ,21780.0,16.65,122064.0
2025-05-08,258.0,258.4,250.0,252.35,258597,EQ,15317.0,16.88,109644.0
2025-05-09,242.0,258.45,242.0,257.75,312729,EQ,20833.0,15.01,159578.0
2025-05-12,262.9,263.8,258.0,260.15,184126,EQ,11557.0,15.93,102340.0
2025-05-13,261.0,263.7,256.15,260.3,223567,EQ,10144.0,22.04,106556.0
2025-05-14,261.0,262.9,258.15,260.2,148115,EQ,8688.0,17.05,62572.0
2025-05-15,260.2,267.5,260.05,266.35,262201,EQ,16149.0,16.24,155387.0
2025-05-16,266.35,266.95,262.3,263.6,120055,EQ,12047.0,9.97,57732.0
2025-05-19,264.85,266.65,260.1,264.2,196052,EQ,13346.0,14.69,116767.0
2025-05-20,262.25,266.0,261.2,263.7,123607,EQ,10137.0,12.19,57938.0
2025-05-21,265.0,265.9,260.0,264.7,137413,EQ,12734.0,10.79,66575.0
2025-05-22,264.0,264.3,260.45,262.1,104934,EQ,8551.0,12.27,59415.0
2025-05-23,263.0,264.3,258.3,260.2,131504,EQ,10986.0,11.97,72261.0
2025-05-26,260.0,262.7,250.55,254.7,655328,EQ,36672.0,17.87,344980.0
2025-05-27,256.5,257.95,253.75,257.05,154210,EQ,14955.0,10.31,87565.0
2025-05-28,257.05,258.0,253.1,254.4,182571,EQ,9576.0,19.07,79848.0
2025-05-29,255.0,255.3,252.45,253.5,144469,EQ,12244.0,11.8,78852.0
2025-05-30,253.5,255.1,251.4,253.7,179748,EQ,14267.0,12.6,109859.0
2025-06-02,254.0,254.55,250.5,252.0,163114,EQ,10400.0,15.68,88817.0
2025-06-03,253.3,253.3,250.1,250.35,74774,EQ,6471.0,11.56,41613.0
2025-06-04,250.35,250.95,248.1,248.7,99422,EQ,5235.0,18.99,59017.0
2025-06-05,248.7,252.0,246.5,248.3,144154,EQ,7351.0,19.61,86464.0
2025-06-06,248.35,250.4,247.05,249.15,96526,EQ,4892.0,19.73,57863.0
2025-06-09,248.5,251.15,247.75,250.1,195874,EQ,9706.0,20.18,111948.0
2025-06-10,251.4,255.85,250.7,253.85,237473,EQ,11653.0,20.38,134636.0
2025-06-11,255.5,255.5,250.3,250.8,311517,EQ,13901.0,22.41,203033.0
2025-06-12,252.1,252.8,248.8,249.85,264110,EQ,14541.0,18.16,128031.0
2025-06-13,244.55,246.0,241.0,242.45,301218,EQ,15295.0,19.69,171554.0
2025-06-16,242.5,244.7,239.3,241.9,198465,EQ,10357.0,19.16,108215.0
2025-06-17,241.3,247.4,240.55,243.4,219582,EQ,14881.0,14.76,92135.0
2025-06-18,243.0,244.45,241.1,243.85,199878,EQ,13312.0,15.01,116728.0
2025-06-19,244.4,244.4,240.0,240.7,130169,EQ,8442.0,15.42,72641.0
2025-06-20,241.9,241.95,237.4,239.8,206925,EQ,11067.0,18.7,114911.0
2025-06-23,236.85,240.0,235.2,238.9,142457,EQ,5467.0,26.06,61056.0
2025-06-24,244.0,244.9,240.6,241.85,209906,EQ,8153.0,25.75,90337.0
2025-06-25,244.3,245.75,242.3,243.75,196298,EQ,7218.0,27.2,111782.0
2025-06-26,246.0,246.55,242.6,244.1,110122,EQ,5422.0,20.31,70543.0
2025-06-27,245.0,249.0,242.0,248.1,335325,EQ,10478.0,32.0,193057.0
2025-06-30,248.7,253.6,248.5,252.15,409277,EQ,10913.0,37.5,249401.0
2025-07-01,253.35,253.4,249.1,250.15,167882,EQ,9161.0,18.33,69090.0
2025-07-02,250.2,250.7,247.3,248.45,168243,EQ,7846.0,21.44,94443.0
2025-07-03,248.0,252.15,248.0,250.25,239860,EQ,12829.0,18.7,128313.0
2025-07-04,250.35,251.45,249.1,250.05,99809,EQ,4659.0,21.42,60472.0
2025-07-07,249.3,251.0,248.4,249.75,123207,EQ,8017.0,15.37,77656.0
2025-07-08,249.8,253.95,248.45,249.95,260787,EQ,10939.0,23.84,143928.0
2025-07-09,252.0,252.05,249.65,250.35,278201,EQ,7380.0,37.7,158964.0
2025-07-10,250.0,251.5,248.05,249.1,84566,EQ,4182.0,20.22,49715.0
2025-07-11,248.3,249.65,245.7,246.25,105390,EQ,6306.0,16.71,63817.0
2025-07-14,247.5,247.5,244.5,245.95,103074,EQ,7837.0,13.15,61475.0
2025-07-15,245.95,250.05,245.95,249.8,174096,EQ,7808.0,22.3,114664.0
2025-07-16,250.4,250.8,246.0,247.25,153900,EQ,15070.0,10.21,98785.0
2025-07-17,247.35,250.05,247.35,249.75,173630,EQ,7726.0,22.47,116121.0
2025-07-18,249.35,250.05,247.0,248.1,97195,EQ,8559.0,11.36,52897.0
2025-07-21,248.6,249.3,246.55,247.65,75288,EQ,5940.0,12.67,45011.0
2025-07-22,247.65,248.45,245.75,246.35,84581,EQ,4983.0,16.97,58786.0
2025-07-23,245.8,248.4,245.15,247.05,205332,EQ,8901.0,23.07,141767.0
2025-07-24,247.05,250.05,247.05,249.45,277037,EQ,11428.0,24.24,201863.0
2025-07-25,249.45,249.45,244.05,244.95,82121,EQ,5800.0,14.16,57362.0
2025-07-28,246.2,246.2,240.0,240.7,104581,EQ,8557.0,12.22,56574.0
2025-07-29,240.7,243.0,240.65,242.0,96662,EQ,5871.0,16.46,54706.0
2025-07-30,242.0,246.55,242.0,245.6,194696,EQ,10398.0,18.72,112781.0
2025-07-31,243.6,246.15,240.85,244.9,166303,EQ,8666.0,19.19,109734.0
2025-08-01,244.3,251.01,243.0,250.05,459005,EQ,9441.0,48.62,307408.0
2025-08-04,250.0,250.59,242.0,243.97,379776,EQ,15454.0,24.57,227530.0
2025-08-05,245.0,245.0,240.88,242.17,267902,EQ,10404.0,25.75,86717.0
2025-08-06,243.4,243.6,234.13,234.9,419639,EQ,24355.0,17.23,229949.0
2025-08-07,235.49,237.6,231.91,233.37,236108,EQ,15865.0,14.88,118668.0
2025-08-08,233.4,234.49,232.15,232.89,111867,EQ,6870.0,16.28,59931.0
2025-08-11,233.33,235.6,230.71,235.02,267112,EQ,12700.0,21.03,184309.0
2025-08-12,235.0,239.59,233.77,238.36,665115,EQ,7793.0,85.35,596900.0
2025-08-13,238.44,239.61,235.83,236.48,151116,EQ,6944.0,21.76,70258.0
2025-08-14,238.4,239.18,235.0,235.45,101776,EQ,5637.0,18.05,47892.0
2025-08-18,237.5,238.65,236.04,236.86,1235721,EQ,9993.0,123.66,1137330.0
2025-08-19,238.1,243.95,235.49,242.87,255418,EQ,17424.0,14.66,140622.0
2025-08-20,243.05,245.1,240.28,244.21,1540287,EQ,14403.0,106.94,1304909.0
2025-08-21,245.55,246.9,236.31,238.13,587466,EQ,17963.0,32.7,313991.0
2025-08-22,239.0,239.17,231.9,232.62,782969,EQ,21700.0,36.08,460814.0
2025-08-25,233.8,235.27,231.15,234.54,357608,EQ,18380.0,19.46,197521.0
2025-08-26,235.0,236.7,233.06,234.07,882176,EQ,19415.0,45.44,674960.0
2025-08-28,234.06,239.5,232.86,238.04,219353,EQ,8005.0,27.4,129774.0
2025-08-29,238.05,243.39,238.05,239.99,1221841,EQ,19053.0,64.13,966292.0
2025-09-01,238.07,243.4,238.07,241.63,244074,EQ,8558.0,28.52,121533.0
2025-09-02,241.6,244.95,240.0,241.99,159900,EQ,6711.0,23.83,75572.0
2025-09-03,242.15,246.5,241.99,244.57,580999,EQ,16444.0,35.33,454834.0
2025-09-04,245.0,249.0,241.25,243.24,351298,EQ,15760.0,22.29,118549.0
2025-09-05,243.6,245.35,240.92,242.88,176572,EQ,5756.0,30.68,72456.0
2025-09-08,242.85,249.43,239.51,243.31,419994,EQ,13307.0,31.56,213831.0
2025-09-09,244.9,251.75,244.19,248.67,875647,EQ,17882.0,48.97,559187.0
2025-09-10,247.08,250.88,243.01,244.3,347522,EQ,10122.0,34.33,169336.0
2025-09-11,244.7,249.13,243.01,246.61,344541,EQ,10435.0,33.02,186706.0
2025-09-12,246.25,250.0,245.74,247.54,1382211,EQ,15714.0,87.96,1203454.0
2025-09-15,248.9,251.0,244.75,246.15,740612,EQ,22039.0,33.6,524620.0
2025-09-16,247.7,249.39,243.66,245.07,359874,EQ,12803.0,28.11,243792.0
2025-09-17,247.5,250.88,246.32,249.49,702443,EQ,14976.0,46.9,387581.0
2025-09-18,250.0,254.0,249.07,253.25,929053,EQ,19380.0,47.94,521079.0
2025-09-19,253.9,256.89,251.0,251.85,2583718,EQ,39131.0,66.03,2000278.0
2025-09-22,252.05,254.95,249.42,253.0,714329,EQ,18036.0,39.61,441386.0
2025-09-23,253.2,253.47,245.1,246.21,873562,EQ,29862.0,29.25,612581.0
2025-09-24,247.8,248.8,243.56,245.28,794334,EQ,20104.0,39.51,522657.0
2025-09-25,246.5,249.49,244.5,245.24,394771,EQ,20591.0,19.17,254269.0
2025-09-26,245.0,248.38,241.42,246.58,428421,EQ,12391.0,34.58,247204.0
2025-09-29,247.89,247.89,243.5,245.12,1682546,EQ,30859.0,54.52,1084209.0
2025-09-30,245.5,247.99,244.18,247.38,287649,EQ,9240.0,31.13,168460.0
2025-10-01,247.23,250.99,244.6,249.22,405896,EQ,12719.0,31.91,232712.0
2025-10-03,248.5,254.95,247.9,252.36,428455,EQ,12643.0,33.89,239751.0
2025-10-06,253.99,253.99,249.06,250.99,212080,EQ,8557.0,24.78,116715.0
2025-10-07,251.28,251.56,245.3,246.48,291483,EQ,9836.0,29.63,177223.0
2025-10-08,246.9,248.99,244.1,244.6,190827,EQ,9200.0,20.74,100775.0
2025-10-09,244.45,246.6,243.29,245.35,170351,EQ,12837.0,13.27,95912.0
2025-10-10,245.0,248.27,244.55,247.5,163599,EQ,8273.0,19.78,70211.0
2025-10-13,248.0,248.2,244.14,245.7,326655,EQ,12637.0,25.85,180633.0
2025-10-14,245.7,248.0,244.52,245.44,354537,EQ,14345.0,24.72,206950.0
2025-10-15,245.45,248.25,243.21,245.66,659556,EQ,22524.0,29.28,494104.0
2025-10-16,245.66,248.34,244.78,245.16,196191,EQ,13667.0,14.36,127389.0
2025-10-17,245.84,256.89,245.25,253.26,1722348,EQ,36663.0,46.98,636746.0
2025-10-20,255.0,255.4,249.78,253.54,464902,EQ,14237.0,32.65,235593.0
2025-10-21,257.35,258.75,255.24,256.85,224370,EQ,5229.0,42.91,118564.0
2025-10-23,258.01,258.2,253.0,255.43,574090,EQ,12170.0,47.17,330745.0
2025-10-24,257.64,257.9,252.21,253.97,468633,EQ,11569.0,40.51,280607.0
2025-10-27,255.23,255.3,252.2,253.18,285840,EQ,9875.0,28.95,168392.0
2025-10-28,254.0,255.24,247.05,249.5,501290,EQ,13506.0,37.12,304382.0
2025-10-29,250.0,253.29,249.01,252.68,276716,EQ,8445.0,32.77,170276.0
2025-10-30,254.3,254.3,249.22,250.49,501498,EQ,7664.0,65.44,393226.0
2025-10-31,250.6,251.59,247.48,247.96,207433,EQ,9820.0,21.12,134874.0
2025-11-03,248.15,249.9,246.05,249.15,265741,EQ,10088.0,26.34,159181.0
2025-11-04,249.9,251.0,243.15,248.54,903785,EQ,16821.0,53.73,671505.0
2025-11-06,248.93,252.0,245.51,248.18,673590,EQ,21669.0,31.09,378588.0
2025-11-07,245.9,247.51,244.52,246.32,316086,EQ,10360.0,30.51,202515.0
2025-11-10,245.0,247.99,243.18,245.82,402999,EQ,17376.0,23.19,243076.0
2025-11-11,243.01,246.26,242.55,243.85,396381,EQ,13752.0,28.82,246260.0
2025-11-12,244.05,246.05,242.25,245.53,374982,EQ,11925.0,31.45,205999.0
2025-11-13,246.7,252.45,245.05,249.34,838385,EQ,22747.0,36.86,421293.0
2025-11-14,249.34,251.09,245.96,248.8,391654,EQ,16848.0,23.25,198722.0
2025-11-17,250.0,250.0,246.5,247.69,339069,EQ,17265.0,19.64,245307.0
2025-11-18,247.8,250.01,245.34,246.97,449584,EQ,18893.0,23.8,306677.0
2025-11-19,246.97,246.97,243.5,244.87,449944,EQ,27523.0,16.35,339025.0
2025-11-20,244.87,244.87,238.85,239.78,593279,EQ,14496.0,40.93,409397.0
2025-11-21,240.0,240.01,231.52,232.8,497193,EQ,18006.0,27.61,382243.0
2025-11-24,232.99,233.29,231.02,231.99,462490,EQ,26140.0,17.69,377355.0
2025-11-25,231.0,232.1,229.01,231.02,489662,EQ,17956.0,27.27,344366.0
2025-11-26,231.4,234.4,230.03,234.01,271702,EQ,14255.0,19.06,130774.0
2025-11-27,234.6,237.75,232.98,236.73,301294,EQ,12485.0,24.13,162611.0
2025-11-28,236.73,237.32,233.28,236.49,215245,EQ,8692.0,24.76,91938.0
2025-12-01,236.49,237.29,231.75,232.11,486863,EQ,15330.0,31.76,387770.0
2025-12-02,232.11,232.56,227.1,230.65,479002,EQ,22378.0,21.41,253075.0
2025-12-03,231.78,233.49,229.54,232.67,201959,EQ,6713.0,30.08,114227.0
2025-12-04,231.39,231.9,228.52,229.66,388332,EQ,26159.0,14.85,276766.0
2025-12-05,229.8,230.45,225.75,228.11,455894,EQ,20503.0,22.24,280712.0
2025-12-08,229.75,229.75,218.89,221.85,909844,EQ,23152.0,39.3,670987.0
2025-12-09,222.0,224.5,220.05,221.91,389814,EQ,14832.0,26.28,222844.0
2025-12-10,221.91,226.75,221.6,224.62,371746,EQ,14107.0,26.35,200870.0
2025-12-11,223.99,224.0,221.18,223.26,146936,EQ,7091.0,20.72,72742.0
2025-12-12,223.15,224.89,222.11,223.5,155826,EQ,9402.0,16.57,85267.0
2025-12-15,223.5,227.3,222.89,226.37,115526,EQ,7823.0,14.77,56478.0
2025-12-16,226.37,226.74,224.07,224.52,163176,EQ,8383.0,19.47,115010.0
2025-12-17,224.41,224.51,221.54,222.07,98407,EQ,6648.0,14.8,68144.0
2025-12-18,222.0,222.45,220.1,220.91,118013,EQ,6683.0,17.66,62448.0
2025-12-19,221.99,225.1,220.5,222.98,385627,EQ,18578.0,20.76,143194.0
2025-12-22,223.0,225.0,222.7,223.11,151013,EQ,9278.0,16.28,69479.0
2025-12-23,224.22,225.1,222.71,224.26,95257,EQ,4438.0,21.46,50005.0
2025-12-24,224.9,264.0,224.04,242.22,1518787,EQ,20911.0,72.63,963917.0
2025-12-26,244.79,245.01,233.25,237.42,903974,EQ,24833.0,36.4,298611.0
2025-12-29,235.1,236.63,231.55,234.48,235698,EQ,9306.0,25.33,106580.0
2025-12-30,233.5,236.4,231.25,233.86,199787,EQ,10409.0,19.19,83729.0
2025-12-31,233.13,238.43,232.53,235.45,201222,EQ,8076.0,24.92,77684.0
2026-01-01,236.0,240.53,234.4,239.72,207218,EQ,5367.0,38.61,131146.0
2026-01-02,240.0,241.78,235.22,241.08,221557,EQ,8304.0,26.68,113822.0
2026-01-05,240.0,241.08,237.0,239.32,160623,EQ,6772.0,23.72,99844.0
2026-01-06,239.06,240.95,235.41,240.25,159569,EQ,6409.0,24.9,69587.0
2026-01-07,239.38,240.69,235.6,237.86,181090,EQ,7884.0,22.97,97458.0
2026-01-08,237.86,238.6,233.32,234.59,170661,EQ,8412.0,20.29,78823.0
2026-01-09,233.5,237.08,231.12,232.46,165321,EQ,7259.0,22.77,81987.0
2026-01-12,233.63,234.69,229.2,230.64,147194,EQ,7685.0,19.15,76968.0
2026-01-13,230.2,234.7,230.2,232.26,129721,EQ,8136.0,15.94,70685.0
2026-01-14,232.23,237.81,231.23,236.55,151586,EQ,7478.0,20.27,103819.0
2026-01-16,236.5,236.5,230.5,231.43,154485,EQ,8309.0,18.59,91099.0
2026-01-19,230.0,234.19,229.01,232.74,158088,EQ,6379.0,24.78,82060.0
2026-01-20,232.0,232.25,225.0,226.85,251572,EQ,8738.0,28.79,129937.0
2026-01-21,226.8,230.98,221.8,229.21,339441,EQ,9576.0,35.45,202218.0
2026-01-22,229.21,229.85,226.3,227.32,132371,EQ,7601.0,17.41,69279.0
2026-01-23,227.32,227.5,225.11,227.08,181741,EQ,10019.0,18.14,124853.0
2026-01-27,225.2,226.8,223.18,225.3,169778,EQ,9940.0,17.08,110082.0
2026-01-28,225.3,228.8,222.71,226.19,334225,EQ,17163.0,19.47,179758.0
2026-01-29,226.65,227.79,223.4,225.42,298016,EQ,10794.0,27.61,203053.0
2026-01-30,223.18,230.98,222.88,230.19,438679,EQ,20401.0,21.5,301455.0
2026-02-01,226.75,229.51,225.0,225.38,57043,EQ,3435.0,16.61,24534.0
2026-02-02,223.5,238.0,222.49,234.17,812433,EQ,21635.0,37.55,297005.0
2026-02-03,236.9,237.4,227.52,228.14,478351,EQ,17874.0,26.76,245199.0
2026-02-04,226.0,226.0,221.31,222.07,485093,EQ,15433.0,31.43,215511.0
2026-02-05,222.2,222.21,217.65,218.31,390679,EQ,11881.0,32.88,224343.0
2026-02-06,216.48,217.0,213.5,214.35,317070,EQ,8877.0,35.72,188695.0
2026-02-09,214.35,215.44,212.0,212.59,451560,EQ,8451.0,53.43,277594.0
2026-02-10,212.79,213.42,211.36,211.9,506242,EQ,13463.0,37.6,296367.0
2026-02-11,212.0,212.0,202.5,206.44,669583,EQ,16547.0,40.47,356649.0
2026-02-12,206.44,206.55,201.75,202.42,412608,EQ,15899.0,25.95,215402.0
2026-02-13,200.1,201.51,196.7,200.03,553280,EQ,19405.0,28.51,336621.0
2026-02-16,200.0,208.1,196.7,203.42,1546769,EQ,18452.0,83.83,1024931.0
2026-02-17,198.3,203.51,198.3,202.39,289879,EQ,11648.0,24.89,97741.0
2026-02-18,203.25,203.41,199.51,201.38,230794,EQ,10548.0,21.88,90011.0
2026-02-19,201.38,203.08,199.4,200.5,3372893,EQ,12656.0,266.51,3216966.0
2026-02-20,199.5,200.84,198.0,198.69,166859,EQ,5220.0,31.97,85343.0
2026-02-23,199.8,200.62,197.42,199.64,250252,EQ,9605.0,26.05,133350.0
2026-02-24,199.79,199.79,196.9,197.66,162314,EQ,7267.0,22.34,86017.0
2026-02-25,198.0,204.8,197.13,200.64,1893550,EQ,22357.0,84.7,1480751.0
2026-02-26,200.85,202.6,200.0,200.41,136661,EQ,4421.0,30.91,58029.0
2026-02-27,197.0,204.85,195.55,203.51,308431,EQ,9171.0,33.63,119659.0
2026-03-02,194.68,199.05,193.23,196.31,375246,EQ,10446.0,35.92,155711.0
2026-03-04,195.0,197.97,191.91,194.93,385352,EQ,20429.0,18.86,139625.0
2026-03-05,193.0,198.11,190.1,193.38,261042,EQ,10864.0,24.03,125508.0
2026-03-06,193.4,194.12,188.1,189.19,662170,EQ,25747.0,25.72,357198.0
2026-03-09,187.85,188.0,180.25,185.33,689019,EQ,32237.0,21.37,413474.0
2026-03-10,187.54,188.99,184.73,185.6,323207,EQ,16739.0,19.31,177891.0
2026-03-11,186.55,191.5,185.02,187.02,3030534,EQ,22829.0,132.75,2482772.0
2026-03-12,186.35,189.8,185.65,188.06,404542,EQ,12624.0,32.05,200181.0
2026-03-13,187.01,191.06,181.4,182.14,1660054,EQ,21596.0,76.87,1384047.0
2026-03-16,182.0,184.0,176.02,177.43,553643,EQ,15113.0,36.63,307650.0
2026-03-17,178.0,178.53,173.5,173.72,369377,EQ,11077.0,33.35,185708.0
2026-03-18,175.0,178.9,173.0,175.01,467581,EQ,11328.0,41.28,272185.0
2026-03-19,173.4,173.92,168.0,168.5,390106,EQ,12298.0,31.72,215415.0
2026-03-20,170.5,170.82,166.0,166.77,556926,EQ,12459.0,44.7,311327.0
2026-03-23,166.0,166.0,157.91,159.07,414532,EQ,15554.0,26.65,206069.0
2026-03-24,161.04,165.0,159.21,161.29,602940,EQ,15511.0,38.87,298995.0
2026-03-25,161.77,175.32,161.77,173.61,1117577,EQ,21904.0,51.02,487001.0
2026-03-27,171.91,178.18,169.38,170.5,960867,EQ,32185.0,29.85,412288.0
2026-03-30,169.51,173.59,166.0,167.22,607718,EQ,29745.0,20.43,274988.0
2026-04-01,170.01,176.69,170.01,175.56,274067,EQ,15209.0,18.02,124685.0
2026-04-02,173.49,180.0,170.89,178.6,232236,EQ,8762.0,26.5,92058.0
2026-04-06,178.61,182.0,174.65,180.16,262956,EQ,12329.0,21.33,121248.0
2026-04-07,180.0,183.2,177.96,178.36,173102,EQ,6369.0,27.18,86733.0
2026-04-08,188.0,190.16,185.53,188.16,499154,EQ,8570.0,58.24,239065.0
2026-04-09,188.5,188.76,184.5,185.3,153356,EQ,7859.0,19.51,73907.0
2026-04-10,187.9,193.63,185.88,191.52,799945,EQ,10891.0,73.45,591859.0
2026-04-13,188.25,193.18,185.25,188.65,397058,EQ,11456.0,34.66,207578.0
2026-04-15,191.99,197.0,190.53,196.3,847216,EQ,21813.0,38.84,543568.0
2026-04-16,197.0,202.04,195.39,200.16,442172,EQ,7133.0,61.99,265779.0
2026-04-17,200.0,204.66,199.7,203.09,269218,EQ,6737.0,39.96,154842.0
2026-04-20,205.01,206.99,198.19,204.07,491067,EQ,9795.0,50.13,200517.0
2026-04-21,203.6,208.0,202.08,206.24,346355,EQ,10683.0,32.42,212601.0
2026-04-22,204.95,208.59,203.1,204.04,451812,EQ,11392.0,39.66,289441.0
2026-04-23,202.66,204.39,199.75,200.73,190774,EQ,6554.0,29.11,80943.0
2026-04-24,201.0,201.18,195.46,197.15,266618,EQ,8411.0,31.7,117468.0
2026-04-27,197.15,202.3,197.15,201.29,141193,EQ,6037.0,23.39,67720.0
2026-04-28,201.29,201.74,197.2,199.43,135154,EQ,5399.0,25.03,64827.0
2026-04-29,199.42,200.75,197.5,197.72,164053,EQ,5046.0,32.51,90262.0
2026-04-30,197.66,199.9,192.84,197.19,191125,EQ,6469.0,29.54,72284.0
2026-05-04,198.0,203.88,195.0,196.69,248801,EQ,5610.0,44.35,129486.0
2026-05-05,197.0,197.42,192.91,194.13,229040,EQ,7634.0,30.0,136942.0
2026-05-06,195.05,203.2,193.41,201.43,863978,EQ,15429.0,56.0,292645.0
2026-05-07,215.0,223.49,208.26,211.55,8712846,EQ,86018.0,101.29,1196173.0
2026-05-08,213.0,223.0,211.1,220.35,1553578,EQ,25952.0,59.86,809727.0
2026-05-11,219.0,219.1,214.06,217.34,664189,EQ,17605.0,37.73,292483.0
2026-05-12,215.34,218.34,212.33,213.83,879080,EQ,24259.0,36.24,579377.0
2026-05-13,214.9,221.49,214.7,218.75,855316,EQ,24844.0,34.43,418550.0
2026-05-14,220.0,224.45,218.16,221.97,836408,EQ,33354.0,25.08,465541.0
2026-05-15,221.97,223.45,217.1,222.07,1470264,EQ,26787.0,54.89,1083910.0
2026-05-18,222.0,222.07,212.02,217.72,533495,EQ,20873.0,25.56,258289.0
2026-05-19,217.72,219.6,213.56,215.51,561995,EQ,13060.0,43.03,350850.0
2026-05-20,213.0,215.65,212.62,214.61,142955,EQ,6110.0,23.4,70739.0
2026-05-21,216.0,220.95,215.42,217.97,350375,EQ,11146.0,31.44,211580.0
2026-05-22,219.97,223.49,217.51,217.94,620164,EQ,16739.0,37.05,423577.0
2026-05-25,219.3,225.4,217.15,218.36,647270,EQ,14565.0,44.44,284450.0
2026-05-26,218.49,220.39,217.3,217.76,117138,EQ,6165.0,19.0,60839.0
2026-05-27,218.06,220.0,215.94,218.34,305005,EQ,10404.0,29.32,179892.0
2026-05-29,220.4,222.5,217.0,218.06,486286,EQ,16326.0,29.79,291227.0
2026-06-01,220.3,220.3,213.55,215.11,170846,EQ,12701.0,13.45,78879.0
2026-06-02,212.01,216.32,212.01,215.01,138550,EQ,6945.0,19.95,67340.0
2026-06-03,215.01,217.0,213.15,214.86,136858,EQ,4671.0,29.3,73098.0
2026-06-04,214.86,216.86,212.55,213.65,105992,EQ,5843.0,18.14,55813.0
2026-06-05,214.48,216.5,209.66,210.89,149179,EQ,6537.0,22.82,70703.0
2026-06-08,206.85,212.45,206.85,210.67,187899,EQ,7037.0,26.7,105891.0
2026-06-09,211.0,211.99,207.46,209.73,209543,EQ,8329.0,25.16,133471.0
2026-06-10,209.73,217.5,209.73,214.4,1088173,EQ,18162.0,59.91,769216.0
2026-06-11,214.3,216.9,211.12,216.04,261708,EQ,8397.0,31.17,156981.0
2026-06-12,220.5,220.5,213.6,216.5,246624,EQ,7769.0,31.74,100109.0
2026-06-15,220.0,221.45,214.56,216.45,1130540,EQ,24953.0,45.31,696248.0
2026-06-16,217.7,219.9,215.3,215.68,364025,EQ,14536.0,25.04,223775.0
2026-06-17,217.39,219.24,209.16,211.11,502155,EQ,11462.0,43.81,302105.0
2026-06-18,212.5,212.5,208.39,209.46,404413,EQ,12869.0,31.43,255133.0
2026-06-19,210.0,214.43,208.47,211.13,613630,EQ,15755.0,38.95,312935.0
2026-06-22,212.0,216.95,212.0,215.35,290067,EQ,8204.0,35.36,163885.0
2026-06-23,215.35,217.03,213.68,215.58,300283,EQ,12779.0,23.5,164714.0
2026-06-24,215.58,215.79,213.0,214.37,102103,EQ,4171.0,24.48,43052.0
2026-06-25,216.6,218.82,210.3,212.41,342033,EQ,7442.0,45.96,113944.0
2026-06-29,210.08,211.61,204.02,204.9,496347,EQ,16608.0,29.89,235227.0
2026-06-30,205.07,206.22,202.21,204.06,177283,EQ,5763.0,30.76,115853.0
2026-07-01,205.12,212.61,204.53,210.02,302801,EQ,12283.0,24.65,147042.0
2026-07-02,211.01,213.0,210.31,212.56,146651,EQ,6477.0,22.64,87425.0
2026-07-03,213.98,216.49,210.25,211.83,345026,EQ,8664.0,39.82,142501.0
2026-07-06,213.0,213.11,210.11,211.8,107225,EQ,6456.0,16.61,54878.0
2026-07-07,212.74,212.74,207.01,207.84,94594,EQ,4474.0,21.14,62890.0
2026-07-08,207.0,208.29,202.58,204.03,239671,EQ,7772.0,30.84,129201.0
2026-07-09,207.0,207.0,199.3,200.59,230082,EQ,6868.0,33.5,147123.0
2026-07-10,201.69,204.99,201.69,202.64,92141,EQ,5695.0,16.18,51143.0
2026-07-13,202.64,203.0,200.02,202.32,120183,EQ,3988.0,30.14,65978.0
2026-07-14,202.89,204.12,195.0,197.03,217611,EQ,5545.0,39.24,126135.0
2026-07-15,197.04,204.03,197.04,202.93,225971,EQ,6007.0,37.62,126351.0
2026-07-16,202.93,204.0,200.0,200.9,51547,EQ,2695.0,19.13,27967.0
2026-07-17,200.9,202.39,200.1,201.28,87743,EQ,5649.0,15.53,46601.0
2026-07-20,200.88,203.83,198.0,201.2,176235,EQ,5135.0,34.32,102921.0
2026-07-21,201.25,203.7,200.38,202.24,142846,EQ,5728.0,24.94,86602.0
2026-07-22,202.0,202.0,198.36,198.92,105293,EQ,4479.0,23.51,56811.0
2026-07-23,198.92,198.93,193.3,194.22,206750,EQ,8285.0,24.95,130611.0
2026-07-24,194.0,194.27,191.07,193.19,250885,EQ,9489.0,26.44,161993.0
2026-07-27,196.68,206.6,194.8,203.88,635135,EQ,12967.0,48.98,268936.0
2026-07-28,203.88,205.2,197.25,198.26,315293,EQ,9179.0,34.35,169629.0
2026-07-29,198.5,204.05,198.16,200.06,342149,EQ,14544.0,23.53,157055.0
2026-07-30,201.0,201.0,197.5,199.05,245944,EQ,7752.0,31.73,141110.0
2026-07-31,200.0,200.73,196.02,196.74,233819,EQ,4925.0,47.48,159708.0
2026-08-03,197.19,205.26,197.19,204.18,514487,EQ,17125.0,30.04,244198.0
2026-08-04,208.55,212.41,198.0,198.92,1052958,EQ,23237.0,45.31,451126.0
2026-08-05,202.99,212.3,198.77,210.38,1566089,EQ,25269.0,61.98,563651.0
2026-08-06,210.49,212.14,208.22,211.12,371479,EQ,7980.0,46.55,214436.0
2026-08-07,211.24,215.72,208.85,212.35,497032,EQ,8351.0,59.52,268737.0
2026-08-10,212.02,218.44,212.02,215.65,547826,EQ,11149.0,49.14,287867.0
2026-08-11,215.7,217.85,212.0,212.26,243106,EQ,7322.0,33.2,125586.0
2026-08-12,212.97,214.03,207.1,208.19,420252,EQ,11387.0,36.91,262590.0
2026-08-13,208.6,210.62,207.03,209.12,97990,EQ,4056.0,24.16,51931.0
2026-08-14,209.8,210.01,204.1,204.75,110705,EQ,3809.0,29.06,60544.0
2026-08-17,205.6,207.64,204.15,205.8,95977,EQ,3788.0,25.34,51711.0
2026-08-18,205.8,207.63,200.11,201.05,177961,EQ,5378.0,33.09,106872.0
2026-08-19,201.05,201.99,198.71,201.37,111941,EQ,4029.0,27.78,68669.0
2026-08-20,202.37,204.59,200.53,201.51,151212,EQ,6693.0,22.59,81069.0
2026-08-21,202.51,207.19,200.1,205.85,297069,EQ,6463.0,45.96,189554.0
2026-08-24,205.75,208.05,201.0,201.56,186381,EQ,7021.0,26.55,94180.0
2026-08-25,201.66,202.99,198.55,200.43,114463,EQ,3513.0,32.58,58755.0
2026-08-26,201.9,202.9,200.08,201.33,107286,EQ,4709.0,22.78,55263.0
2026-08-27,200.75,201.22,198.0,198.44,129493,EQ,4515.0,28.68,76215.0
2026-08-28,198.44,200.01,194.93,195.77,219737,EQ,7565.0,29.05,130035.0
2026-08-31,197.0,197.79,192.02,192.81,145647,EQ,5705.0,25.53,94173.0
2026-09-01,192.9,196.47,192.11,194.75,186115,EQ,6228.0,29.88,77085.0
2026-09-02,193.75,195.5,191.05,194.82,279290,EQ,9642.0,28.97,140395.0
2026-09-03,195.09,196.91,194.4,195.11,72153,EQ,3897.0,18.52,41462.0
2026-09-04,195.14,195.9,192.98,194.2,2465067,EQ,6116.0,403.05,2364464.0
2026-09-07,193.85,196.9,193.25,194.28,142743,EQ,6060.0,23.55,75529.0
2026-09-08,194.27,194.5,191.14,193.4,173879,EQ,6507.0,26.72,107276.0
2026-09-09,191.26,192.56,187.03,191.2,343629,EQ,8926.0,38.5,177090.0
2026-09-10,190.0,192.4,189.71,191.11,109221,EQ,4525.0,24.14,55517.0
2026-09-11,189.39,189.54,187.3,188.6,119478,EQ,4220.0,28.31,52485.0
2026-09-15,189.24,190.02,182.2,183.03,138520,EQ,5158.0,26.86,77565.0
2026-09-16,183.03,185.98,181.06,184.81,277695,EQ,7377,37.64,164542
2026-09-17,184.65,186.4,183.0,184.2,135649,EQ,4044,33.54,73253
2026-09-18,183.73,185.1,181.6,183.96,672383,EQ,10651,63.13,391100
2026-09-21,183.96,183.96,181.78,182.27,104622,EQ,2997,34.91,62208
2026-09-22,183.0,183.83,180.06,180.98,129858,EQ,4369,29.72,84732
2026-09-23,181.99,185.0,181.3,182.58,147219,EQ,3959,37.19,71713
2026-09-24,182.58,182.91,179.01,179.41,146681,EQ,4620,31.75,91269
2026-09-25,179.41,181.4,177.35,180.63,153445,EQ,6241,24.59,80958
