Date,Open,High,Low,Close,Volume,Series,TOTAL_TRADES,QTY_PER_TRADE,DLV_QTY
2011-09-08,16.55,20.8,15.6,16.4,24856,BE,,,
2011-09-09,17.0,17.0,15.6,15.6,15253,BE,,,
2011-09-12,14.85,14.85,14.85,14.85,30,BE,,,
2011-09-13,14.15,14.15,14.15,14.15,1110,BE,,,
2011-09-14,13.45,13.45,13.45,13.45,1855,BE,,,
2011-09-15,12.8,12.8,12.8,12.8,6155,BE,,,
2011-09-16,12.2,13.45,12.2,13.45,68831,BE,,,
2011-09-19,14.15,14.15,13.75,14.15,4292,BE,,,
2011-09-20,14.85,14.9,14.85,14.9,4658,BE,,,
2011-09-21,15.65,15.65,14.55,15.65,20549,BE,,,
2011-09-22,17.0,18.0,16.0,16.15,110200,EQ,,,
2011-09-23,16.5,17.85,15.8,17.1,98474,EQ,,,
2011-09-26,17.1,17.15,15.0,15.45,36723,EQ,,,
2011-09-27,15.0,15.8,14.35,14.7,30981,EQ,,,
2011-09-28,14.8,14.85,14.1,14.45,33035,EQ,,,
2011-09-29,14.0,14.4,13.6,14.2,5871,EQ,,,
2011-09-30,13.7,14.1,13.45,13.55,15312,EQ,,,
2011-10-03,11.85,13.5,11.85,13.1,8785,EQ,,,
2011-10-04,11.85,13.35,11.85,12.6,10153,EQ,,,
2011-10-05,12.1,12.75,12.1,12.5,11811,EQ,,,
2011-10-07,12.0,13.7,12.0,13.05,6025,EQ,,,
2011-10-10,13.1,13.1,12.55,12.85,5845,EQ,,,
2011-10-11,13.1,13.2,12.65,12.7,4601,EQ,,,
2011-10-12,12.9,13.0,12.55,12.9,7001,EQ,,,
2011-10-13,12.0,13.6,12.0,12.7,9257,EQ,,,
2011-10-14,13.7,13.7,12.55,12.65,6731,EQ,,,
2011-10-17,12.15,13.25,12.15,12.45,6243,EQ,,,
2011-10-18,12.0,12.0,11.65,11.8,4774,EQ,,,
2011-10-19,11.85,11.85,10.7,10.8,18109,EQ,,,
2011-10-20,10.5,11.5,10.5,10.75,7805,EQ,,,
2011-10-21,10.1,11.1,10.1,10.75,5554,EQ,,,
2011-10-24,10.2,10.45,9.8,10.05,15462,EQ,,,
2011-10-25,10.0,10.5,9.75,10.25,5180,EQ,,,
2011-10-26,10.0,10.8,10.0,10.2,1523,EQ,,,
2011-10-28,10.55,12.25,10.25,12.25,21906,EQ,,,
2011-10-31,12.65,14.45,12.65,13.8,73038,EQ,,,
2011-11-01,11.1,13.8,11.1,13.05,30630,EQ,,,
2011-11-02,12.15,13.25,12.15,12.75,7259,EQ,,,
2011-11-03,12.7,12.75,12.0,12.35,15338,EQ,,,
2011-11-04,12.25,12.6,12.0,12.1,5827,EQ,,,
2011-11-08,12.0,12.2,11.1,11.4,2328,EQ,,,
2011-11-09,11.0,11.0,10.05,10.25,23764,EQ,,,
2011-11-11,10.25,10.3,9.6,10.25,19185,EQ,,,
2011-11-14,10.0,10.4,9.75,9.8,8371,EQ,,,
2011-11-15,9.65,10.4,8.8,8.85,10426,EQ,,,
2011-11-16,8.65,8.9,8.0,8.65,8344,EQ,,,
2011-11-17,8.5,8.75,8.35,8.5,12455,EQ,,,
2011-11-18,8.2,8.85,8.05,8.55,10724,EQ,,,
2011-11-21,9.55,9.55,8.0,8.2,5682,EQ,,,
2011-11-22,8.1,9.2,8.1,8.9,11857,EQ,,,
2011-11-23,10.3,10.3,8.3,8.5,4181,EQ,,,
2011-11-24,8.35,8.55,8.35,8.35,3238,EQ,,,
2011-11-25,8.15,8.5,7.65,8.0,5984,EQ,,,
2011-11-28,8.0,8.5,8.0,8.25,10290,EQ,,,
2011-11-29,8.0,8.35,8.0,8.25,2934,EQ,,,
2011-11-30,8.2,8.4,8.0,8.2,667,EQ,,,
2011-12-01,8.0,8.75,8.0,8.45,11802,EQ,,,
2011-12-02,8.5,8.5,8.1,8.35,2420,EQ,,,
2011-12-05,8.0,9.0,7.3,8.1,6993,EQ,,,
2011-12-07,8.0,8.75,8.0,8.5,3068,EQ,,,
2011-12-08,8.2,8.25,7.5,7.9,13222,EQ,,,
2011-12-09,8.0,8.3,8.0,8.25,946,EQ,,,
2011-12-12,8.0,8.4,8.0,8.4,2441,EQ,,,
2011-12-13,8.0,8.4,7.75,7.85,3203,EQ,,,
2011-12-14,8.15,8.25,8.0,8.0,1307,EQ,,,
2011-12-15,7.4,8.0,7.4,8.0,1681,EQ,,,
2011-12-16,7.8,7.95,7.5,7.5,683,EQ,,,
2011-12-19,7.0,7.5,7.0,7.15,3325,EQ,,,
2011-12-20,7.4,7.5,7.3,7.35,1077,EQ,,,
2011-12-21,7.15,7.7,7.1,7.5,966,EQ,,,
2011-12-22,7.8,7.8,6.85,7.6,2045,EQ,,,
2011-12-23,7.4,8.3,7.4,8.2,5555,EQ,,,
2011-12-26,8.0,8.65,8.0,8.35,1580,EQ,,,
2011-12-27,8.6,8.6,8.05,8.1,4557,EQ,,,
2011-12-28,8.0,8.4,7.8,8.0,1687,EQ,,,
2011-12-29,7.65,8.05,7.65,7.9,1733,EQ,,,
2011-12-30,8.0,8.0,7.6,7.65,4719,EQ,,,
2012-01-02,7.7,8.0,7.65,8.0,590,EQ,,,
2012-01-03,7.75,8.0,7.6,7.75,1500,EQ,,,
2012-01-04,8.05,8.2,7.65,7.7,4304,EQ,,,
2012-01-05,7.7,8.05,7.7,7.75,2970,EQ,,,
2012-01-06,7.6,8.05,7.1,7.9,2377,EQ,,,
2012-01-09,8.2,8.65,7.85,8.05,5627,EQ,,,
2012-01-10,8.1,8.65,8.1,8.35,7876,EQ,,,
2012-01-11,8.0,9.9,8.0,9.5,13738,EQ,,,
2012-01-12,9.25,10.0,9.1,9.4,10701,EQ,,,
2012-01-13,9.85,9.9,8.65,9.05,3044,EQ,,,
2012-01-16,8.9,8.95,8.15,8.8,1362,EQ,,,
2012-01-17,9.0,9.25,8.85,9.05,2734,EQ,,,
2012-01-18,9.0,9.0,9.0,9.0,1254,EQ,,,
2012-01-19,8.65,9.1,8.6,8.85,3016,EQ,,,
2012-01-20,9.0,9.0,8.6,9.0,11047,EQ,,,
2012-01-23,9.0,9.0,8.75,8.75,975,EQ,,,
2012-01-24,8.75,9.0,8.75,9.0,921,EQ,,,
2012-01-25,8.75,8.75,8.7,8.75,1558,EQ,,,
2012-01-27,8.7,9.2,8.6,9.0,4426,EQ,,,
2012-01-30,8.9,9.15,8.85,9.15,1900,EQ,,,
2012-01-31,9.1,9.1,8.85,8.9,4376,EQ,,,
2012-02-01,8.7,8.9,7.3,8.65,14800,EQ,,,
2012-02-02,8.75,8.9,8.6,8.9,1999,EQ,,,
2012-02-03,9.0,9.15,8.8,8.95,6861,EQ,,,
2012-02-06,8.8,9.05,8.45,8.8,11571,EQ,,,
2012-02-07,8.55,8.9,8.4,8.85,2154,EQ,,,
2012-02-08,8.7,8.9,8.35,8.9,3459,EQ,,,
2012-02-09,8.8,8.95,8.5,8.85,2178,EQ,,,
2012-02-10,8.65,9.0,8.35,8.8,4994,EQ,,,
2012-02-13,8.7,9.2,8.35,9.2,1925,EQ,,,
2012-02-14,9.6,9.6,8.65,8.75,10362,EQ,,,
2012-02-15,8.6,9.1,8.35,9.1,1646,EQ,,,
2012-02-16,9.0,9.0,8.55,8.85,4011,EQ,,,
2012-02-17,8.75,9.8,8.75,8.8,12691,EQ,,,
2012-02-21,8.7,9.25,8.55,8.75,6116,EQ,,,
2012-02-22,9.0,9.0,8.4,8.4,4554,EQ,,,
2012-02-23,8.3,8.4,8.1,8.4,1173,EQ,,,
2012-02-24,8.1,8.25,8.05,8.05,3441,EQ,,,
2012-02-27,7.9,8.2,7.7,8.2,847,EQ,,,
2012-02-28,8.0,8.4,7.9,8.4,2202,EQ,,,
2012-02-29,8.3,8.3,7.95,8.15,4288,EQ,,,
2012-03-01,8.0,8.25,7.35,8.0,8606,EQ,,,
2012-03-02,7.8,8.4,7.5,8.2,7573,EQ,,,
2012-03-03,8.0,8.45,7.55,8.35,2192,EQ,,,
2012-03-05,8.0,8.5,7.7,8.0,1380,EQ,,,
2012-03-06,7.8,8.0,7.75,7.75,1091,EQ,,,
2012-03-07,7.5,7.8,7.1,7.55,826,EQ,,,
2012-03-09,7.4,8.6,7.1,7.95,219,EQ,,,
2012-03-13,7.6,7.9,7.6,7.65,1990,EQ,,,
2012-03-14,7.6,7.95,7.5,7.5,2655,EQ,,,
2012-03-15,7.85,7.85,7.35,7.35,3960,EQ,,,
2012-03-16,7.15,7.4,7.15,7.2,1879,EQ,,,
2012-03-19,7.25,7.6,7.2,7.35,910,EQ,,,
2012-03-20,8.45,8.45,6.65,7.1,8854,EQ,,,
2012-03-21,7.0,7.85,6.7,7.4,1971,EQ,,,
2012-03-22,7.15,7.45,6.35,6.55,15061,EQ,,,
2012-03-23,6.4,7.65,6.4,6.9,5479,EQ,,,
2012-03-26,6.7,7.0,6.25,6.8,931,EQ,,,
2012-03-27,6.4,7.35,6.35,6.55,4411,EQ,,,
2012-03-28,6.35,6.8,6.25,6.35,4288,EQ,,,
2012-03-29,6.05,6.6,6.0,6.15,8339,EQ,,,
2012-03-30,6.0,7.0,6.0,6.4,2089,EQ,,,
2012-04-02,6.65,7.1,6.45,7.0,7003,EQ,,,
2012-04-03,6.85,7.55,6.85,7.25,2850,EQ,,,
2012-04-04,7.5,7.5,7.1,7.5,6920,EQ,,,
2012-04-09,7.95,7.95,7.25,7.45,3970,EQ,,,
2012-04-10,7.2,7.8,7.2,7.7,3465,EQ,,,
2012-04-11,7.5,8.0,7.35,7.6,8941,EQ,,,
2012-04-12,7.7,7.7,7.4,7.4,4632,EQ,,,
2012-04-13,7.3,7.5,6.7,6.95,2214,EQ,,,
2012-04-16,7.0,7.75,7.0,7.15,858,EQ,,,
2012-04-17,7.0,7.3,7.0,7.3,2368,EQ,,,
2012-04-18,7.1,7.75,7.1,7.65,2592,EQ,,,
2012-04-19,7.5,7.85,7.0,7.25,4438,EQ,,,
2012-04-20,7.0,7.65,7.0,7.2,7685,EQ,,,
2012-04-23,7.15,7.35,7.0,7.3,6607,EQ,,,
2012-04-24,7.0,7.5,7.0,7.5,2347,EQ,,,
2012-04-25,7.0,8.0,7.0,7.95,10072,EQ,,,
2012-04-26,7.7,8.15,7.55,7.55,754,EQ,,,
2012-04-27,7.35,8.45,7.3,7.4,2251,EQ,,,
2012-04-30,8.0,8.3,7.75,8.0,3151,EQ,,,
2012-05-02,8.0,8.2,7.85,8.0,4613,EQ,,,
2012-05-03,7.7,7.7,7.45,7.55,1275,EQ,,,
2012-05-04,7.6,7.75,7.1,7.15,2072,EQ,,,
2012-05-07,7.1,7.1,6.8,6.95,877,EQ,,,
2012-05-08,7.05,7.1,6.95,6.95,2769,EQ,,,
2012-05-09,7.05,7.05,6.9,6.9,895,EQ,,,
2012-05-10,7.2,7.25,7.0,7.0,836,EQ,,,
2012-05-11,6.7,7.0,6.15,7.0,500,EQ,,,
2012-05-14,7.0,7.0,7.0,7.0,218,EQ,,,
2012-05-15,7.0,7.0,6.45,6.55,945,EQ,,,
2012-05-16,6.6,6.6,6.5,6.5,1600,EQ,,,
2012-05-17,6.35,6.35,6.3,6.3,4163,EQ,,,
2012-05-18,6.8,6.8,6.15,6.5,1761,EQ,,,
2012-05-21,6.15,6.25,6.15,6.25,236,EQ,,,
2012-05-22,6.35,6.35,6.35,6.35,400,EQ,,,
2012-05-23,7.1,7.3,6.8,6.85,10949,EQ,,,
2012-05-24,6.7,7.35,6.2,7.0,2263,EQ,,,
2012-05-25,7.05,7.6,6.7,7.15,5634,EQ,,,
2012-05-28,8.55,8.55,6.8,7.3,464,EQ,,,
2012-05-29,7.4,7.8,7.35,7.8,1138,EQ,,,
2012-05-30,7.75,7.75,7.25,7.25,1516,EQ,,,
2012-06-01,6.95,7.65,6.95,6.95,1090,EQ,,,
2012-06-04,6.8,6.8,6.4,6.4,101,EQ,,,
2012-06-05,6.9,7.3,6.8,6.8,1434,EQ,,,
2012-06-06,6.9,6.9,6.7,6.8,514,EQ,,,
2012-06-07,6.7,7.1,6.65,7.1,287,EQ,,,
2012-06-08,6.9,7.05,6.75,6.9,1274,EQ,,,
2012-06-11,7.0,7.0,6.8,6.8,559,EQ,,,
2012-06-12,7.0,7.0,6.4,6.65,1514,EQ,,,
2012-06-13,6.5,6.65,6.4,6.65,1406,EQ,,,
2012-06-14,6.85,6.85,6.8,6.8,40,EQ,,,
2012-06-15,7.3,7.3,6.7,6.7,2820,EQ,,,
2012-06-18,7.25,7.3,6.75,6.75,2258,EQ,,,
2012-06-19,7.3,7.7,6.65,7.4,15177,EQ,,,
2012-06-20,7.4,7.4,7.05,7.1,4239,EQ,,,
2012-06-21,7.6,7.65,7.1,7.1,3059,EQ,,,
2012-06-22,7.2,7.35,6.9,7.35,3602,EQ,,,
2012-06-25,7.1,7.35,7.1,7.25,911,EQ,,,
2012-06-26,7.4,7.65,7.05,7.3,5147,EQ,,,
2012-06-27,7.1,7.5,7.1,7.45,2569,EQ,,,
2012-06-28,7.35,7.8,7.2,7.8,2147,EQ,,,
2012-06-29,7.7,7.75,7.25,7.3,6198,EQ,,,
2012-07-02,7.25,7.6,7.1,7.3,1677,EQ,,,
2012-07-03,7.25,7.65,7.25,7.65,143,EQ,,,
2012-07-04,7.5,7.75,7.2,7.35,2306,EQ,,,
2012-07-05,7.35,7.8,7.2,7.4,6414,EQ,,,
2012-07-06,7.75,7.75,7.5,7.7,17,EQ,,,
2012-07-09,7.55,7.85,7.2,7.55,263,EQ,,,
2012-07-10,7.4,8.2,7.3,7.5,10265,EQ,,,
2012-07-11,7.55,7.95,7.55,7.75,2717,EQ,,,
2012-07-12,8.6,8.6,7.45,7.5,3923,EQ,,,
2012-07-13,8.0,8.0,7.55,7.75,1739,EQ,,,
2012-07-16,7.6,7.6,7.25,7.5,1972,EQ,,,
2012-07-17,7.3,7.3,7.25,7.25,499,EQ,,,
2012-07-18,7.45,7.5,7.05,7.05,2606,EQ,,,
2012-07-19,7.05,7.3,6.9,7.05,1480,EQ,,,
2012-07-20,6.95,7.2,6.7,7.0,4662,EQ,,,
2012-07-23,7.0,7.0,6.45,6.6,1728,EQ,,,
2012-07-24,6.4,6.6,6.25,6.5,1219,EQ,,,
2012-07-25,6.4,6.95,6.2,6.35,323,EQ,,,
2012-07-26,6.1,6.75,6.1,6.4,2570,EQ,,,
2012-07-27,6.65,6.9,6.3,6.3,2043,EQ,,,
2012-07-30,5.95,6.95,5.5,6.4,4921,EQ,,,
2012-07-31,6.7,6.7,6.05,6.05,1976,EQ,,,
2012-08-01,6.1,6.45,6.0,6.0,2473,EQ,,,
2012-08-02,6.3,6.35,5.9,5.95,22577,EQ,,,
2012-08-03,5.95,5.95,5.65,5.7,17802,EQ,,,
2012-08-06,5.5,5.9,5.15,5.25,18376,EQ,,,
2012-08-07,5.9,5.95,5.35,5.45,20976,EQ,,,
2012-08-08,5.85,5.9,5.5,5.7,11459,EQ,,,
2012-08-09,5.5,5.75,5.4,5.4,1399,EQ,,,
2012-08-10,5.4,5.5,5.4,5.4,1444,EQ,,,
2012-08-13,5.1,5.55,5.0,5.45,8729,EQ,,,
2012-08-14,5.45,5.8,5.35,5.4,3172,EQ,,,
2012-08-16,5.4,5.6,5.3,5.35,646,EQ,,,
2012-08-17,5.35,5.5,5.35,5.4,3498,EQ,,,
2012-08-21,6.4,6.4,5.3,5.3,354,EQ,,,
2012-08-22,5.4,6.25,5.3,5.4,1533,EQ,,,
2012-08-23,6.25,6.25,5.65,5.65,12476,EQ,,,
2012-08-24,6.4,6.4,5.45,5.6,8786,EQ,,,
2012-08-27,6.0,6.0,5.55,5.6,1124,EQ,,,
2012-08-28,5.15,5.7,5.15,5.25,4703,EQ,,,
2012-08-29,5.45,5.45,5.1,5.4,4459,EQ,,,
2012-08-30,5.4,5.6,5.15,5.2,4301,EQ,,,
2012-09-03,5.6,5.65,5.1,5.15,1563,EQ,,,
2012-09-04,5.4,6.15,5.4,6.15,26065,EQ,,,
2012-09-05,6.8,7.35,6.45,7.35,21491,EQ,,,
2012-09-06,7.9,8.05,7.9,8.05,4246,EQ,,,
2012-09-07,8.85,8.85,8.85,8.85,3446,EQ,,,
2012-09-08,9.7,9.7,9.05,9.7,25237,EQ,,,
2012-09-10,10.15,10.15,9.25,9.25,59641,EQ,,,
2012-09-11,8.85,9.15,8.8,8.8,14754,EQ,,,
2012-09-12,8.5,8.8,8.4,8.45,17464,EQ,,,
2012-09-13,8.3,8.8,8.1,8.1,6285,EQ,,,
2012-09-14,7.75,8.5,7.75,7.95,3320,BE,,,
2012-09-17,7.65,8.1,7.6,7.85,3889,BE,,,
2012-09-18,7.7,8.2,7.7,8.2,3596,BE,,,
2012-09-20,8.5,8.6,8.0,8.6,2549,BE,,,
2012-09-21,9.0,9.0,8.5,8.5,2535,BE,,,
2012-09-24,8.5,8.5,8.1,8.15,3153,BE,,,
2012-09-25,7.95,8.3,7.75,7.8,3841,BE,,,
2012-09-26,8.0,8.15,7.85,7.95,3050,BE,,,
2012-09-27,8.25,8.3,7.8,8.0,1871,BE,,,
2012-09-28,8.2,8.25,7.85,8.25,4389,BE,,,
2012-10-01,8.6,8.6,8.5,8.6,5076,BE,,,
2012-10-03,9.0,9.0,8.45,8.8,4556,BE,,,
2012-10-04,9.0,9.1,8.55,8.8,7421,BE,,,
2012-10-05,9.1,9.1,8.55,8.55,900,BE,,,
2012-10-08,8.55,8.95,8.55,8.75,8137,BE,,,
2012-10-09,8.75,8.75,8.35,8.4,2890,BE,,,
2012-10-10,8.05,8.25,8.05,8.05,1434,BE,,,
2012-10-11,8.4,8.45,7.65,7.65,9514,BE,,,
2012-10-12,7.35,8.0,7.3,7.95,7277,BE,,,
2012-10-16,8.2,8.2,7.6,7.85,4320,BE,,,
2012-10-17,7.75,7.75,7.55,7.55,1389,BE,,,
2012-10-18,7.85,7.85,7.2,7.85,2109,BE,,,
2012-10-19,7.7,7.9,7.7,7.9,2450,BE,,,
2012-10-22,7.55,7.6,7.55,7.55,374,BE,,,
2012-10-23,7.55,7.9,7.55,7.9,1261,BE,,,
2012-10-25,7.6,8.25,7.6,7.65,2693,BE,,,
2012-10-26,7.65,7.65,7.6,7.6,1070,BE,,,
2012-10-29,7.8,7.8,7.65,7.65,632,BE,,,
2012-10-30,7.3,7.55,7.3,7.35,2791,BE,,,
2012-10-31,7.0,7.45,7.0,7.05,1054,BE,,,
2012-11-01,7.0,7.35,6.7,7.2,2582,BE,,,
2012-11-02,6.9,6.9,6.85,6.85,580,BE,,,
2012-11-05,6.6,7.15,6.6,7.15,1326,BE,,,
2012-11-06,7.0,7.35,7.0,7.35,1588,BE,,,
2012-11-07,7.0,7.7,7.0,7.3,239,BE,,,
2012-11-08,6.95,7.05,6.95,7.0,2066,BE,,,
2012-11-09,6.95,7.0,6.95,7.0,495,BE,,,
2012-11-12,7.3,7.35,6.7,6.75,3411,BE,,,
2012-11-13,7.0,7.0,6.65,6.7,145,BE,,,
2012-11-15,6.7,7.0,6.7,6.9,5447,BE,,,
2012-11-16,6.65,7.2,6.65,7.2,1577,BE,,,
2012-11-19,6.85,6.9,6.85,6.85,3154,BE,,,
2012-11-21,7.0,7.0,6.75,6.85,27600,BE,,,
2012-11-22,6.7,7.15,6.7,7.15,59,BE,,,
2012-11-23,6.9,7.15,6.8,7.15,2600,BE,,,
2012-11-26,7.15,7.5,7.15,7.5,7472,BE,,,
2012-11-27,7.45,7.85,7.4,7.65,4787,BE,,,
2012-11-29,8.0,8.0,7.55,8.0,2779,BE,,,
2012-11-30,7.85,8.25,7.85,7.85,1185,BE,,,
2012-12-03,8.2,8.2,7.6,7.65,4115,EQ,,,
2012-12-04,7.4,7.45,7.4,7.45,245,EQ,,,
2012-12-05,7.55,7.75,7.5,7.7,1594,EQ,,,
2012-12-06,8.05,8.05,7.7,7.8,2679,EQ,,,
2012-12-07,7.7,8.15,7.45,7.6,12572,EQ,,,
2012-12-10,7.9,7.95,7.55,7.75,4202,EQ,,,
2012-12-11,7.6,7.7,7.5,7.55,2056,EQ,,,
2012-12-12,7.9,7.9,7.9,7.9,1411,EQ,,,
2012-12-13,8.25,8.25,7.55,7.95,6525,EQ,,,
2012-12-14,8.25,8.3,7.85,8.2,4830,EQ,,,
2012-12-17,7.85,7.85,7.8,7.8,1636,EQ,,,
2012-12-18,7.8,7.85,7.45,7.75,1053,EQ,,,
2012-12-19,7.7,7.7,7.4,7.4,1215,EQ,,,
2012-12-20,7.25,7.5,7.15,7.5,2709,EQ,,,
2012-12-21,7.5,7.5,7.25,7.25,828,EQ,,,
2012-12-24,7.3,7.35,6.9,7.35,1050,EQ,,,
2012-12-26,7.0,7.0,7.0,7.0,524,EQ,,,
2012-12-27,6.85,7.0,6.7,6.95,3619,EQ,,,
2012-12-28,6.8,6.8,6.65,6.7,2668,EQ,,,
2012-12-31,6.8,6.85,6.8,6.85,310,EQ,,,
2013-01-01,6.85,7.1,6.65,6.7,2122,EQ,,,
2013-01-02,6.75,6.85,6.75,6.75,1360,EQ,,,
2013-01-03,6.75,6.75,6.65,6.65,3247,EQ,,,
2013-01-04,6.6,6.95,6.55,6.8,3135,EQ,,,
2013-01-07,6.55,7.35,6.55,7.3,1875,EQ,,,
2013-01-08,6.75,7.45,6.75,6.8,1954,EQ,,,
2013-01-09,6.85,7.05,6.75,6.75,938,EQ,,,
2013-01-10,7.3,7.3,6.75,6.9,3257,EQ,,,
2013-01-11,6.65,7.15,6.65,7.0,5042,EQ,,,
2013-01-14,6.7,6.95,6.7,6.95,1997,EQ,,,
2013-01-15,6.75,7.05,6.6,6.8,2067,EQ,,,
2013-01-16,6.65,6.8,6.65,6.65,1414,EQ,,,
2013-01-17,6.55,6.6,6.5,6.5,1783,EQ,,,
2013-01-18,6.5,6.85,6.3,6.85,3895,EQ,,,
2013-01-21,6.55,6.85,6.55,6.6,1054,EQ,,,
2013-01-22,6.25,6.85,6.25,6.5,1622,EQ,,,
2013-01-23,6.15,6.45,6.15,6.3,295,EQ,,,
2013-01-24,6.05,6.5,6.05,6.5,1224,EQ,,,
2013-01-25,6.0,6.85,6.0,6.55,673,EQ,,,
2013-01-28,6.15,6.8,6.15,6.3,2310,EQ,,,
2013-01-29,6.15,6.7,6.15,6.3,1341,EQ,,,
2013-01-30,6.15,6.3,6.1,6.1,3739,EQ,,,
2013-01-31,6.1,6.2,5.85,5.85,8034,EQ,,,
2013-02-01,5.7,5.75,5.7,5.7,2815,EQ,,,
2013-02-04,6.25,6.25,5.7,6.2,4205,EQ,,,
2013-02-05,5.7,6.15,5.65,5.65,820,EQ,,,
2013-02-06,5.65,5.9,5.65,5.8,1341,EQ,,,
2013-02-07,5.65,5.7,5.55,5.55,400,EQ,,,
2013-02-08,5.35,5.4,5.3,5.35,3149,EQ,,,
2013-02-11,5.3,5.4,5.3,5.4,208,EQ,,,
2013-02-12,5.3,5.3,5.3,5.3,284,EQ,,,
2013-02-13,5.0,5.7,5.0,5.05,28902,EQ,,,
2013-02-14,5.45,5.45,5.05,5.05,5224,EQ,,,
2013-02-15,4.65,5.1,4.65,4.9,1491,EQ,,,
2013-02-18,4.85,4.85,4.45,4.55,8680,EQ,,,
2013-02-19,4.65,4.75,4.5,4.75,3609,EQ,,,
2013-02-20,4.75,4.95,4.55,4.95,5838,EQ,,,
2013-02-21,4.75,5.15,4.75,5.1,2758,EQ,,,
2013-02-22,5.15,5.15,4.85,5.0,4109,EQ,,,
2013-02-25,5.25,5.25,4.75,5.0,3185,EQ,,,
2013-02-26,4.75,5.0,4.75,5.0,1315,EQ,,,
2013-02-27,4.8,5.15,4.8,5.15,68,EQ,,,
2013-02-28,4.95,5.35,4.95,5.35,1730,EQ,,,
2013-03-01,5.1,5.1,5.1,5.1,670,EQ,,,
2013-03-04,4.9,4.9,4.85,4.85,3230,EQ,,,
2013-03-05,4.65,4.7,4.65,4.65,3003,EQ,,,
2013-03-06,4.5,4.6,4.5,4.6,699,EQ,,,
2013-03-07,4.6,5.0,4.6,4.7,9805,EQ,,,
2013-03-08,4.6,5.15,4.45,5.0,1034,EQ,,,
2013-03-11,5.0,5.0,5.0,5.0,1768,EQ,,,
2013-03-12,5.0,5.0,5.0,5.0,1557,EQ,,,
2013-03-13,4.55,4.8,4.5,4.6,834,EQ,,,
2013-03-14,4.35,4.35,4.35,4.35,58,EQ,,,
2013-03-15,4.35,4.4,4.35,4.35,258,EQ,,,
2013-03-18,4.0,4.65,4.0,4.65,430,EQ,,,
2013-03-19,4.2,4.7,4.2,4.35,1926,EQ,,,
2013-03-20,4.0,4.5,3.95,4.1,745,EQ,,,
2013-03-21,4.1,4.5,4.1,4.5,1610,EQ,,,
2013-03-22,4.05,4.4,4.05,4.2,1828,EQ,,,
2013-03-25,4.0,4.55,3.8,3.9,3852,EQ,,,
2013-03-26,3.55,3.85,3.55,3.65,8000,EQ,,,
2013-03-28,4.0,4.0,3.55,3.55,1290,EQ,,,
2013-04-01,3.9,3.9,3.9,3.9,2500,EQ,,,
2013-04-02,3.7,4.25,3.7,3.85,3451,EQ,,,
2013-04-03,4.0,4.0,4.0,4.0,3,EQ,,,
2013-04-04,4.4,4.4,4.4,4.4,247,EQ,,,
2013-04-05,4.0,4.4,4.0,4.4,320,EQ,,,
2013-04-15,4.6,4.6,4.6,4.6,100,EQ,,,
2013-04-22,4.4,4.4,4.4,4.4,580,EQ,,,
2013-05-02,4.25,4.25,4.25,4.25,58,BE,,,
2013-05-06,4.05,4.05,4.05,4.05,50,BE,,,
2013-05-09,3.9,3.9,3.9,3.9,308,BE,,,
2013-05-10,3.85,3.85,3.8,3.8,376,BE,,,
2013-05-13,3.8,3.8,3.8,3.8,14,BE,,,
2013-05-14,3.7,3.7,3.7,3.7,16,BE,,,
2013-05-20,3.7,3.7,3.65,3.65,79,BE,,,
2013-05-22,3.55,3.55,3.55,3.55,116,BE,,,
2013-05-30,3.4,3.7,3.4,3.7,348,BE,,,
2013-06-14,3.55,3.55,3.55,3.55,174,EQ,,,
2013-06-17,3.7,3.7,3.4,3.65,1378,EQ,,,
2013-06-18,3.8,3.8,3.8,3.8,58,EQ,,,
2013-06-21,3.95,3.95,3.95,3.95,5,EQ,,,
2013-06-26,3.8,3.8,3.8,3.8,50,EQ,,,
2013-07-02,3.7,3.7,3.7,3.7,25,EQ,,,
2013-07-05,3.6,3.6,3.6,3.6,414,EQ,,,
2013-07-08,3.6,3.6,3.6,3.6,58,EQ,,,
2013-07-17,3.75,3.75,3.75,3.75,58,EQ,,,
2013-07-23,3.6,3.6,3.6,3.6,5,EQ,,,
2013-07-24,3.75,3.75,3.75,3.75,1247,EQ,,,
2013-07-26,3.75,3.75,3.65,3.65,174,EQ,,,
2013-07-29,3.7,3.7,3.5,3.5,260,EQ,,,
2013-07-30,3.6,3.6,3.6,3.6,600,EQ,,,
2013-08-05,3.6,3.6,3.6,3.6,580,EQ,,,
2013-08-06,3.55,3.55,3.55,3.55,1000,EQ,,,
2013-08-07,3.45,3.45,3.45,3.45,1300,EQ,,,
2013-08-08,3.4,3.4,3.35,3.35,3320,EQ,,,
2013-08-12,3.5,3.5,3.5,3.5,1083,EQ,,,
2013-08-19,3.6,3.6,3.6,3.6,1000,EQ,,,
2013-08-23,3.75,3.75,3.75,3.75,140,EQ,,,
2013-08-26,3.9,3.9,3.7,3.9,2622,EQ,,,
2013-08-28,4.05,4.05,4.05,4.05,616,EQ,,,
2013-09-18,4.05,4.05,4.05,4.05,58,EQ,,,
2013-10-04,3.85,3.85,3.85,3.85,1032,EQ,,,
2013-10-21,3.7,3.7,3.7,3.7,464,EQ,,,
2013-11-07,3.55,3.55,3.55,3.55,232,EQ,,,
2013-11-08,3.55,3.55,3.55,3.55,290,EQ,,,
2013-11-12,3.5,3.5,3.5,3.5,990,EQ,,,
2013-11-13,3.65,3.65,3.5,3.5,3908,EQ,,,
2013-11-20,3.65,3.65,3.65,3.65,116,EQ,,,
2013-11-22,3.8,3.8,3.8,3.8,530,EQ,,,
2013-11-25,3.95,3.95,3.95,3.95,290,EQ,,,
2013-11-27,4.0,4.1,4.0,4.1,854,EQ,,,
2013-11-29,4.1,4.1,4.1,4.1,22,EQ,,,
2013-12-03,4.3,4.3,4.3,4.3,993,EQ,,,
2013-12-04,4.5,4.5,4.25,4.25,2319,EQ,,,
2013-12-05,4.35,4.45,4.35,4.45,2058,EQ,,,
2013-12-06,4.3,4.3,4.3,4.3,5,EQ,,,
2013-12-09,4.5,4.5,4.5,4.5,216,EQ,,,
2013-12-10,4.5,4.5,4.5,4.5,348,EQ,,,
2013-12-13,4.5,4.5,4.5,4.5,500,EQ,,,
2013-12-19,4.3,4.35,4.3,4.35,292,EQ,,,
2013-12-23,4.15,4.2,4.15,4.2,309,EQ,,,
2013-12-26,4.05,4.05,4.05,4.05,5,EQ,,,
2013-12-30,4.25,4.25,4.25,4.25,1144,EQ,,,
2013-12-31,4.05,4.1,4.05,4.1,300,EQ,,,
2014-01-01,4.3,4.3,3.95,3.95,305,EQ,,,
2014-01-07,4.1,4.1,4.1,4.1,87,EQ,,,
2014-01-08,4.3,4.3,4.0,4.3,822,EQ,,,
2014-01-09,4.5,4.5,4.5,4.5,100,EQ,,,
2014-01-16,4.7,4.7,4.7,4.7,4000,EQ,,,
2014-01-17,4.8,4.8,4.7,4.7,1505,EQ,,,
2014-01-20,4.5,4.5,4.5,4.5,1000,EQ,,,
2014-01-21,4.7,4.7,4.7,4.7,200,EQ,,,
2014-01-22,4.9,4.9,4.9,4.9,400,EQ,,,
2014-01-23,5.1,5.1,4.95,4.95,1100,EQ,,,
2014-01-30,5.1,5.1,5.1,5.1,5,EQ,,,
2014-02-03,4.85,4.85,4.85,4.85,500,EQ,,,
2014-02-04,4.85,4.85,4.85,4.85,5,EQ,,,
2014-02-05,4.65,4.65,4.65,4.65,10108,EQ,,,
2014-02-06,4.65,4.65,4.6,4.6,1003,EQ,,,
2014-02-07,4.4,4.8,4.4,4.65,1761,EQ,,,
2014-02-11,4.85,4.85,4.85,4.85,62,EQ,,,
2014-02-12,5.05,5.05,5.05,5.05,161,EQ,,,
2014-02-13,5.3,5.3,5.3,5.3,1180,EQ,,,
2014-02-14,5.55,5.55,5.55,5.55,1196,EQ,,,
2014-02-17,5.45,5.45,5.3,5.3,3057,EQ,,,
2014-02-18,5.15,5.15,5.05,5.05,3125,EQ,,,
2014-02-19,4.8,4.8,4.8,4.8,835,EQ,,,
2014-02-20,4.6,4.6,4.6,4.6,600,EQ,,,
2014-02-21,4.4,4.8,4.4,4.8,5426,EQ,,,
2014-02-24,4.6,4.75,4.6,4.75,7505,EQ,,,
2014-02-26,4.55,4.8,4.55,4.8,205,EQ,,,
2014-02-28,4.6,4.6,4.6,4.6,1000,EQ,,,
2014-03-03,4.7,4.7,4.4,4.65,1205,BE,,,
2014-03-04,4.8,4.8,4.8,4.8,1,BE,,,
2014-03-06,4.6,4.9,4.6,4.9,2005,BE,,,
2014-03-10,4.7,4.7,4.7,4.7,1000,BE,,,
2014-03-11,4.85,4.85,4.85,4.85,5,BE,,,
2014-03-12,4.7,4.7,4.7,4.7,500,BE,,,
2014-03-13,4.5,4.5,4.5,4.5,184,BE,,,
2014-03-14,4.7,4.7,4.7,4.7,5,BE,,,
2014-03-18,4.5,4.5,4.5,4.5,300,BE,,,
2014-03-19,4.6,4.6,4.6,4.6,5,BE,,,
2014-03-24,4.45,4.45,4.45,4.45,200,BE,,,
2014-03-25,4.3,4.3,4.3,4.3,500,BE,,,
2014-03-31,4.1,4.1,4.1,4.1,100,BE,,,
2014-04-02,4.0,4.0,4.0,4.0,40,BE,,,
2014-04-07,3.8,3.8,3.8,3.8,116,BE,,,
2014-04-10,3.65,3.65,3.65,3.65,1612,BE,,,
2014-04-11,3.75,3.8,3.75,3.8,1240,BE,,,
2014-04-15,3.65,3.95,3.65,3.75,1589,BE,,,
2014-04-16,3.8,3.8,3.6,3.6,9599,BE,,,
2014-04-17,3.6,3.6,3.45,3.5,9752,BE,,,
2014-04-21,3.45,3.65,3.45,3.5,1068,BE,,,
2014-04-22,3.4,3.65,3.4,3.45,630,BE,,,
2014-04-23,3.6,3.6,3.6,3.6,922,BE,,,
2014-04-25,3.75,3.75,3.75,3.75,2058,BE,,,
2014-04-28,3.9,3.9,3.9,3.9,348,BE,,,
2014-04-29,4.05,4.05,4.05,4.05,4362,BE,,,
2014-04-30,4.0,4.25,4.0,4.25,819,BE,,,
2014-05-02,4.35,4.35,4.2,4.25,1605,BE,,,
2014-05-05,4.45,4.45,4.35,4.4,2021,BE,,,
2014-05-06,4.55,4.55,4.2,4.2,300,BE,,,
2014-05-07,4.0,4.3,4.0,4.3,1075,BE,,,
2014-05-08,4.1,4.1,4.1,4.1,1075,BE,,,
2014-05-09,4.1,4.15,3.95,4.05,6742,BE,,,
2014-05-12,3.85,4.05,3.85,4.05,2274,BE,,,
2014-05-13,3.85,4.1,3.85,4.1,580,BE,,,
2014-05-14,4.0,4.0,4.0,4.0,13,BE,,,
2014-05-15,3.95,4.0,3.8,3.9,2786,BE,,,
2014-05-16,3.9,3.9,3.75,3.8,11257,BE,,,
2014-05-19,3.65,3.95,3.65,3.95,2162,BE,,,
2014-05-20,3.95,4.1,3.9,3.9,2554,BE,,,
2014-05-21,3.75,4.05,3.75,4.05,365,BE,,,
2014-05-22,4.25,4.25,4.25,4.25,2358,BE,,,
2014-05-23,4.45,4.45,4.45,4.45,618,BE,,,
2014-05-26,4.65,4.65,4.65,4.65,2830,BE,,,
2014-05-27,4.85,4.85,4.65,4.65,3045,BE,,,
2014-05-28,4.6,4.7,4.6,4.7,185,BE,,,
2014-05-29,4.85,4.9,4.85,4.85,2791,BE,,,
2014-05-30,5.05,5.05,5.05,5.05,5284,BE,,,
2014-06-02,5.3,5.3,4.95,4.95,189,BE,,,
2014-06-03,4.8,5.15,4.75,4.9,3151,BE,,,
2014-06-04,4.9,5.1,4.9,5.1,4163,BE,,,
2014-06-05,4.85,5.35,4.85,5.35,22483,BE,,,
2014-06-06,5.5,5.6,5.2,5.6,8025,BE,,,
2014-06-09,5.85,5.85,5.85,5.85,3670,BE,,,
2014-06-10,6.1,6.1,5.85,6.1,10351,BE,,,
2014-06-11,6.4,6.4,6.05,6.2,11262,BE,,,
2014-06-12,5.9,6.5,5.9,6.35,14994,BE,,,
2014-06-13,6.65,6.65,6.35,6.4,6135,BE,,,
2014-06-16,6.45,6.45,6.1,6.1,5512,BE,,,
2014-06-17,6.1,6.4,5.8,6.0,3326,BE,,,
2014-06-18,6.25,6.3,5.85,6.0,15197,BE,,,
2014-06-19,6.0,6.3,5.9,6.0,976,BE,,,
2014-06-20,6.1,6.3,6.1,6.3,8809,BE,,,
2014-06-23,6.4,6.6,6.4,6.6,5508,BE,,,
2014-06-24,6.9,6.9,6.9,6.9,1686,BE,,,
2014-06-25,7.2,7.2,7.2,7.2,2183,BE,,,
2014-06-26,7.55,7.55,7.55,7.55,4684,BE,,,
2014-06-27,7.9,7.9,7.9,7.9,1488,BE,,,
2014-06-30,8.25,8.25,8.25,8.25,7581,BE,,,
2014-07-01,8.65,8.65,8.65,8.65,4359,BE,,,
2014-07-02,9.05,9.05,9.05,9.05,9984,BE,,,
2014-07-03,9.0,9.5,9.0,9.5,48524,BE,,,
2014-07-04,9.3,9.95,9.3,9.95,18632,BE,,,
2014-07-07,10.4,10.4,10.4,10.4,3017,BE,,,
2014-07-08,10.9,10.9,10.9,10.9,20887,BE,,,
2014-07-09,11.4,11.4,10.5,11.05,63966,BE,,,
2014-07-10,11.0,11.45,10.5,10.75,31971,BE,,,
2014-07-11,11.0,11.0,10.3,10.3,16887,BE,,,
2014-07-14,9.85,9.85,9.8,9.8,1785,BE,,,
2014-07-15,9.35,9.35,9.35,9.35,2106,BE,,,
2014-07-16,8.9,9.3,8.9,9.05,10075,BE,,,
2014-07-17,9.5,9.5,8.7,9.4,26559,BE,,,
2014-07-18,9.4,9.85,8.95,9.75,32297,BE,,,
2014-07-21,10.0,10.1,9.75,9.9,10100,BE,,,
2014-07-22,10.15,10.35,10.0,10.35,56196,BE,,,
2014-07-23,10.5,10.8,10.0,10.1,16826,BE,,,
2014-07-24,9.6,10.35,9.6,9.85,26998,BE,,,
2014-07-25,10.1,10.3,9.4,9.4,27965,BE,,,
2014-07-28,9.65,9.65,8.95,9.05,6427,BE,,,
2014-07-30,9.0,9.05,8.6,8.7,10156,BE,,,
2014-07-31,8.6,9.05,8.6,9.0,6053,BE,,,
2014-08-01,8.6,9.1,8.6,8.95,5587,BE,,,
2014-08-04,9.0,9.0,8.65,8.85,26710,BE,,,
2014-08-05,8.55,9.0,8.55,8.8,3503,BE,,,
2014-08-06,8.7,9.0,8.4,8.6,3565,BE,,,
2014-08-07,8.25,8.95,8.25,8.5,5292,BE,,,
2014-08-08,8.1,8.75,8.1,8.35,6588,BE,,,
2014-08-11,8.1,8.3,7.95,7.95,2891,BE,,,
2014-08-12,7.9,7.9,7.9,7.9,5,BE,,,
2014-08-13,7.9,7.9,7.55,7.55,1916,BE,,,
2014-08-14,7.25,7.9,7.25,7.9,16736,BE,,,
2014-08-18,7.85,7.85,7.55,7.75,5929,BE,,,
2014-08-19,7.5,8.1,7.4,8.05,9463,BE,,,
2014-08-20,8.4,8.45,8.0,8.05,6680,BE,,,
2014-08-21,7.65,8.3,7.65,8.3,6539,BE,,,
2014-08-22,8.0,8.55,7.9,8.0,8727,BE,,,
2014-08-25,8.0,8.4,7.6,7.75,7824,BE,,,
2014-08-26,8.05,8.1,7.4,7.45,11515,BE,,,
2014-08-27,7.15,7.65,7.1,7.4,4845,BE,,,
2014-08-28,7.55,7.55,7.05,7.05,7207,BE,,,
2014-09-01,7.05,7.3,6.7,6.75,2085,BE,,,
2014-09-02,6.75,7.0,6.45,6.8,14759,BE,,,
2014-09-03,7.0,7.1,6.5,6.7,9502,BE,,,
2014-09-04,6.9,6.9,6.4,6.75,4876,BE,,,
2014-09-05,6.75,7.05,6.45,6.85,10698,BE,,,
2014-09-08,6.55,6.9,6.55,6.75,6295,BE,,,
2014-09-09,7.0,7.05,6.75,7.05,6505,BE,,,
2014-09-10,6.95,7.4,6.7,7.1,4377,BE,,,
2014-09-11,7.45,7.45,7.2,7.4,6580,BE,,,
2014-09-12,7.5,7.75,7.25,7.3,5267,BE,,,
2014-09-15,6.95,7.6,6.95,7.5,4172,BE,,,
2014-09-16,7.25,7.45,7.15,7.15,6159,BE,,,
2014-09-17,7.4,7.4,6.8,6.9,5156,BE,,,
2014-09-18,6.7,7.0,6.7,6.75,6373,BE,,,
2014-09-19,6.5,7.0,6.5,6.65,4530,BE,,,
2014-09-22,6.65,6.95,6.65,6.95,6139,BE,,,
2014-09-23,6.95,7.05,6.85,6.9,3521,BE,,,
2014-09-24,6.95,7.1,6.65,6.65,5322,BE,,,
2014-09-25,6.6,6.65,6.55,6.65,1732,BE,,,
2014-09-26,6.5,6.5,6.45,6.45,614,BE,,,
2014-09-29,6.15,6.2,6.15,6.15,2280,BE,,,
2014-09-30,6.0,6.45,6.0,6.0,1426,BE,,,
2014-10-01,5.8,6.3,5.8,6.0,3152,BE,,,
2014-10-07,5.95,6.15,5.95,6.0,11505,BE,,,
2014-10-08,6.3,6.3,5.85,5.9,6525,BE,,,
2014-10-09,5.8,5.8,5.8,5.8,2787,BE,,,
2014-10-10,5.8,5.85,5.7,5.7,3405,BE,,,
2014-10-13,5.45,5.95,5.45,5.95,1383,BE,,,
2014-10-14,6.1,6.1,5.95,5.95,500,BE,,,
2014-10-16,5.75,6.15,5.75,6.15,2400,BE,,,
2014-10-17,5.85,6.45,5.85,6.35,4824,BE,,,
2014-10-20,6.35,6.65,6.05,6.05,2352,BE,,,
2014-10-21,5.75,6.2,5.75,5.9,566,BE,,,
2014-10-22,5.9,6.15,5.9,6.15,1697,BE,,,
2014-10-27,5.85,5.85,5.85,5.85,1036,BE,,,
2014-10-28,5.6,6.1,5.6,6.05,5846,BE,,,
2014-10-29,5.9,6.35,5.8,6.35,12553,BE,,,
2014-10-30,6.65,6.65,6.35,6.65,4483,BE,,,
2014-10-31,6.95,6.95,6.95,6.95,1308,BE,,,
2014-11-03,7.25,7.25,7.25,7.25,2784,BE,,,
2014-11-05,7.6,7.6,7.3,7.6,20538,BE,,,
2014-11-07,7.95,7.95,7.3,7.95,10682,BE,,,
2014-11-10,8.3,8.3,7.6,8.2,9106,BE,,,
2014-11-11,8.6,8.6,7.8,7.8,14546,BE,,,
2014-11-12,7.45,8.15,7.45,7.6,3608,BE,,,
2014-11-13,7.95,7.95,7.3,7.75,2647,BE,,,
2014-11-14,7.4,7.4,7.4,7.4,3210,BE,,,
2014-11-17,7.3,7.3,7.1,7.15,5303,BE,,,
2014-11-18,6.95,7.5,6.95,7.35,7786,BE,,,
2014-11-19,7.25,7.6,7.2,7.2,2483,BE,,,
2014-11-20,6.9,6.95,6.85,6.85,1400,BE,,,
2014-11-21,7.15,7.15,6.6,6.9,6938,BE,,,
2014-11-24,6.6,7.0,6.6,7.0,1255,BE,,,
2014-11-25,6.85,7.0,6.7,6.75,6713,BE,,,
2014-11-26,6.45,6.5,6.45,6.5,1109,BE,,,
2014-11-27,6.5,6.6,6.25,6.4,1545,BE,,,
2014-11-28,6.25,6.7,6.2,6.2,8735,BE,,,
2014-12-01,6.05,6.5,6.05,6.5,2988,BE,,,
2014-12-02,6.25,6.5,6.25,6.5,389,BE,,,
2014-12-03,6.8,6.8,6.4,6.8,4058,BE,,,
2014-12-04,6.8,7.0,6.6,7.0,432,BE,,,
2014-12-05,6.85,7.15,6.7,7.15,396,BE,,,
2014-12-08,7.0,7.4,6.85,7.0,10821,BE,,,
2014-12-09,7.35,7.35,6.8,7.2,4428,BE,,,
2014-12-10,6.85,6.85,6.85,6.85,3916,BE,,,
2014-12-11,6.55,7.05,6.55,6.65,2760,BE,,,
2014-12-12,6.4,6.95,6.4,6.95,186,BE,,,
2014-12-15,6.7,7.15,6.65,6.65,1938,BE,,,
2014-12-16,6.45,6.9,6.45,6.85,611,BE,,,
2014-12-17,6.55,6.85,6.55,6.85,1252,BE,,,
2014-12-19,6.9,6.9,6.9,6.9,9356,BE,,,
2014-12-22,6.6,6.65,6.6,6.6,3636,BE,,,
2014-12-23,6.3,6.6,6.3,6.55,1835,BE,,,
2014-12-24,6.3,6.8,6.3,6.8,1081,BE,,,
2014-12-26,6.6,7.05,6.6,6.7,2739,BE,,,
2014-12-29,6.5,6.6,6.4,6.6,5462,BE,,,
2014-12-30,6.3,6.35,6.3,6.35,900,BE,,,
2014-12-31,6.05,6.45,6.05,6.45,585,BE,,,
2015-01-01,6.15,6.45,6.15,6.45,2427,BE,,,
2015-01-02,6.45,6.65,6.15,6.5,3400,BE,,,
2015-01-05,6.5,6.75,6.3,6.4,644,BE,,,
2015-01-06,6.5,6.5,6.15,6.15,1500,BE,,,
2015-01-07,6.0,6.45,5.95,6.45,1550,BE,,,
2015-01-08,6.15,6.75,6.15,6.25,4320,BE,,,
2015-01-09,6.55,6.55,6.15,6.55,2652,BE,,,
2015-01-12,6.3,6.3,6.3,6.3,203,BE,,,
2015-01-13,6.05,6.6,6.05,6.6,385,BE,,,
2015-01-14,6.3,6.9,6.3,6.7,584,BE,,,
2015-01-15,6.4,6.7,6.4,6.7,1186,BE,,,
2015-01-16,6.4,6.5,6.4,6.5,3600,BE,,,
2015-01-19,6.2,6.2,6.2,6.2,630,BE,,,
2015-01-20,6.0,6.05,5.9,6.0,2540,BE,,,
2015-01-21,6.0,6.05,5.7,5.7,1758,BE,,,
2015-01-22,5.5,5.95,5.5,5.6,3579,BE,,,
2015-01-23,5.4,5.85,5.4,5.85,1388,BE,,,
2015-01-27,5.6,6.0,5.6,6.0,9587,BE,,,
2015-01-28,6.1,6.3,5.8,5.85,2010,BE,,,
2015-01-29,5.85,5.85,5.7,5.7,2908,BE,,,
2015-01-30,5.55,5.55,5.55,5.55,464,BE,,,
2015-02-02,5.55,5.55,5.55,5.55,223,BE,,,
2015-02-03,5.5,5.5,5.45,5.45,1566,BE,,,
2015-02-04,5.3,5.35,5.3,5.35,3757,BE,,,
2015-02-05,5.2,5.6,5.2,5.2,443,BE,,,
2015-02-06,5.0,5.35,4.95,4.95,2798,BE,,,
2015-02-09,5.0,5.0,5.0,5.0,63,BE,,,
2015-02-10,4.75,4.75,4.75,4.75,1005,BE,,,
2015-02-11,4.6,4.95,4.6,4.7,1081,BE,,,
2015-02-12,4.55,4.85,4.55,4.75,268,BE,,,
2015-02-13,4.6,4.75,4.6,4.75,2706,BE,,,
2015-02-16,4.6,4.75,4.6,4.75,882,BE,,,
2015-02-18,4.6,4.7,4.55,4.7,10171,BE,,,
2015-02-19,4.7,4.8,4.7,4.8,3262,BE,,,
2015-02-20,5.0,5.0,5.0,5.0,2500,BE,,,
2015-02-23,4.85,5.25,4.85,4.95,876,EQ,,,
2015-02-24,4.75,4.8,4.75,4.8,482,EQ,,,
2015-02-25,4.85,4.95,4.85,4.95,4000,EQ,,,
2015-02-26,5.15,5.15,4.95,4.95,10024,EQ,,,
2015-02-27,4.8,5.05,4.8,5.05,1350,EQ,,,
2015-02-28,5.05,5.05,5.05,5.05,2983,EQ,,,
2015-03-02,4.8,4.8,4.8,4.8,200,EQ,,,
2015-03-03,4.6,4.75,4.6,4.6,16701,EQ,,,
2015-03-04,4.45,4.8,4.4,4.4,3065,EQ,,,
2015-03-05,4.2,4.2,4.2,4.2,57,EQ,,,
2015-03-09,4.0,4.45,3.8,3.9,3319,EQ,,,
2015-03-10,3.9,4.25,3.6,4.15,1400,EQ,,,
2015-03-11,3.8,4.05,3.75,3.95,10061,EQ,,,
2015-03-12,4.0,4.0,3.65,3.95,4528,EQ,,,
2015-03-13,3.65,4.15,3.6,4.0,2590,EQ,,,
2015-03-17,3.8,4.2,3.8,3.8,132,EQ,,,
2015-03-18,3.65,3.95,3.65,3.9,18020,EQ,,,
2015-03-19,4.05,4.05,3.75,3.75,3070,EQ,,,
2015-03-20,3.65,3.9,3.6,3.7,3649,EQ,,,
2015-03-23,3.55,3.85,3.55,3.8,8223,EQ,,,
2015-03-24,3.75,3.75,3.75,3.75,42,EQ,,,
2015-03-25,3.75,3.75,3.7,3.7,1205,EQ,,,
2015-03-26,3.55,3.85,3.55,3.55,7707,EQ,,,
2015-03-27,3.65,3.65,3.4,3.4,5890,EQ,,,
2015-03-30,3.4,3.55,3.4,3.45,4126,EQ,,,
2015-03-31,3.6,3.6,3.4,3.4,1865,EQ,,,
2015-04-01,3.35,3.55,3.3,3.4,14595,EQ,,,
2015-04-06,3.55,3.55,3.55,3.55,314,EQ,,,
2015-04-07,3.5,3.9,3.45,3.9,5114,EQ,,,
2015-04-08,4.2,4.2,3.9,4.2,1308,EQ,,,
2015-04-09,4.2,4.6,4.2,4.6,3824,EQ,,,
2015-04-10,4.8,4.8,4.4,4.6,2352,EQ,,,
2015-04-13,4.65,4.65,4.65,4.65,1502,EQ,,,
2015-04-15,4.8,4.8,4.8,4.8,3693,EQ,,,
2015-04-16,4.8,5.0,4.8,5.0,1200,EQ,,,
2015-04-17,5.25,5.25,5.25,5.25,1896,EQ,,,
2015-04-20,5.0,5.2,5.0,5.0,7495,EQ,,,
2015-04-27,4.95,4.95,4.95,4.95,100,EQ,,,
2015-04-28,4.95,4.95,4.95,4.95,5,EQ,,,
2015-04-30,4.75,4.75,4.75,4.75,100,EQ,,,
2015-05-04,4.55,4.55,4.55,4.55,4305,EQ,,,
2015-05-05,4.4,4.4,4.4,4.4,10,EQ,,,
2015-05-06,4.25,4.25,4.25,4.25,348,EQ,,,
2015-05-08,4.05,4.05,4.05,4.05,5,EQ,,,
2015-05-11,4.25,4.25,4.2,4.2,1580,EQ,,,
2015-05-12,4.4,4.4,4.05,4.05,690,EQ,,,
2015-05-14,4.05,4.05,4.05,4.05,100,EQ,,,
2015-05-15,4.25,4.25,4.25,4.25,116,EQ,,,
2015-05-19,4.45,4.45,4.45,4.45,611,EQ,,,
2015-05-20,4.65,4.65,4.65,4.65,1292,EQ,,,
2015-05-25,4.65,4.65,4.65,4.65,580,EQ,,,
2015-05-26,4.65,4.65,4.65,4.65,703,EQ,,,
2015-05-28,4.65,4.65,4.65,4.65,638,EQ,,,
2015-05-29,4.65,4.65,4.65,4.65,1999,EQ,,,
2015-06-01,4.45,4.45,4.45,4.45,100,EQ,,,
2015-06-02,4.3,4.3,4.3,4.3,290,EQ,,,
2015-06-03,4.25,4.25,4.1,4.1,6160,EQ,,,
2015-06-04,4.1,4.1,4.1,4.1,4353,EQ,,,
2015-06-05,4.5,4.5,4.5,4.5,1,EQ,,,
2015-06-11,4.05,4.05,4.05,4.05,520,EQ,,,
2015-06-15,3.65,3.65,3.65,3.65,2056,EQ,,,
2015-06-16,3.3,3.3,3.3,3.3,100,EQ,,,
2015-06-17,3.45,3.45,3.45,3.45,172,EQ,,,
2015-06-19,3.35,3.45,3.35,3.45,1740,EQ,,,
2015-06-24,3.6,3.6,3.3,3.3,5020,EQ,,,
2015-06-25,3.45,3.45,3.45,3.45,567,EQ,,,
2015-06-26,3.3,3.3,3.3,3.3,60,EQ,,,
2015-06-30,3.45,3.45,3.45,3.45,200,EQ,,,
2015-07-01,3.35,3.6,3.35,3.6,9189,EQ,,,
2015-07-02,3.45,3.45,3.45,3.45,116,EQ,,,
2015-07-03,3.6,3.6,3.6,3.6,93,EQ,,,
2015-07-06,3.75,3.75,3.75,3.75,900,EQ,,,
2015-07-07,3.9,3.9,3.9,3.9,7070,EQ,,,
2015-07-08,4.0,4.0,4.0,4.0,1436,EQ,,,
2015-07-10,4.0,4.0,4.0,4.0,116,EQ,,,
2015-07-13,4.0,4.0,4.0,4.0,1964,EQ,,,
2015-07-14,4.0,4.0,4.0,4.0,1290,EQ,,,
2015-07-15,4.0,4.0,4.0,4.0,4264,EQ,,,
2015-07-17,4.05,4.2,4.05,4.2,2198,EQ,,,
2015-07-20,4.0,4.0,4.0,4.0,500,EQ,,,
2015-07-21,4.0,4.0,4.0,4.0,58,EQ,,,
2015-07-23,3.8,3.8,3.8,3.8,116,EQ,,,
2015-07-24,3.65,3.65,3.65,3.65,507,EQ,,,
2015-07-28,3.5,3.5,3.5,3.5,58,EQ,,,
2015-07-30,3.65,3.65,3.65,3.65,406,EQ,,,
2015-07-31,3.8,3.8,3.55,3.55,10370,EQ,,,
2015-08-03,3.7,3.7,3.7,3.7,206,EQ,,,
2015-08-04,3.85,3.85,3.65,3.65,232,EQ,,,
2015-08-05,3.55,3.8,3.55,3.8,66,EQ,,,
2015-08-06,3.95,3.95,3.7,3.7,698,EQ,,,
2015-08-07,3.85,3.85,3.85,3.85,58,EQ,,,
2015-08-10,4.0,4.0,4.0,4.0,50,EQ,,,
2015-08-17,3.85,3.85,3.85,3.85,100,EQ,,,
2015-08-18,3.7,3.7,3.7,3.7,93,EQ,,,
2015-08-19,3.55,3.55,3.55,3.55,116,EQ,,,
2015-08-20,3.55,3.55,3.55,3.55,100,EQ,,,
2015-08-24,3.45,3.45,3.45,3.45,158,EQ,,,
2015-08-27,3.35,3.35,3.35,3.35,116,EQ,,,
2015-08-31,3.35,3.5,3.35,3.5,30,EQ,,,
2015-09-02,3.65,3.65,3.65,3.65,10,EQ,,,
2015-09-18,3.8,3.8,3.8,3.8,10,EQ,,,
2015-09-24,3.65,3.95,3.65,3.95,1600,EQ,,,
2015-09-30,3.8,3.8,3.8,3.8,400,EQ,,,
2015-10-05,3.8,4.0,3.45,4.0,400,EQ,,,
2015-10-07,3.6,3.6,3.6,3.6,1000,EQ,,,
2015-10-08,3.9,3.9,3.9,3.9,10,EQ,,,
2015-11-06,4.45,4.45,4.45,4.45,10,EQ,,,
2015-11-17,3.6,4.0,3.6,4.0,3425,EQ,,,
2015-11-18,4.7,4.7,3.55,4.0,415,EQ,,,
2015-11-20,3.5,3.6,3.35,3.4,876,EQ,,,
2015-11-26,3.35,3.35,3.35,3.35,348,EQ,,,
2015-11-27,3.2,3.8,3.2,3.8,1839,EQ,,,
2015-11-30,3.35,3.35,3.35,3.35,2937,EQ,,,
2015-12-04,3.1,3.1,3.1,3.1,29,EQ,,,
2015-12-07,3.15,3.2,3.15,3.2,232,EQ,,,
2015-12-08,3.45,3.45,3.3,3.3,696,EQ,,,
2015-12-09,3.1,3.1,3.1,3.1,290,EQ,,,
2015-12-10,2.55,3.0,2.55,3.0,66,EQ,,,
2015-12-15,3.0,3.0,3.0,3.0,116,EQ,,,
2015-12-16,3.5,3.5,3.1,3.1,411,EQ,,,
2015-12-17,3.5,3.5,3.5,3.5,2450,EQ,,,
2015-12-18,3.2,3.95,3.2,3.2,295,EQ,,,
2015-12-22,3.15,3.15,3.15,3.15,58,EQ,,,
2015-12-23,3.75,3.75,3.75,3.75,2582,EQ,,,
2015-12-24,3.6,3.6,3.6,3.6,58,EQ,,,
2015-12-28,3.3,3.3,3.3,3.3,3688,EQ,,,
2015-12-29,3.35,3.95,3.35,3.6,1439,EQ,,,
2016-01-01,3.6,3.6,3.6,3.6,870,EQ,,,
2016-01-08,3.6,3.6,3.6,3.6,400,EQ,,,
2016-01-14,4.3,4.3,4.3,4.3,115,EQ,,,
2016-01-15,4.2,5.1,4.2,5.1,63,EQ,,,
2016-01-18,5.0,5.0,4.7,4.7,2900,EQ,,,
2016-01-19,5.0,5.0,5.0,5.0,88,EQ,,,
2016-01-20,4.5,4.5,4.5,4.5,31,EQ,,,
2016-01-21,4.05,4.05,4.05,4.05,600,EQ,,,
2016-01-22,3.7,4.4,3.7,4.4,1638,EQ,,,
2016-01-27,4.0,4.25,4.0,4.25,141,EQ,,,
2016-01-28,4.1,4.1,3.95,3.95,540,EQ,,,
2016-01-29,3.8,4.3,3.8,4.1,2861,EQ,,,
2016-02-02,4.5,4.5,4.5,4.5,100,EQ,,,
2016-02-03,4.1,4.1,4.1,4.1,321,EQ,,,
2016-02-04,3.8,3.8,3.8,3.8,290,EQ,,,
2016-02-08,3.65,4.5,3.65,4.5,1088,EQ,,,
2016-02-10,3.6,3.6,3.6,3.6,1000,EQ,,,
2016-02-11,3.25,3.6,3.25,3.6,198,EQ,,,
2016-02-18,3.15,3.9,3.15,3.9,726,EQ,,,
2016-02-29,3.2,3.2,3.2,3.2,145,EQ,,,
2016-03-01,3.2,3.2,3.2,3.2,5,EQ,,,
2016-03-04,3.0,3.0,3.0,3.0,116,EQ,,,
2016-03-08,3.0,3.0,3.0,3.0,26,EQ,,,
2016-03-09,3.6,3.6,3.25,3.25,690,EQ,,,
2016-03-10,3.25,3.5,3.25,3.5,667,EQ,,,
2016-03-16,3.05,3.5,3.05,3.05,216,EQ,,,
2016-03-18,3.65,3.65,3.65,3.65,100,EQ,,,
2016-03-21,3.5,3.5,3.5,3.5,870,EQ,,,
2016-03-22,2.95,3.1,2.95,3.1,348,EQ,,,
2016-03-28,3.15,3.15,3.15,3.15,232,EQ,,,
2016-03-29,2.75,2.75,2.75,2.75,49,EQ,,,
2016-03-31,3.25,3.25,3.25,3.25,580,EQ,,,
2016-04-05,3.1,3.4,3.1,3.4,521,EQ,,,
2016-04-07,3.25,3.25,3.25,3.25,203,EQ,,,
2016-04-13,3.15,3.4,3.15,3.4,1000,EQ,,,
2016-04-18,3.4,3.4,3.25,3.25,52,EQ,,,
2016-04-21,3.1,3.1,3.1,3.1,1914,EQ,,,
2016-04-22,3.15,3.15,3.15,3.15,675,EQ,,,
2016-04-25,3.3,3.3,3.3,3.3,100,EQ,,,
2016-04-26,3.25,3.3,3.15,3.15,1859,EQ,,,
2016-04-27,3.0,3.3,3.0,3.3,141,EQ,,,
2016-04-28,3.3,3.45,3.3,3.45,5063,EQ,,,
2016-04-29,3.3,3.3,3.3,3.3,58,EQ,,,
2016-05-02,3.2,3.2,3.2,3.2,58,EQ,,,
2016-05-04,3.1,3.35,3.1,3.35,1450,EQ,,,
2016-05-05,3.35,3.35,3.35,3.35,200,EQ,,,
2016-05-06,3.35,3.35,3.35,3.35,144,EQ,,,
2016-05-12,3.2,3.35,3.2,3.35,2151,EQ,,,
2016-05-13,3.5,3.5,3.5,3.5,20,EQ,,,
2016-05-16,3.65,3.65,3.5,3.5,4000,EQ,,,
2016-05-17,3.5,3.5,3.45,3.5,1401,EQ,,,
2016-05-24,3.55,3.55,3.55,3.55,500,EQ,,,
2016-05-25,3.55,3.55,3.55,3.55,100,EQ,,,
2016-05-26,3.55,3.55,3.55,3.55,500,EQ,,,
2016-05-30,3.45,3.7,3.45,3.7,1105,EQ,,,
2016-06-01,3.55,3.55,3.55,3.55,1200,EQ,,,
2016-06-02,3.5,3.5,3.4,3.4,291,EQ,,,
2016-06-07,3.4,3.4,3.4,3.4,116,EQ,,,
2016-06-08,3.25,3.45,3.25,3.45,524,EQ,,,
2016-06-09,3.35,3.35,3.35,3.35,348,EQ,,,
2016-06-10,3.45,3.45,3.45,3.45,2958,EQ,,,
2016-06-13,3.35,3.35,3.35,3.35,58,EQ,,,
2016-06-15,3.35,3.35,3.35,3.35,58,EQ,,,
2016-06-16,3.5,3.5,3.5,3.5,301,EQ,,,
2016-06-17,3.35,3.35,3.35,3.35,580,EQ,,,
2016-06-20,3.5,3.5,3.5,3.5,99,EQ,,,
2016-06-21,3.6,3.6,3.6,3.6,1000,EQ,,,
2016-06-23,3.45,3.45,3.45,3.45,1201,EQ,,,
2016-06-24,3.6,3.6,3.6,3.6,5,EQ,,,
2016-06-27,3.6,3.6,3.6,3.6,1,EQ,,,
2016-06-28,3.45,3.7,3.45,3.7,1010,EQ,,,
2016-06-29,3.55,3.55,3.55,3.55,1066,EQ,,,
2016-06-30,3.4,3.4,3.4,3.4,58,EQ,,,
2016-07-01,3.35,3.35,3.15,3.15,1840,EQ,,,
2016-07-04,3.05,3.25,3.05,3.25,7497,EQ,,,
2016-07-05,3.05,3.2,3.05,3.2,365,EQ,,,
2016-07-07,3.2,3.4,3.2,3.3,1300,EQ,,,
2016-07-08,3.45,3.6,3.45,3.6,1734,EQ,,,
2016-07-11,3.95,3.95,3.95,3.95,100,EQ,,,
2016-07-12,3.85,3.9,3.85,3.9,1990,EQ,,,
2016-07-13,3.75,3.75,3.75,3.75,350,EQ,,,
2016-07-14,3.9,3.9,3.9,3.9,58,EQ,,,
2016-07-15,4.05,4.05,4.05,4.05,1682,EQ,,,
2016-07-18,4.25,4.25,4.25,4.25,1202,EQ,,,
2016-07-19,4.45,4.45,4.45,4.45,754,EQ,,,
2016-07-20,4.65,4.65,4.65,4.65,1615,EQ,,,
2016-07-21,4.85,4.85,4.85,4.85,638,EQ,,,
2016-07-22,5.05,5.05,5.05,5.05,408,EQ,,,
2016-07-25,5.3,5.3,5.3,5.3,555,EQ,,,
2016-07-26,5.55,5.55,5.5,5.5,4519,EQ,,,
2016-07-27,5.65,5.75,5.65,5.75,399,EQ,,,
2016-07-28,5.9,6.0,5.9,6.0,9500,EQ,,,
2016-08-01,6.0,6.0,6.0,6.0,4573,EQ,,,
2016-08-02,6.3,6.3,6.3,6.3,409,EQ,,,
2016-08-03,6.0,6.05,6.0,6.0,1649,EQ,,,
2016-08-04,5.7,6.3,5.7,5.95,366,EQ,,,
2016-08-05,6.2,6.2,6.2,6.2,1790,EQ,,,
2016-08-08,6.0,6.15,6.0,6.15,11574,EQ,,,
2016-08-09,5.85,5.85,5.85,5.85,58,EQ,,,
2016-08-10,5.6,5.6,5.6,5.6,2000,EQ,,,
2016-08-11,5.35,5.75,5.35,5.75,1310,EQ,,,
2016-08-12,5.5,5.5,5.5,5.5,1000,EQ,,,
2016-08-16,5.75,5.75,5.75,5.75,1275,EQ,,,
2016-08-18,6.0,6.0,6.0,6.0,1160,EQ,,,
2016-08-19,6.3,6.3,6.15,6.15,1774,EQ,,,
2016-08-22,5.9,5.9,5.85,5.85,175,EQ,,,
2016-08-23,6.1,6.1,6.1,6.1,1815,EQ,,,
2016-08-24,6.1,6.4,6.1,6.4,1916,EQ,,,
2016-08-25,6.7,6.7,6.7,6.7,1,EQ,,,
2016-08-30,6.4,6.4,6.4,6.4,5,EQ,,,
2016-08-31,6.1,6.1,6.1,6.1,20,EQ,,,
2016-09-01,5.8,5.8,5.8,5.8,9,EQ,,,
2016-09-02,5.4,5.6,5.4,5.6,348,EQ,,,
2016-09-06,5.1,5.55,5.1,5.55,1330,EQ,,,
2016-09-07,5.0,5.15,5.0,5.15,406,EQ,,,
2016-09-08,5.2,5.5,5.15,5.5,3897,EQ,,,
2016-09-09,5.3,5.3,5.05,5.05,1507,EQ,,,
2016-09-12,4.6,4.65,4.6,4.65,2900,EQ,,,
2016-09-14,4.25,4.25,4.25,4.25,290,EQ,,,
2016-09-15,4.45,4.45,4.45,4.45,116,EQ,,,
2016-09-16,4.65,4.65,4.65,4.65,348,EQ,,,
2016-09-19,4.55,4.55,4.55,4.55,579,EQ,,,
2016-09-20,4.35,4.35,4.35,4.35,87,EQ,,,
2016-09-21,4.55,4.55,4.55,4.55,500,EQ,,,
2016-09-26,4.4,4.7,4.4,4.7,3301,EQ,,,
2016-09-27,4.5,4.5,4.5,4.5,366,EQ,,,
2016-09-28,4.45,4.7,4.45,4.7,5422,EQ,,,
2016-09-29,4.9,4.9,4.9,4.9,550,EQ,,,
2016-09-30,5.1,5.1,5.1,5.1,58,EQ,,,
2016-10-03,5.35,5.35,5.35,5.35,3683,EQ,,,
2016-10-04,5.6,5.6,5.6,5.6,127,EQ,,,
2016-10-05,5.75,5.8,5.75,5.8,2057,EQ,,,
2016-10-06,5.8,5.8,5.55,5.55,1116,EQ,,,
2016-10-07,5.6,5.8,5.35,5.8,684,EQ,,,
2016-10-10,5.55,5.6,5.55,5.6,4646,EQ,,,
2016-10-13,5.4,5.85,5.4,5.85,2227,EQ,,,
2016-10-14,5.65,5.65,5.65,5.65,348,EQ,,,
2016-10-17,5.55,5.55,5.55,5.55,362,EQ,,,
2016-10-18,5.6,5.8,5.5,5.5,1942,EQ,,,
2016-10-19,5.6,5.75,5.6,5.75,121,EQ,,,
2016-10-20,5.65,6.0,5.65,6.0,3969,EQ,,,
2016-10-21,5.75,6.3,5.75,6.3,514,EQ,,,
2016-10-24,6.6,6.6,6.0,6.5,2085,EQ,,,
2016-10-25,6.2,6.2,6.2,6.2,290,EQ,,,
2016-10-26,5.9,5.9,5.9,5.9,116,EQ,,,
2016-10-27,5.65,5.7,5.65,5.7,113,EQ,,,
2016-10-28,5.7,5.7,5.7,5.7,1,EQ,,,
2016-10-30,5.45,5.45,5.45,5.45,232,EQ,,,
2016-11-04,5.35,5.4,5.35,5.4,590,EQ,,,
2016-11-07,5.4,5.4,5.4,5.4,58,EQ,,,
2016-11-09,5.05,5.05,5.05,5.05,58,EQ,,,
2016-11-10,5.55,5.55,5.05,5.05,14950,EQ,,,
2016-11-15,5.0,5.0,4.7,4.7,5950,EQ,,,
2016-11-21,4.7,4.7,4.7,4.7,1450,EQ,,,
2016-11-23,4.55,4.55,4.55,4.55,45,EQ,,,
2016-11-25,4.35,4.35,4.35,4.35,174,EQ,,,
2016-11-28,4.55,4.55,4.55,4.55,870,EQ,,,
2016-11-29,4.45,4.45,4.45,4.45,25,EQ,,,
2016-11-30,4.3,4.3,4.3,4.3,587,EQ,,,
2016-12-09,4.35,4.65,4.35,4.65,522,EQ,,,
2016-12-13,4.5,4.5,4.3,4.3,2420,EQ,,,
2016-12-15,4.2,4.7,4.2,4.7,52,EQ,,,
2016-12-16,4.35,4.35,4.35,4.35,58,EQ,,,
2016-12-20,4.1,4.4,4.1,4.4,1030,EQ,,,
2016-12-22,4.8,4.8,4.8,4.8,10,EQ,,,
2016-12-26,4.4,4.4,4.4,4.4,324,EQ,,,
2016-12-27,4.1,4.1,4.1,4.1,184,EQ,,,
2016-12-30,4.0,4.05,4.0,4.05,485,EQ,,,
2017-01-02,4.25,4.45,4.25,4.45,1000,EQ,,,
2017-01-09,4.3,4.3,4.3,4.3,290,EQ,,,
2017-01-10,4.05,4.7,4.05,4.7,514,EQ,,,
2017-01-11,4.3,4.3,4.3,4.3,331,EQ,,,
2017-01-12,4.05,4.5,4.05,4.5,891,EQ,,,
2017-01-13,4.3,4.3,4.3,4.3,449,EQ,,,
2017-01-16,4.4,4.4,4.1,4.1,1359,EQ,,,
2017-01-17,3.85,3.85,3.85,3.85,58,EQ,,,
2017-01-19,4.2,4.2,4.2,4.2,812,EQ,,,
2017-01-20,4.25,4.25,4.25,4.25,59,EQ,,,
2017-01-23,3.9,3.9,3.9,3.9,464,EQ,,,
2017-01-27,4.2,4.2,4.2,4.2,2000,EQ,,,
2017-01-30,3.85,3.85,3.85,3.85,174,EQ,,,
2017-01-31,3.7,3.7,3.7,3.7,232,EQ,,,
2017-02-02,4.0,4.0,4.0,4.0,58,EQ,,,
2017-02-03,4.1,4.1,4.1,4.1,2088,EQ,,,
2017-02-10,4.15,4.15,4.15,4.15,1040,EQ,,,
2017-02-13,4.35,4.35,4.15,4.15,406,EQ,,,
2017-02-14,4.0,4.35,4.0,4.35,9150,EQ,,,
2017-02-15,4.15,4.3,4.15,4.3,1118,EQ,,,
2017-02-17,4.3,4.3,4.3,4.3,2000,EQ,,,
2017-02-20,4.1,4.1,4.1,4.1,5100,EQ,,,
2017-02-21,4.0,4.3,4.0,4.3,581,EQ,,,
2017-02-22,4.1,4.1,4.1,4.1,1000,EQ,,,
2017-02-23,4.0,4.0,3.95,3.95,58,EQ,,,
2017-02-28,4.1,4.1,4.1,4.1,232,EQ,,,
2017-03-01,3.9,3.9,3.9,3.9,92,EQ,,,
2017-03-02,4.05,4.05,3.9,3.9,179,EQ,,,
2017-03-03,3.8,4.05,3.8,4.05,59,EQ,,,
2017-03-06,3.95,4.1,3.95,4.1,4202,EQ,,,
2017-03-07,4.25,4.25,4.0,4.0,4165,EQ,,,
2017-03-09,4.0,4.0,3.9,3.9,116,EQ,,,
2017-03-10,3.75,3.9,3.75,3.9,174,EQ,,,
2017-03-14,4.05,4.05,4.05,4.05,348,EQ,,,
2017-03-15,4.25,4.25,4.25,4.25,58,EQ,,,
2017-03-16,4.45,4.45,4.1,4.1,1674,EQ,,,
2017-03-17,4.0,4.3,4.0,4.15,704,EQ,,,
2017-03-20,4.15,4.15,4.15,4.15,290,EQ,,,
2017-03-21,4.35,4.35,4.35,4.35,812,EQ,,,
2017-03-22,4.55,4.55,4.55,4.55,174,EQ,,,
2017-03-23,4.75,4.75,4.75,4.75,3709,EQ,,,
2017-03-24,4.55,4.55,4.55,4.55,232,EQ,,,
2017-03-27,4.5,4.7,4.5,4.7,1184,EQ,,,
2017-03-28,4.7,4.7,4.7,4.7,58,EQ,,,
2017-03-29,4.55,4.55,4.5,4.5,1635,EQ,,,
2017-03-30,4.4,4.65,4.4,4.65,1654,EQ,,,
2017-03-31,4.75,4.75,4.75,4.75,58,EQ,,,
2017-04-05,4.55,4.65,4.55,4.65,466,EQ,,,
2017-04-06,4.85,4.85,4.6,4.7,1347,EQ,,,
2017-04-07,4.9,4.9,4.9,4.9,740,EQ,,,
2017-04-11,4.65,4.65,4.6,4.6,174,EQ,,,
2017-04-13,5.05,5.05,5.05,5.05,70,EQ,,,
2017-04-17,5.55,5.55,5.55,5.55,5736,EQ,,,
2017-04-18,5.8,5.8,5.8,5.8,464,EQ,,,
2017-04-19,6.05,6.05,6.0,6.05,7852,EQ,,,
2017-04-20,6.05,6.05,6.0,6.0,316,EQ,,,
2017-04-21,5.75,6.3,5.75,6.0,1695,EQ,,,
2017-04-24,5.75,6.05,5.75,6.0,2785,EQ,,,
2017-04-25,5.7,5.7,5.7,5.7,179,EQ,,,
2017-04-26,5.5,5.7,5.5,5.7,6257,EQ,,,
2017-04-27,5.5,5.5,5.5,5.5,390,BE,,,
2017-05-02,5.3,5.3,5.3,5.3,200,BE,,,
2017-05-03,5.1,5.2,5.1,5.2,1218,BE,,,
2017-05-04,4.95,4.95,4.95,4.95,2500,BE,,,
2017-05-09,5.0,5.0,5.0,5.0,2546,BE,,,
2017-05-10,5.05,5.05,4.8,4.8,229,BE,,,
2017-05-11,4.65,4.75,4.65,4.75,1138,BE,,,
2017-05-15,4.65,4.65,4.65,4.65,78,BE,,,
2017-05-16,4.5,4.5,4.5,4.5,406,BE,,,
2017-05-17,4.55,4.55,4.55,4.55,319,BE,,,
2017-05-18,4.5,4.75,4.5,4.75,522,BE,,,
2017-05-19,4.95,4.95,4.95,4.95,290,BE,,,
2017-05-22,5.15,5.15,4.75,4.75,836,BE,,,
2017-05-30,4.55,4.55,4.55,4.55,380,EQ,,,
2017-06-02,4.35,4.4,4.35,4.4,232,EQ,,,
2017-06-05,4.35,4.35,4.35,4.35,2910,EQ,,,
2017-06-06,4.3,4.55,4.3,4.55,447,EQ,,,
2017-06-07,4.75,4.75,4.5,4.5,11266,EQ,,,
2017-06-08,4.55,4.55,4.55,4.55,58,EQ,,,
2017-06-09,4.5,4.5,4.5,4.5,154,EQ,,,
2017-06-12,4.45,4.5,4.45,4.5,7115,EQ,,,
2017-06-13,4.65,4.7,4.5,4.7,247,EQ,,,
2017-06-14,4.9,4.9,4.9,4.9,716,EQ,,,
2017-06-15,4.7,4.9,4.7,4.9,412,EQ,,,
2017-06-16,5.0,5.1,4.9,5.0,1086,EQ,,,
2017-06-19,4.8,5.0,4.8,5.0,146,EQ,,,
2017-06-20,4.85,4.85,4.8,4.8,2768,EQ,,,
2017-06-21,4.7,4.8,4.7,4.8,2058,EQ,,,
2017-06-22,4.65,5.0,4.65,5.0,463,EQ,,,
2017-06-23,5.0,5.25,4.8,4.8,1955,EQ,,,
2017-06-27,5.0,5.0,5.0,5.0,1000,EQ,,,
2017-06-28,4.75,5.25,4.75,5.25,860,EQ,,,
2017-06-29,5.5,5.5,5.5,5.5,550,EQ,,,
2017-07-04,5.25,5.25,5.25,5.25,559,EQ,,,
2017-07-05,5.0,5.1,5.0,5.1,698,EQ,,,
2017-07-06,5.1,5.25,5.1,5.25,1010,EQ,,,
2017-07-07,5.0,5.5,5.0,5.5,183,EQ,,,
2017-07-10,5.3,5.3,5.3,5.3,704,EQ,,,
2017-07-11,5.3,5.55,5.3,5.55,1825,EQ,,,
2017-07-12,5.55,5.8,5.55,5.8,1559,EQ,,,
2017-07-13,5.8,6.05,5.8,6.05,2854,EQ,,,
2017-07-14,6.35,6.35,6.35,6.35,4034,EQ,,,
2017-07-17,6.5,6.5,6.5,6.5,58,EQ,,,
2017-07-18,6.8,6.8,6.8,6.8,1682,EQ,,,
2017-07-19,7.1,7.1,7.1,7.1,580,EQ,,,
2017-07-20,7.0,7.45,7.0,7.45,1224,BE,,,
2017-07-21,7.8,7.8,7.6,7.6,1294,BE,,,
2017-07-24,7.65,7.65,7.55,7.55,224,BE,,,
2017-07-25,7.9,7.9,7.9,7.9,42922,BE,,,
2017-07-26,7.55,8.25,7.55,8.25,15971,BE,,,
2017-07-27,8.25,8.25,7.85,7.85,4241,BE,,,
2017-07-28,7.85,8.05,7.85,8.05,600,BE,,,
2017-07-31,8.05,8.05,8.05,8.05,60,BE,,,
2017-08-01,7.7,7.7,7.7,7.7,381,BE,,,
2017-08-02,7.7,7.7,7.35,7.4,2899,BE,,,
2017-08-03,7.05,7.1,7.05,7.1,412,BE,,,
2017-08-04,7.05,7.05,6.85,6.85,1740,BE,,,
2017-08-07,6.55,6.55,6.55,6.55,715,BE,,,
2017-08-08,6.25,6.45,6.25,6.45,869,BE,,,
2017-08-09,6.2,6.75,6.2,6.75,247,BE,,,
2017-08-11,6.45,6.45,6.45,6.45,1131,BE,,,
2017-08-14,6.15,6.2,6.15,6.2,395,BE,,,
2017-08-16,6.15,6.25,6.15,6.25,258,BE,,,
2017-08-17,6.1,6.55,6.1,6.55,5970,BE,,,
2017-08-18,6.55,6.55,6.3,6.3,137,BE,,,
2017-08-21,6.0,6.0,6.0,6.0,918,BE,,,
2017-08-23,5.75,6.0,5.75,6.0,730,BE,,,
2017-08-24,6.3,6.3,6.3,6.3,1000,BE,,,
2017-08-28,6.6,6.6,6.6,6.6,1975,BE,,,
2017-08-29,6.3,6.55,6.3,6.55,130,BE,,,
2017-08-30,6.85,6.85,6.85,6.85,1000,BE,,,
2017-08-31,7.15,7.15,7.15,7.15,1298,BE,,,
2017-09-01,7.5,7.5,7.5,7.5,556,BE,,,
2017-09-04,7.8,7.8,7.8,7.8,116,BE,,,
2017-09-06,8.15,8.15,8.15,8.15,2474,BE,,,
2017-09-07,8.55,8.55,8.55,8.55,1990,BE,,,
2017-09-08,8.95,8.95,8.95,8.95,500,BE,,,
2017-09-11,9.35,9.35,9.35,9.35,2846,BE,,,
2017-09-12,9.35,9.6,9.05,9.05,7085,BE,,,
2017-09-13,8.85,9.45,8.85,9.15,3695,BE,,,
2017-09-14,9.6,9.6,9.2,9.6,12761,BE,,,
2017-09-15,9.15,9.3,9.15,9.3,3448,BE,,,
2017-09-18,9.35,9.35,9.35,9.35,4444,BE,,,
2017-09-19,9.5,9.5,9.4,9.5,8000,BE,,,
2017-09-22,9.05,9.05,9.05,9.05,3144,BE,,,
2017-09-25,8.6,9.0,8.6,9.0,2,BE,,,
2017-09-26,9.45,9.45,9.45,9.45,140,BE,,,
2017-09-29,9.0,9.0,9.0,9.0,42,BE,,,
2017-10-03,9.45,9.45,9.45,9.45,15,BE,,,
2017-10-10,9.0,9.9,9.0,9.0,5279,BE,,,
2017-10-11,9.45,9.45,9.15,9.4,14857,BE,,,
2017-10-12,9.85,9.85,9.15,9.85,2608,BE,,,
2017-10-13,9.55,10.3,9.5,10.0,8035,BE,,,
2017-10-16,10.5,10.5,10.5,10.5,2125,BE,,,
2017-10-17,11.0,11.0,11.0,11.0,5524,BE,,,
2017-10-18,11.5,11.55,11.0,11.55,23242,BE,,,
2017-10-19,11.55,12.1,11.35,11.9,7229,BE,,,
2017-10-23,12.45,12.45,11.35,11.65,30612,BE,,,
2017-10-24,12.15,12.2,11.15,11.65,28062,BE,,,
2017-10-25,11.2,12.0,11.1,11.2,8366,BE,,,
2017-10-26,11.0,11.3,10.65,10.7,9101,BE,,,
2017-10-27,10.3,11.0,10.2,10.5,3839,BE,,,
2017-10-30,10.5,10.75,10.0,10.2,9521,BE,,,
2017-10-31,10.4,10.4,9.7,9.8,10824,BE,,,
2017-11-01,9.35,10.0,9.35,9.8,5446,BE,,,
2017-11-02,9.5,10.0,9.4,9.4,1788,BE,,,
2017-11-03,9.85,9.85,9.4,9.5,2389,BE,,,
2017-11-06,9.3,9.35,9.05,9.05,8160,BE,,,
2017-11-07,9.05,9.5,9.05,9.5,8279,BE,,,
2017-11-08,9.95,9.95,9.6,9.9,5463,BE,,,
2017-11-09,9.9,10.35,9.9,10.35,8449,BE,,,
2017-11-10,10.85,10.85,10.85,10.85,5323,BE,,,
2017-11-13,11.35,11.35,11.35,11.35,946,BE,,,
2017-11-14,11.75,11.75,10.8,11.0,5826,BE,,,
2017-11-15,10.8,11.55,10.45,10.45,11698,BE,,,
2017-11-16,10.0,10.9,10.0,10.1,987,BE,,,
2017-11-17,10.25,10.6,10.15,10.3,2843,BE,,,
2017-11-20,10.15,10.8,10.15,10.75,864,BE,,,
2017-11-21,10.75,11.25,10.3,11.25,13087,BE,,,
2017-11-22,11.5,11.5,10.7,11.05,9311,BE,,,
2017-11-23,11.4,11.6,11.15,11.6,10779,BE,,,
2017-11-24,11.55,12.0,11.55,11.6,8927,BE,,,
2017-11-27,11.5,12.15,11.5,12.15,18161,BE,,,
2017-11-28,12.7,12.75,12.2,12.75,13396,BE,,,
2017-11-29,13.2,13.35,13.2,13.35,57545,BE,,,
2017-11-30,13.45,14.0,13.05,14.0,24564,BE,,,
2017-12-01,14.7,14.7,14.4,14.55,42355,BE,,,
2017-12-04,15.25,15.25,14.55,15.25,34032,BE,,,
2017-12-05,16.0,16.0,14.5,15.35,50592,BE,,,
2017-12-06,15.85,16.05,14.6,15.8,29863,BE,,,
2017-12-07,15.9,16.45,15.05,15.45,21777,BE,,,
2017-12-08,16.2,16.2,14.7,14.85,18298,BE,,,
2017-12-11,15.0,15.0,14.15,14.15,27471,BE,,,
2017-12-12,14.15,14.8,13.45,13.55,6938,BE,,,
2017-12-13,14.1,14.15,12.9,13.7,9311,BE,,,
2017-12-14,13.05,13.85,13.05,13.1,2304,BE,,,
2017-12-15,12.8,13.75,12.75,13.1,5452,BE,,,
2017-12-18,13.7,13.7,12.45,13.45,10707,BE,,,
2017-12-19,13.45,13.8,12.8,13.35,3689,BE,,,
2017-12-20,13.0,13.9,13.0,13.75,9307,BE,,,
2017-12-21,13.1,13.65,13.1,13.2,6376,BE,,,
2017-12-22,13.65,13.7,12.6,12.8,12427,BE,,,
2017-12-26,13.25,13.4,12.4,13.4,15565,BE,,,
2017-12-27,13.95,14.05,12.75,13.15,13192,BE,,,
2017-12-28,13.6,13.8,13.25,13.8,27795,BE,,,
2017-12-29,14.05,14.05,13.15,13.25,35939,BE,,,
2018-01-01,13.65,13.9,13.3,13.9,5104,BE,,,
2018-01-02,14.05,14.2,13.4,14.2,10478,BE,,,
2018-01-03,14.4,14.5,13.95,14.05,12698,BE,,,
2018-01-04,14.45,14.45,13.6,14.1,11697,BE,,,
2018-01-05,14.3,14.8,14.3,14.8,24478,BE,,,
2018-01-08,15.45,15.45,14.8,15.1,5876,BE,,,
2018-01-09,15.1,15.5,14.35,14.85,9043,BE,,,
2018-01-10,14.4,15.1,14.15,14.15,5823,BE,,,
2018-01-11,14.65,14.65,13.8,14.15,7532,BE,,,
2018-01-12,14.85,14.85,13.5,13.7,18504,BE,,,
2018-01-15,13.45,14.3,13.45,14.0,17087,BE,,,
2018-01-16,14.7,14.7,13.3,13.3,7841,BE,,,
2018-01-17,12.75,13.8,12.75,13.1,5673,BE,,,
2018-01-18,13.0,13.0,12.45,12.5,12670,BE,,,
2018-01-19,12.25,12.65,12.25,12.25,7102,BE,,,
2018-01-22,11.8,12.6,11.75,12.0,18068,BE,,,
2018-01-23,12.0,12.45,11.6,12.25,3099,BE,,,
2018-01-24,11.7,12.35,11.7,11.75,5003,BE,,,
2018-01-25,11.75,12.0,11.3,11.95,5629,BE,,,
2018-01-29,12.5,12.5,11.4,11.6,7103,BE,,,
2018-01-30,12.0,12.0,11.05,11.45,5712,BE,,,
2018-01-31,11.35,11.35,10.9,11.05,10877,BE,,,
2018-02-01,10.5,11.6,10.5,11.2,4136,BE,,,
2018-02-02,10.7,11.3,10.65,10.65,6660,BE,,,
2018-02-05,10.5,10.9,10.15,10.8,3372,BE,,,
2018-02-06,10.5,10.5,10.3,10.3,1662,BE,,,
2018-02-07,10.0,10.8,9.9,10.05,22879,EQ,,,
2018-02-08,10.5,10.55,9.7,10.4,6325,EQ,,,
2018-02-09,10.8,10.9,10.5,10.9,14343,EQ,,,
2018-02-12,10.5,11.4,10.45,11.4,6595,EQ,,,
2018-02-14,11.15,11.95,11.15,11.85,7424,EQ,,,
2018-02-15,11.9,12.2,11.3,11.7,28053,EQ,,,
2018-02-16,11.45,12.2,11.45,11.6,4691,EQ,,,
2018-02-19,11.35,11.7,11.05,11.7,8722,EQ,,,
2018-02-20,11.7,11.7,11.15,11.15,11136,EQ,,,
2018-02-21,11.0,11.2,10.75,10.85,2415,EQ,,,
2018-02-22,11.25,11.25,10.5,10.8,5168,EQ,,,
2018-02-23,11.3,11.3,10.3,10.5,4085,EQ,,,
2018-02-26,10.4,10.9,10.15,10.4,8756,EQ,,,
2018-02-27,10.4,10.5,10.05,10.05,5746,EQ,,,
2018-02-28,10.5,10.5,9.8,10.25,1877,EQ,,,
2018-03-01,10.4,10.65,10.1,10.2,3998,EQ,,,
2018-03-05,10.2,10.7,10.2,10.4,10542,EQ,,,
2018-03-06,10.8,10.8,10.0,10.1,2111,EQ,,,
2018-03-07,9.75,10.0,9.6,9.85,7797,EQ,,,
2018-03-08,9.5,9.95,9.4,9.4,1262,EQ,,,
2018-03-09,9.25,9.85,9.0,9.85,7946,EQ,,,
2018-03-12,9.5,10.0,9.5,9.6,1602,EQ,,,
2018-03-13,9.8,9.8,9.35,9.8,4820,EQ,,,
2018-03-14,9.45,10.0,9.45,9.5,443,EQ,,,
2018-03-15,9.35,9.95,9.25,9.65,3084,EQ,,,
2018-03-16,9.65,9.75,9.3,9.4,4190,EQ,,,
2018-03-19,8.95,8.95,8.95,8.95,500,BE,,,
2018-03-20,9.0,9.35,8.75,8.75,1892,BE,,,
2018-03-21,8.8,8.8,8.8,8.8,1724,BE,,,
2018-03-22,8.45,9.0,8.45,8.5,2377,BE,,,
2018-03-23,8.15,8.4,8.15,8.2,4627,BE,,,
2018-03-26,7.85,8.2,7.85,7.95,741,BE,,,
2018-03-27,7.85,7.85,7.8,7.85,5500,BE,,,
2018-03-28,7.85,7.85,7.5,7.55,4078,BE,,,
2018-04-02,7.3,7.5,7.3,7.5,658,BE,,,
2018-04-03,7.15,7.85,7.15,7.85,291,BE,,,
2018-04-04,7.7,8.2,7.7,8.2,1083,BE,,,
2018-04-05,8.6,8.6,8.6,8.6,691,BE,,,
2018-04-06,8.2,9.0,8.2,8.55,588,BE,,,
2018-04-09,8.5,8.5,8.15,8.15,103057,BE,,,
2018-04-10,8.5,8.5,8.25,8.25,55682,BE,,,
2018-04-11,8.1,8.25,8.0,8.05,46511,BE,,,
2018-04-12,7.75,8.45,7.75,8.45,3538,BE,,,
2018-04-13,8.45,8.45,8.05,8.4,3850,BE,,,
2018-04-16,8.0,8.7,8.0,8.5,3730,BE,,,
2018-04-17,8.25,8.25,8.25,8.25,332,BE,,,
2018-04-18,8.1,8.25,8.1,8.25,1238,BE,,,
2018-04-19,8.65,8.65,8.65,8.65,12,BE,,,
2018-04-20,8.25,8.25,8.25,8.25,1002,BE,,,
2018-04-23,8.2,8.6,8.2,8.5,2032,BE,,,
2018-04-24,8.3,8.9,8.3,8.4,1308,BE,,,
2018-04-26,8.75,8.75,8.0,8.4,394,BE,,,
2018-04-27,8.05,8.3,8.0,8.0,1002,BE,,,
2018-04-30,8.0,8.0,7.6,7.6,124,BE,,,
2018-05-02,7.8,7.95,7.8,7.9,5606,BE,,,
2018-05-03,7.6,7.95,7.6,7.95,2702,BE,,,
2018-05-04,7.6,7.7,7.6,7.7,812,BE,,,
2018-05-07,7.7,8.0,7.4,7.6,7226,BE,,,
2018-05-08,7.3,7.5,7.3,7.5,1052,BE,,,
2018-05-10,7.5,7.85,7.15,7.5,5715,BE,,,
2018-05-11,7.4,7.65,7.2,7.2,2928,BE,,,
2018-05-14,7.2,7.2,7.2,7.2,80,BE,,,
2018-05-15,7.55,7.55,7.1,7.1,1593,BE,,,
2018-05-16,6.75,7.0,6.75,7.0,1248,BE,,,
2018-05-17,7.0,7.35,6.8,7.2,1030,BE,,,
2018-05-18,7.05,7.05,6.85,7.05,2128,BE,,,
2018-05-21,6.75,7.35,6.75,6.75,937,BE,,,
2018-05-22,7.05,7.05,6.5,6.75,69,BE,,,
2018-05-24,6.5,6.5,6.5,6.5,517,BE,,,
2018-05-25,6.2,6.8,6.2,6.8,3068,BE,,,
2018-05-28,7.0,7.1,6.55,6.6,1598,BE,,,
2018-05-29,6.4,6.5,6.4,6.5,822,BE,,,
2018-05-30,6.2,6.8,6.2,6.8,216,BE,,,
2018-05-31,6.6,6.6,6.6,6.6,446,BE,,,
2018-06-01,6.9,6.9,6.3,6.4,1660,BE,,,
2018-06-04,6.3,6.3,6.3,6.3,58,BE,,,
2018-06-05,6.3,6.6,6.0,6.6,184,BE,,,
2018-06-06,6.9,6.9,6.3,6.3,656,BE,,,
2018-06-07,6.0,6.6,6.0,6.1,1030,BE,,,
2018-06-08,6.2,6.2,6.2,6.2,116,BE,,,
2018-06-11,6.1,6.15,6.1,6.1,4253,BE,,,
2018-06-12,6.0,6.0,6.0,6.0,78,BE,,,
2018-06-13,6.3,6.3,6.3,6.3,1013,BE,,,
2018-06-15,6.0,6.6,6.0,6.3,1472,BE,,,
2018-06-18,6.6,6.6,6.6,6.6,219,BE,,,
2018-06-19,6.6,6.6,6.6,6.6,245,BE,,,
2018-06-20,6.3,6.5,6.3,6.5,557,BE,,,
2018-06-21,6.5,6.5,6.5,6.5,970,BE,,,
2018-06-22,6.55,6.8,6.5,6.6,3550,BE,,,
2018-06-25,6.5,6.5,6.5,6.5,129,BE,,,
2018-06-26,6.5,6.7,6.5,6.5,2058,BE,,,
2018-06-27,6.4,6.8,6.4,6.8,1010,BE,,,
2018-06-28,6.8,6.8,6.5,6.5,2024,BE,,,
2018-06-29,6.5,6.65,6.5,6.65,116,BE,,,
2018-07-02,6.4,6.4,6.4,6.4,300,BE,,,
2018-07-03,6.2,6.2,6.2,6.2,25,BE,,,
2018-07-04,6.25,6.45,6.25,6.4,1323,BE,,,
2018-07-05,6.4,6.7,6.4,6.7,2296,BE,,,
2018-07-06,6.75,6.75,6.75,6.75,638,BE,,,
2018-07-09,7.05,7.05,7.05,7.05,228,BE,,,
2018-07-10,7.05,7.05,7.05,7.05,920,BE,,,
2018-07-11,7.4,7.4,6.7,7.4,1327,BE,,,
2018-07-12,7.4,7.5,7.4,7.45,1945,BE,,,
2018-07-13,7.1,7.2,7.1,7.2,2175,BE,,,
2018-07-16,7.2,7.5,7.2,7.2,218,BE,,,
2018-07-17,7.0,7.0,7.0,7.0,5,BE,,,
2018-07-18,7.0,7.35,7.0,7.35,3844,BE,,,
2018-07-19,7.7,7.7,7.0,7.0,2908,BE,,,
2018-07-20,7.35,7.35,6.65,7.0,267,BE,,,
2018-07-23,7.3,7.35,6.65,6.7,599,BE,,,
2018-07-24,6.4,7.0,6.4,6.4,1230,BE,,,
2018-07-25,6.4,6.7,6.1,6.7,3248,BE,,,
2018-07-26,6.7,7.0,6.4,6.4,709,BE,,,
2018-07-27,6.2,6.7,6.2,6.4,729,BE,,,
2018-07-30,6.7,6.7,6.55,6.7,1750,BE,,,
2018-07-31,6.45,6.75,6.45,6.5,2802,BE,,,
2018-08-01,6.55,6.75,6.2,6.75,1340,BE,,,
2018-08-02,7.05,7.05,7.0,7.05,644,BE,,,
2018-08-03,7.0,7.0,7.0,7.0,51,BE,,,
2018-08-06,6.7,6.7,6.7,6.7,535,BE,,,
2018-08-07,7.0,7.0,7.0,7.0,31,BE,,,
2018-08-08,6.95,6.95,6.95,6.95,1,BE,,,
2018-08-13,6.75,7.1,6.75,7.1,150,BE,,,
2018-08-16,6.75,6.75,6.75,6.75,373,BE,,,
2018-08-17,6.45,6.45,6.45,6.45,100,BE,,,
2018-08-20,6.15,6.2,6.15,6.15,1569,BE,,,
2018-08-21,5.85,5.85,5.85,5.85,1803,BE,,,
2018-08-23,5.85,5.85,5.6,5.6,425,BE,,,
2018-08-24,5.35,5.5,5.35,5.4,267,BE,,,
2018-08-27,5.5,5.55,5.15,5.15,2148,BE,,,
2018-08-28,5.25,5.25,5.25,5.25,736,BE,,,
2018-08-29,5.25,5.5,5.25,5.5,7224,BE,,,
2018-08-30,5.5,5.75,5.5,5.5,2592,BE,,,
2018-08-31,5.5,5.75,5.3,5.35,449,BE,,,
2018-09-03,5.6,5.6,5.6,5.6,1725,BE,,,
2018-09-04,5.7,5.85,5.35,5.55,4921,BE,,,
2018-09-05,5.4,5.4,5.4,5.4,2383,BE,,,
2018-09-06,5.5,5.65,5.5,5.5,1380,BE,,,
2018-09-07,5.5,5.75,5.5,5.75,207,BE,,,
2018-09-10,5.6,5.8,5.6,5.8,1060,BE,,,
2018-09-11,5.6,5.6,5.6,5.6,1873,BE,,,
2018-09-12,5.4,5.4,5.4,5.4,526,BE,,,
2018-09-14,5.65,5.65,5.65,5.65,1000,BE,,,
2018-09-18,5.8,5.8,5.8,5.8,58,EQ,,,
2018-09-19,6.05,6.05,6.0,6.0,1798,EQ,,,
2018-09-21,6.0,6.0,5.7,5.7,380,EQ,,,
2018-09-24,5.45,5.7,5.45,5.65,400,EQ,,,
2018-09-25,5.65,5.9,5.6,5.6,1365,EQ,,,
2018-09-26,5.5,5.75,5.4,5.4,1028,EQ,,,
2018-09-27,5.3,5.3,5.15,5.15,1082,EQ,,,
2018-09-28,4.9,5.4,4.9,5.4,625,EQ,,,
2018-10-01,5.4,5.4,5.4,5.4,20,EQ,,,
2018-10-04,5.15,5.15,5.15,5.15,109,EQ,,,
2018-10-05,4.9,5.4,4.9,5.4,503,EQ,,,
2018-10-11,5.15,5.65,5.15,5.65,2,EQ,,,
2018-10-22,5.4,5.4,5.4,5.4,20,EQ,,,
2018-11-06,5.35,5.35,5.35,5.35,100,EQ,,,
2018-11-12,5.1,5.4,5.1,5.4,2,EQ,,,
2018-11-14,5.4,5.4,5.4,5.4,118,EQ,,,
2018-11-15,5.15,5.15,5.15,5.15,2,EQ,,,
2018-11-16,5.4,5.4,5.4,5.4,110,EQ,,,
2018-11-20,5.15,5.15,5.15,5.15,100,EQ,,,
2018-11-21,5.4,5.4,5.4,5.4,135,EQ,,,
2018-11-22,5.15,5.15,5.15,5.15,50,EQ,,,
2018-11-26,5.0,5.0,4.9,4.9,5100,EQ,,,
2018-11-27,4.7,4.7,4.7,4.7,4722,EQ,,,
2018-11-28,4.5,4.5,4.5,4.5,241,EQ,,,
2018-11-29,4.5,4.7,4.5,4.7,3114,EQ,,,
2018-11-30,4.7,4.7,4.7,4.7,1330,EQ,,,
2018-12-03,4.5,4.5,4.5,4.5,406,EQ,,,
2018-12-04,4.7,4.7,4.7,4.7,657,EQ,,,
2018-12-05,4.5,4.9,4.5,4.9,7086,EQ,,,
2018-12-06,5.1,5.1,5.0,5.0,2855,EQ,,,
2018-12-12,5.25,5.25,5.0,5.0,796,EQ,,,
2018-12-19,5.0,5.0,5.0,5.0,151,EQ,,,
2018-12-24,5.0,5.0,5.0,5.0,1916,EQ,,,
2018-12-27,5.25,5.25,5.25,5.25,947,EQ,,,
2018-12-28,5.5,5.5,5.5,5.5,19400,EQ,,,
2018-12-31,5.5,5.75,5.5,5.75,1000,EQ,,,
2019-01-01,5.75,5.75,5.7,5.7,233,EQ,,,
2019-01-02,5.95,5.95,5.95,5.95,2322,EQ,,,
2019-01-03,6.0,6.2,6.0,6.0,740,EQ,,,
2019-01-04,6.25,6.25,6.25,6.25,600,EQ,,,
2019-01-07,6.55,6.55,6.35,6.35,725,EQ,,,
2019-01-08,6.05,6.05,6.05,6.05,1160,BE,,,
2019-01-09,5.75,6.0,5.75,6.0,366,BE,,,
2019-01-10,6.25,6.25,6.0,6.0,182,BE,,,
2019-01-11,6.05,6.05,6.0,6.0,166,BE,,,
2019-01-14,6.0,6.2,5.7,5.85,615,BE,,,
2019-01-15,6.1,6.1,6.1,6.1,1004,BE,,,
2019-01-16,6.4,6.4,6.4,6.4,1385,BE,,,
2019-01-17,6.3,6.3,6.25,6.25,825,BE,,,
2019-01-18,6.2,6.5,6.2,6.5,74,BE,,,
2019-01-21,6.35,6.5,6.35,6.5,1552,BE,,,
2019-01-22,6.3,6.5,6.3,6.4,852,BE,,,
2019-01-24,6.3,6.7,6.25,6.7,317,BE,,,
2019-01-25,6.75,7.0,6.75,7.0,175,BE,,,
2019-01-28,6.75,6.75,6.75,6.75,232,BE,,,
2019-01-29,6.9,7.0,6.9,7.0,11,BE,,,
2019-01-30,6.8,7.05,6.8,7.05,3821,BE,,,
2019-01-31,6.9,6.9,6.9,6.9,316,BE,,,
2019-02-01,6.9,6.9,6.75,6.8,1202,BE,,,
2019-02-04,6.8,7.0,6.6,7.0,4466,BE,,,
2019-02-05,6.8,7.0,6.65,7.0,1193,BE,,,
2019-02-06,6.65,6.65,6.65,6.65,1541,BE,,,
2019-02-07,6.65,6.65,6.65,6.65,1,BE,,,
2019-02-08,6.35,6.35,6.35,6.35,1041,BE,,,
2019-02-11,6.35,6.35,6.35,6.35,200,BE,,,
2019-02-13,6.05,6.05,6.05,6.05,2510,BE,,,
2019-02-14,5.75,5.75,5.75,5.75,40,BE,,,
2019-02-18,6.0,6.0,6.0,6.0,1,BE,,,
2019-02-21,6.2,6.2,6.2,6.2,351,BE,,,
2019-03-06,5.9,5.9,5.9,5.9,1161,BE,,,
2019-03-07,5.9,5.9,5.8,5.8,305,BE,,,
2019-03-08,5.55,6.05,5.55,6.05,1361,BE,,,
2019-03-11,6.3,6.3,6.3,6.3,335,BE,,,
2019-03-12,6.0,6.45,6.0,6.45,1150,BE,,,
2019-03-18,6.15,6.15,6.15,6.15,10,BE,,,
2019-03-22,5.85,5.85,5.85,5.85,100,BE,,,
2019-03-25,5.85,5.85,5.85,5.85,5,BE,,,
2019-03-26,5.7,5.7,5.6,5.6,2,BE,,,
2019-03-27,5.4,5.4,5.4,5.4,200,BE,,,
2019-03-28,5.4,5.4,5.15,5.15,1149,BE,,,
2019-03-29,5.15,5.15,5.15,5.15,112,BE,,,
2019-04-01,5.15,5.4,4.9,5.4,2650,BE,,,
2019-04-02,5.65,5.65,5.15,5.6,6190,EQ,,,
2019-04-04,5.6,5.6,5.6,5.6,304,EQ,,,
2019-04-05,5.25,5.85,5.2,5.7,3148,EQ,,,
2019-04-08,5.2,5.85,5.2,5.25,2161,EQ,,,
2019-04-09,5.25,5.7,4.95,4.95,3209,EQ,,,
2019-04-10,4.9,5.4,4.9,5.4,3086,EQ,,,
2019-04-11,5.0,5.85,5.0,5.7,4639,EQ,,,
2019-04-12,5.35,6.1,5.35,5.65,2679,EQ,,,
2019-04-15,6.2,6.2,5.5,5.6,1746,EQ,,,
2019-04-16,5.3,5.6,5.1,5.1,1872,EQ,,,
2019-04-18,5.05,5.6,5.05,5.5,2735,EQ,,,
2019-04-22,5.0,5.5,5.0,5.0,7563,EQ,,,
2019-04-23,4.8,5.45,4.8,4.95,1605,EQ,,,
2019-04-24,5.4,5.4,4.8,4.85,4419,EQ,,,
2019-04-25,4.8,5.3,4.8,4.9,2943,EQ,,,
2019-04-26,4.85,4.9,4.75,4.75,2227,EQ,,,
2019-04-30,5.0,5.0,4.35,4.85,6080,EQ,,,
2019-05-02,4.8,4.8,4.6,4.8,16563,EQ,,,
2019-05-03,4.5,4.8,4.5,4.8,681,EQ,,,
2019-05-06,4.55,4.8,4.4,4.5,6160,EQ,,,
2019-05-07,4.5,4.75,4.4,4.4,1223,EQ,,,
2019-05-08,4.3,4.8,4.3,4.8,3874,EQ,,,
2019-05-09,4.9,5.1,4.45,4.95,4572,EQ,,,
2019-05-10,4.55,4.85,4.5,4.5,3306,EQ,,,
2019-05-13,4.5,4.85,4.4,4.4,1697,EQ,,,
2019-05-14,4.25,4.25,4.0,4.0,17857,EQ,,,
2019-05-15,4.0,4.0,3.6,4.0,8739,EQ,,,
2019-05-16,3.9,4.0,3.65,3.9,4351,EQ,,,
2019-05-17,3.8,3.9,3.75,3.85,5133,EQ,,,
2019-05-20,3.7,4.0,3.7,4.0,12467,EQ,,,
2019-05-21,3.85,4.0,3.85,3.9,3660,EQ,,,
2019-05-22,3.9,3.9,3.8,3.85,1212,EQ,,,
2019-05-23,3.85,4.0,3.85,4.0,467,EQ,,,
2019-05-24,3.85,3.9,3.8,3.8,5082,EQ,,,
2019-05-27,3.8,3.85,3.65,3.75,27227,EQ,,,
2019-05-28,3.85,3.85,3.6,3.6,24106,EQ,,,
2019-05-29,3.55,3.75,3.55,3.75,2318,EQ,,,
2019-05-30,3.75,3.85,3.65,3.85,6732,EQ,,,
2019-05-31,3.75,3.75,3.75,3.75,3579,EQ,,,
2019-06-03,3.6,3.9,3.6,3.9,241,EQ,,,
2019-06-04,3.75,3.75,3.75,3.75,25,EQ,,,
2019-06-06,3.65,3.75,3.65,3.75,65,EQ,,,
2019-06-07,3.75,3.85,3.6,3.85,2676,EQ,,,
2019-06-10,3.85,4.15,3.5,3.5,4345,EQ,,,
2019-06-11,3.25,3.85,3.2,3.3,6472,EQ,,,
2019-06-12,3.15,3.6,3.15,3.6,194,EQ,,,
2019-06-13,3.25,3.75,3.25,3.55,1934,EQ,,,
2019-06-14,3.2,3.8,3.2,3.8,2688,EQ,,,
2019-06-17,3.8,3.95,3.45,3.85,1701,EQ,,,
2019-06-18,3.5,4.1,3.5,3.8,1641,EQ,,,
2019-06-19,3.45,3.45,3.45,3.45,725,EQ,,,
2019-06-20,3.15,3.75,3.15,3.45,1511,EQ,,,
2019-06-21,3.2,3.55,3.2,3.25,1171,EQ,,,
2019-06-24,3.1,3.5,3.05,3.45,2600,EQ,,,
2019-06-25,3.65,3.65,3.15,3.5,8029,EQ,,,
2019-06-26,3.25,3.65,3.25,3.35,994,EQ,,,
2019-06-27,3.6,3.6,3.3,3.5,437,EQ,,,
2019-06-28,3.25,3.6,3.25,3.3,276,EQ,,,
2019-07-01,3.3,3.5,3.25,3.5,2022,EQ,,,
2019-07-02,3.5,3.75,3.25,3.3,4042,EQ,,,
2019-07-03,3.2,3.6,3.2,3.6,500,EQ,,,
2019-07-04,3.95,3.95,3.6,3.95,10108,EQ,,,
2019-07-05,3.65,4.3,3.65,3.75,2402,EQ,,,
2019-07-08,3.75,3.75,3.4,3.4,88,EQ,,,
2019-07-10,3.1,3.1,3.1,3.1,1095,EQ,,,
2019-07-11,2.8,3.0,2.8,3.0,1100,EQ,,,
2019-07-12,3.0,3.15,3.0,3.15,200,EQ,,,
2019-07-16,3.15,3.15,3.15,3.15,100,EQ,,,
2019-07-18,3.15,3.2,3.15,3.2,94,EQ,,,
2019-07-19,3.05,3.2,3.05,3.1,1399,EQ,,,
2019-07-22,3.0,3.0,3.0,3.0,439,EQ,,,
2019-07-23,3.15,3.15,3.15,3.15,1491,EQ,,,
2019-07-24,3.0,3.3,3.0,3.3,1107,EQ,,,
2019-07-25,3.45,3.45,3.45,3.45,440,EQ,,,
2019-07-26,3.35,3.35,3.35,3.35,25,EQ,,,
2019-07-29,3.2,3.5,3.2,3.35,330,EQ,,,
2019-07-30,3.2,3.5,3.2,3.5,1581,EQ,,,
2019-08-05,3.6,3.6,3.6,3.6,1000,EQ,,,
2019-08-06,3.45,3.6,3.45,3.6,1218,EQ,,,
2019-08-07,3.3,3.35,3.3,3.35,452,EQ,,,
2019-08-08,3.05,3.05,3.05,3.05,900,EQ,,,
2019-08-09,3.1,3.1,3.1,3.1,250,EQ,,,
2019-08-13,2.9,2.9,2.9,2.9,583,EQ,,,
2019-08-14,2.8,3.05,2.8,3.05,1696,EQ,,,
2019-08-16,3.0,3.0,3.0,3.0,50,EQ,,,
2019-08-20,3.3,3.3,2.8,2.8,202,EQ,,,
2019-08-21,3.05,3.05,3.05,3.05,332,EQ,,,
2019-08-23,3.1,3.1,3.1,3.1,200,EQ,,,
2019-08-27,3.4,3.4,3.4,3.4,636,EQ,,,
2019-08-29,3.4,3.4,3.4,3.4,200,EQ,,,
2019-08-30,3.7,3.7,3.7,3.7,58,EQ,,,
2019-09-05,3.7,3.7,3.7,3.7,390,EQ,,,
2019-09-06,3.9,3.9,3.9,3.9,174,EQ,,,
2019-09-09,4.25,4.25,4.25,4.25,1,EQ,,,
2019-09-11,4.05,4.45,4.05,4.45,1756,EQ,,,
2019-09-12,4.25,4.25,4.25,4.25,2100,EQ,,,
2019-09-17,4.05,4.05,4.05,4.05,1200,BE,,,
2019-09-18,4.05,4.25,4.05,4.25,1182,BE,,,
2019-09-23,4.05,4.45,4.05,4.45,69,BE,,,
2019-09-25,4.6,4.6,4.6,4.6,17,BE,,,
2019-10-03,4.4,4.4,4.4,4.4,100,BE,nan,nan,nan
2019-10-04,4.2,4.2,4.2,4.2,50,BE,nan,nan,nan
2019-10-11,4.0,4.0,4.0,4.0,820,BE,nan,nan,nan
2019-10-14,3.8,3.8,3.8,3.8,1041,BE,1,1041.0,1041
2019-10-15,3.95,3.95,3.95,3.95,22,BE,1,22.0,22
2019-10-16,3.8,3.8,3.8,3.8,3,BE,2,1.5,3
2019-10-24,3.8,3.8,3.8,3.8,2,BE,1,2.0,2
2019-10-25,3.8,3.8,3.8,3.8,150,BE,3,50.0,150
2019-10-30,3.5,3.5,3.5,3.5,211,BE,5,42.2,211
2019-10-31,3.4,3.6,3.4,3.5,664,BE,6,110.67,664
2019-11-01,3.5,3.5,3.35,3.35,4361,BE,10,436.1,4361
2019-11-04,3.2,3.35,3.2,3.35,2177,BE,11,197.91,2177
2019-11-05,3.3,3.3,3.2,3.2,2555,BE,5,511.0,2555
2019-11-06,3.05,3.35,3.05,3.1,824,BE,8,103.0,824
2019-11-07,3.1,3.1,2.95,3.05,735,BE,7,105.0,735
2019-11-08,3.1,3.1,3.05,3.05,425,BE,6,70.83,425
2019-11-11,3.05,3.05,2.9,3.0,2158,BE,10,215.8,2158
2019-11-13,3.0,3.0,2.85,3.0,241,BE,6,40.17,241
2019-11-14,3.0,3.15,2.85,3.15,11979,BE,9,1331.0,11979
2019-11-15,3.3,3.3,3.3,3.3,11,BE,2,5.5,11
2019-11-18,3.15,3.25,3.15,3.25,476,BE,5,95.2,476
2019-11-19,3.1,3.4,3.1,3.4,277,BE,4,69.25,277
2019-11-20,3.25,3.25,3.25,3.25,150,BE,1,150.0,150
2019-11-21,3.25,3.25,3.1,3.25,68,BE,4,17.0,68
2019-11-22,3.25,3.4,3.1,3.1,12710,BE,14,907.86,12710
2019-11-25,2.95,3.25,2.95,3.25,3100,BE,10,310.0,3100
2019-11-26,3.1,3.15,3.1,3.15,4,BE,2,2.0,4
2019-11-27,3.1,3.3,3.0,3.3,902,BE,9,100.22,902
2019-11-28,3.25,3.25,3.15,3.15,133,BE,4,33.25,133
2019-11-29,3.15,3.3,3.0,3.1,1806,BE,13,138.92,1806
2019-12-02,3.0,3.0,2.95,3.0,372,BE,6,62.0,372
2019-12-03,2.85,2.85,2.85,2.85,454,BE,3,151.33,454
2019-12-04,2.8,2.8,2.75,2.75,800,BE,5,160.0,800
2019-12-05,2.75,2.75,2.75,2.75,203,BE,3,67.67,203
2019-12-06,2.85,2.85,2.65,2.75,4262,BE,14,304.43,4262
2019-12-10,2.7,2.7,2.65,2.65,1607,EQ,6,267.83,1607
2019-12-11,2.55,2.7,2.55,2.7,1059,EQ,6,176.5,1059
2019-12-12,2.6,2.6,2.6,2.6,299,EQ,2,149.5,299
2019-12-13,2.65,2.7,2.6,2.7,1358,EQ,6,226.33,1354
2019-12-16,2.65,2.65,2.65,2.65,61,EQ,2,30.5,61
2019-12-17,2.75,2.75,2.7,2.7,2,EQ,2,1.0,0
2019-12-18,2.7,2.7,2.7,2.7,98,EQ,2,49.0,98
2019-12-19,2.7,2.8,2.65,2.8,2372,EQ,7,338.86,2122
2019-12-20,2.75,2.9,2.7,2.9,1164,EQ,7,166.29,1162
2019-12-23,2.9,3.0,2.8,2.8,1685,EQ,20,84.25,1247
2019-12-24,2.75,2.9,2.75,2.9,487,EQ,6,81.17,464
2019-12-26,2.9,3.0,2.8,3.0,3694,EQ,18,205.22,3655
2019-12-30,3.15,3.15,3.15,3.15,1305,EQ,3,435.0,1305
2019-12-31,3.0,3.0,3.0,3.0,578,EQ,5,115.6,520
2020-01-01,2.85,3.15,2.85,3.1,4022,EQ,15,268.13,2391
2020-01-02,2.95,3.25,2.95,3.25,379,EQ,8,47.38,360
2020-01-03,3.1,3.15,3.1,3.1,821,EQ,5,164.2,821
2020-01-06,3.1,3.25,2.95,3.0,5359,EQ,21,255.19,5359
2020-01-07,3.0,3.0,2.9,2.9,30,EQ,3,10.0,30
2020-01-08,2.9,3.0,2.8,3.0,6356,EQ,21,302.67,5382
2020-01-09,3.0,3.15,2.85,2.95,4921,EQ,335,14.69,3919
2020-01-10,2.95,2.95,2.95,2.95,58,EQ,3,19.33,58
2020-01-14,2.9,2.9,2.85,2.85,490,EQ,nan,nan,nan
2020-01-15,2.8,2.95,2.8,2.95,2201,EQ,nan,nan,nan
2020-01-16,2.95,3.0,2.95,3.0,1091,EQ,nan,nan,nan
2020-01-17,3.1,3.1,2.95,3.1,210,EQ,nan,nan,nan
2020-01-20,3.0,3.0,3.0,3.0,200,EQ,nan,nan,nan
2020-01-21,2.95,2.95,2.85,2.95,275,EQ,nan,nan,nan
2020-01-22,2.95,2.95,2.95,2.95,400,EQ,nan,nan,nan
2020-01-23,2.9,2.9,2.9,2.9,58,EQ,nan,nan,nan
2020-01-24,2.9,2.9,2.9,2.9,3,EQ,nan,nan,nan
2020-01-27,2.9,2.9,2.8,2.8,837,EQ,nan,nan,nan
2020-01-28,2.8,2.8,2.8,2.8,2812,EQ,nan,nan,nan
2020-01-29,2.7,2.7,2.7,2.7,60,EQ,nan,nan,nan
2020-02-03,2.75,2.75,2.75,2.75,54,EQ,nan,nan,nan
2020-02-05,2.75,2.85,2.75,2.85,116,EQ,nan,nan,nan
2020-02-06,3.0,3.0,3.0,3.0,16,EQ,nan,nan,nan
2020-02-07,3.0,3.0,3.0,3.0,3000,EQ,nan,nan,nan
2020-02-10,3.0,3.0,3.0,3.0,1000,EQ,nan,nan,nan
2020-02-11,2.85,2.85,2.85,2.85,1252,EQ,nan,nan,nan
2020-02-12,2.85,2.85,2.85,2.85,1007,EQ,nan,nan,nan
2020-02-14,2.7,2.7,2.7,2.7,1000,EQ,nan,nan,nan
2020-02-18,2.75,2.75,2.75,2.75,20,EQ,nan,nan,nan
2020-02-19,2.5,2.5,2.5,2.5,900,EQ,nan,nan,nan
2020-02-20,2.5,2.5,2.4,2.4,2383,EQ,nan,nan,nan
2020-02-24,2.3,2.4,2.3,2.4,649,EQ,nan,nan,nan
2020-02-26,2.5,2.5,2.5,2.5,5654,EQ,nan,nan,nan
2020-02-27,2.4,2.4,2.4,2.4,525,EQ,nan,nan,nan
2020-03-02,2.4,2.4,2.4,2.4,250,EQ,nan,nan,nan
2020-03-09,2.3,2.3,2.3,2.3,999,EQ,nan,nan,nan
2020-03-11,2.2,2.2,2.2,2.2,1808,EQ,nan,nan,nan
2020-03-19,2.1,2.1,2.1,2.1,1150,EQ,nan,nan,nan
2020-03-27,2.2,2.2,2.0,2.0,40,EQ,nan,nan,nan
2020-03-30,2.0,2.0,2.0,2.0,1,EQ,nan,nan,nan
2020-03-31,2.0,2.0,2.0,2.0,500,EQ,nan,nan,nan
2020-04-08,2.0,2.0,1.9,1.9,1631,EQ,nan,nan,nan
2020-04-09,1.9,1.9,1.9,1.9,1315,EQ,nan,nan,nan
2020-04-13,1.9,1.9,1.85,1.85,1421,EQ,,,
2020-04-15,1.85,1.85,1.85,1.85,15,EQ,nan,nan,nan
2020-04-16,1.8,1.8,1.8,1.8,3,EQ,nan,nan,nan
2020-04-17,1.8,1.8,1.8,1.8,2659,EQ,nan,nan,nan
2020-04-20,1.8,1.8,1.8,1.8,1,EQ,nan,nan,nan
2020-04-21,1.8,1.8,1.8,1.8,1000,EQ,nan,nan,nan
2020-04-22,1.8,1.8,1.8,1.8,3000,EQ,nan,nan,nan
2020-04-23,1.8,1.8,1.8,1.8,6570,EQ,nan,nan,nan
2020-04-24,1.8,1.8,1.8,1.8,1058,EQ,nan,nan,nan
2020-04-27,1.85,1.85,1.8,1.8,2142,EQ,nan,nan,nan
2020-04-28,1.8,1.8,1.8,1.8,300,EQ,nan,nan,nan
2020-05-15,1.75,1.75,1.75,1.75,9,EQ,nan,nan,nan
2020-05-18,1.7,1.7,1.7,1.7,27,EQ,nan,nan,nan
2020-05-19,1.75,1.75,1.75,1.75,252,EQ,nan,nan,nan
2020-05-20,1.8,1.8,1.75,1.75,54,EQ,nan,nan,nan
2020-05-21,1.8,1.8,1.8,1.8,203,EQ,nan,nan,nan
2020-05-22,1.85,1.85,1.85,1.85,1782,EQ,nan,nan,nan
2020-05-26,1.85,1.85,1.85,1.85,2,EQ,nan,nan,nan
2020-05-27,1.85,1.9,1.8,1.8,3806,EQ,nan,nan,nan
2020-05-28,1.8,1.85,1.8,1.85,209,EQ,nan,nan,nan
2020-05-29,1.85,1.85,1.85,1.85,469,EQ,nan,nan,nan
2020-06-01,1.8,1.8,1.8,1.8,1,EQ,nan,nan,nan
2020-06-02,1.8,1.8,1.8,1.8,1,EQ,nan,nan,nan
2020-06-05,1.85,1.85,1.85,1.85,58,EQ,nan,nan,nan
2020-06-08,1.85,1.85,1.85,1.85,348,EQ,nan,nan,nan
2020-06-09,1.85,1.85,1.85,1.85,1,EQ,nan,nan,nan
2020-06-10,1.9,1.9,1.9,1.9,4,EQ,nan,nan,nan
2020-06-11,1.9,1.9,1.9,1.9,10,EQ,nan,nan,nan
2020-06-15,1.95,1.95,1.95,1.95,10,EQ,nan,nan,nan
2020-06-17,2.0,2.0,2.0,2.0,5,EQ,nan,nan,nan
2020-06-19,2.1,2.1,2.1,2.1,1160,EQ,nan,nan,nan
2020-06-22,2.2,2.2,2.2,2.2,58,EQ,nan,nan,nan
2020-06-23,2.3,2.3,2.3,2.3,183,EQ,nan,nan,nan
2020-06-24,2.4,2.4,2.4,2.4,351,EQ,nan,nan,nan
2020-06-25,2.5,2.5,2.5,2.5,232,EQ,nan,nan,nan
2020-06-26,2.6,2.6,2.6,2.6,464,EQ,nan,nan,nan
2020-07-01,2.7,2.7,2.7,2.7,1131,EQ,nan,nan,nan
2020-07-02,2.8,2.8,2.8,2.8,750,BE,nan,nan,nan
2020-07-03,2.9,2.9,2.9,2.9,750,BE,nan,nan,nan
2020-07-06,3.0,3.0,3.0,3.0,656,BE,nan,nan,nan
2020-07-07,3.15,3.15,3.15,3.15,127,BE,nan,nan,nan
2020-07-08,3.3,3.3,3.3,3.3,390,BE,nan,nan,nan
2020-07-09,3.45,3.45,3.45,3.45,690,BE,nan,nan,nan
2020-07-10,3.45,3.45,3.45,3.45,3736,BE,nan,nan,nan
2020-07-13,3.6,3.6,3.6,3.6,2869,BE,6,478.17,2869
2020-07-14,3.6,3.75,3.5,3.6,3660,BE,17,215.29,3660
2020-07-15,3.55,3.75,3.55,3.65,4909,BE,10,490.9,4909
2020-07-16,3.5,3.8,3.5,3.8,1402,BE,5,280.4,1402
2020-07-17,3.7,3.9,3.7,3.85,639,BE,6,106.5,639
2020-07-20,3.85,3.85,3.7,3.7,1212,BE,9,134.67,1212
2020-07-21,3.6,3.6,3.6,3.6,100,BE,1,100.0,100
2020-07-22,3.6,3.75,3.5,3.75,15250,BE,22,693.18,15250
2020-07-23,3.6,3.8,3.6,3.8,1343,BE,11,122.09,1343
2020-07-24,3.65,3.65,3.65,3.65,50,BE,1,50.0,50
2020-07-27,3.5,3.5,3.5,3.5,200,BE,1,200.0,200
2020-07-28,3.35,3.45,3.35,3.35,560,BE,7,80.0,560
2020-07-29,3.2,3.35,3.2,3.3,287,BE,7,41.0,287
2020-07-30,3.2,3.2,3.15,3.15,1211,BE,5,242.2,1211
2020-07-31,3.0,3.3,3.0,3.0,2724,BE,11,247.64,2724
2020-08-03,3.0,3.0,3.0,3.0,100,BE,2,50.0,100
2020-08-04,3.15,3.15,2.85,2.85,6177,BE,11,561.55,6177
2020-08-05,2.85,2.95,2.85,2.95,1009,BE,5,201.8,1009
2020-08-06,2.85,2.85,2.85,2.85,8000,BE,17,470.59,8000
2020-08-10,2.85,2.95,2.75,2.95,564,BE,7,80.57,564
2020-08-11,2.9,3.05,2.9,3.05,888,BE,10,88.8,888
2020-08-12,3.05,3.15,3.0,3.15,1383,BE,8,172.88,1383
2020-08-13,3.3,3.3,3.3,3.3,2006,BE,7,286.57,2006
2020-08-14,3.45,3.45,3.45,3.45,1630,BE,6,271.67,1630
2020-08-17,3.6,3.6,3.3,3.3,1152,BE,6,192.0,1152
2020-08-18,3.15,3.45,3.15,3.45,2332,EQ,15,155.47,2176
2020-08-19,3.45,3.6,3.45,3.6,5089,EQ,18,282.72,4889
2020-08-20,3.75,3.75,3.45,3.5,5399,EQ,37,145.92,4395
2020-08-21,3.5,3.65,3.35,3.4,2729,EQ,45,60.64,2069
2020-08-24,3.4,3.5,3.25,3.4,6553,EQ,31,211.39,5868
2020-08-25,3.4,3.4,3.25,3.25,10776,EQ,20,538.8,10722
2020-08-26,3.25,3.4,3.1,3.25,11326,EQ,28,404.5,10939
2020-08-27,3.4,3.4,3.15,3.35,3829,EQ,22,174.05,3444
2020-08-28,3.35,3.5,3.2,3.35,6872,EQ,68,101.06,5921
2020-08-31,3.4,3.5,3.2,3.2,5580,EQ,22,253.64,3363
2020-09-01,3.2,3.35,3.05,3.35,1673,EQ,8,209.12,1544
2020-09-02,3.2,3.45,3.2,3.3,2486,EQ,15,165.73,1879
2020-09-03,3.45,3.45,3.15,3.2,8516,EQ,35,243.31,4661
2020-09-04,3.05,3.25,3.05,3.05,5207,EQ,10,520.7,5200
2020-09-07,3.2,3.2,2.9,2.95,5925,EQ,41,144.51,5825
2020-09-08,2.9,3.05,2.85,2.9,9668,EQ,80,120.85,8518
2020-09-09,2.8,3.0,2.8,3.0,2488,EQ,11,226.18,1988
2020-09-10,3.15,3.15,2.85,3.05,3940,EQ,20,197.0,2343
2020-09-11,2.9,3.2,2.9,3.1,13176,EQ,40,329.4,9614
2020-09-14,3.2,3.2,2.95,2.95,11337,EQ,31,365.71,8075
2020-09-15,2.9,3.05,2.85,2.85,6959,EQ,43,161.84,4260
2020-09-16,2.8,2.9,2.8,2.9,1245,EQ,10,124.5,1245
2020-09-17,2.9,3.0,2.8,2.95,10404,EQ,15,693.6,9856
2020-09-18,3.05,3.05,2.85,2.85,5786,EQ,20,289.3,3586
2020-09-21,2.75,2.95,2.75,2.8,4083,EQ,27,151.22,2889
2020-09-22,2.7,2.9,2.7,2.75,2273,EQ,9,252.56,1850
2020-09-23,2.75,2.85,2.7,2.75,1599,EQ,11,145.36,1599
2020-09-24,2.65,2.65,2.65,2.65,151,EQ,2,75.5,151
2020-09-25,2.6,2.65,2.55,2.65,2044,EQ,9,227.11,1844
2020-09-28,2.55,2.75,2.55,2.55,2835,EQ,,,
2020-09-29,2.55,2.55,2.45,2.55,2439,EQ,9,271.0,2439
2020-09-30,2.45,2.65,2.45,2.65,781,EQ,6,130.17,743
2020-10-01,2.75,2.75,2.55,2.7,1241,EQ,4,310.25,1125
2020-10-05,2.75,2.8,2.65,2.75,3611,EQ,7,515.86,2612
2020-10-06,2.7,2.8,2.7,2.8,1286,EQ,10,128.6,1231
2020-10-07,2.7,2.7,2.7,2.7,505,EQ,4,126.25,505
2020-10-08,2.6,2.8,2.6,2.75,1533,EQ,14,109.5,1513
2020-10-14,2.65,2.65,2.65,2.65,116,EQ,nan,nan,nan
2020-10-15,2.65,2.65,2.55,2.55,1063,EQ,nan,nan,nan
2020-10-16,2.45,2.45,2.45,2.45,800,EQ,nan,nan,nan
2020-10-19,2.45,2.45,2.35,2.35,61,EQ,nan,nan,nan
2020-10-20,2.35,2.35,2.35,2.35,100,EQ,nan,nan,nan
2020-10-23,2.45,2.45,2.25,2.45,831,EQ,nan,nan,nan
2020-10-26,2.45,2.45,2.45,2.45,1275,EQ,nan,nan,nan
2020-10-28,2.55,2.55,2.45,2.45,685,EQ,nan,nan,nan
2020-10-29,2.35,2.4,2.35,2.4,157,EQ,nan,nan,nan
2020-10-30,2.4,2.45,2.4,2.45,2041,EQ,nan,nan,nan
2020-11-02,2.55,2.55,2.55,2.55,1251,EQ,nan,nan,nan
2020-11-05,2.45,2.45,2.45,2.45,200,EQ,nan,nan,nan
2020-11-06,2.55,2.55,2.35,2.55,539,EQ,nan,nan,nan
2020-11-09,2.55,2.55,2.45,2.45,1041,EQ,nan,nan,nan
2020-11-10,2.4,2.4,2.4,2.4,25,EQ,nan,nan,nan
2020-11-11,2.35,2.45,2.35,2.45,4129,EQ,nan,nan,nan
2020-11-12,2.35,2.35,2.35,2.35,638,EQ,nan,nan,nan
2020-11-13,2.25,2.45,2.25,2.45,1750,EQ,nan,nan,nan
2020-11-17,2.4,2.55,2.4,2.55,1451,EQ,nan,nan,nan
2020-11-18,2.55,2.55,2.55,2.55,1,EQ,nan,nan,nan
2020-11-19,2.45,2.45,2.45,2.45,2162,EQ,nan,nan,nan
2020-11-20,2.55,2.55,2.55,2.55,358,EQ,nan,nan,nan
2020-11-23,2.65,2.65,2.6,2.6,51,EQ,nan,nan,nan
2020-11-25,2.7,2.7,2.6,2.6,4,EQ,nan,nan,nan
2020-11-26,2.7,2.7,2.6,2.6,3701,EQ,nan,nan,nan
2020-11-27,2.6,2.6,2.6,2.6,2,EQ,nan,nan,nan
2020-12-01,2.6,2.7,2.6,2.7,5152,EQ,nan,nan,nan
2020-12-02,2.6,2.6,2.6,2.6,1,EQ,nan,nan,nan
2020-12-03,2.6,2.7,2.6,2.7,222,EQ,nan,nan,nan
2020-12-04,2.8,2.8,2.6,2.65,502,EQ,nan,nan,nan
2020-12-07,2.75,2.75,2.75,2.75,1,EQ,nan,nan,nan
2020-12-08,2.65,2.65,2.65,2.65,824,EQ,nan,nan,nan
2020-12-09,2.55,2.75,2.55,2.75,1286,EQ,nan,nan,nan
2020-12-10,2.75,2.75,2.75,2.75,181,EQ,nan,nan,nan
2020-12-15,2.85,2.85,2.65,2.85,529,EQ,nan,nan,nan
2020-12-16,2.95,2.95,2.75,2.75,700,EQ,nan,nan,nan
2020-12-18,2.75,2.85,2.75,2.85,300,EQ,nan,nan,nan
2020-12-21,2.95,2.95,2.75,2.9,3018,EQ,nan,nan,nan
2020-12-22,2.8,2.8,2.8,2.8,2010,EQ,nan,nan,nan
2020-12-23,2.75,2.75,2.75,2.75,2,EQ,nan,nan,nan
2020-12-24,2.75,2.75,2.75,2.75,10,EQ,nan,nan,nan
2020-12-28,2.75,2.85,2.75,2.85,60,EQ,nan,nan,nan
2020-12-29,2.95,2.95,2.75,2.9,758,EQ,nan,nan,nan
2020-12-30,2.95,3.0,2.9,2.9,2801,EQ,nan,nan,nan
2020-12-31,3.0,3.0,2.8,3.0,521,EQ,nan,nan,nan
2021-01-01,3.0,3.0,3.0,3.0,2510,EQ,nan,nan,nan
2021-01-04,3.0,3.0,3.0,3.0,200,EQ,nan,nan,nan
2021-01-05,3.15,3.15,3.15,3.15,101,EQ,nan,nan,nan
2021-01-06,3.15,3.15,3.15,3.15,670,EQ,nan,nan,nan
2021-01-07,3.1,3.3,3.1,3.3,3652,EQ,nan,nan,nan
2021-01-08,3.45,3.45,3.15,3.4,4143,EQ,nan,nan,nan
2021-01-11,3.4,3.4,3.25,3.25,3164,EQ,nan,nan,nan
2021-01-12,3.4,3.4,3.1,3.1,945,EQ,nan,nan,nan
2021-01-13,2.95,2.95,2.95,2.95,543,EQ,nan,nan,nan
2021-01-14,2.95,3.05,2.95,3.0,2206,EQ,nan,nan,nan
2021-01-15,3.0,3.0,2.9,3.0,9295,EQ,nan,nan,nan
2021-01-18,3.0,3.0,2.85,2.85,1593,EQ,nan,nan,nan
2021-01-19,2.85,2.85,2.75,2.85,1671,EQ,nan,nan,nan
2021-01-20,2.85,2.85,2.85,2.85,1015,EQ,nan,nan,nan
2021-01-21,2.85,2.85,2.75,2.85,4443,EQ,nan,nan,nan
2021-01-22,2.95,2.95,2.85,2.85,591,EQ,nan,nan,nan
2021-01-25,2.75,2.95,2.75,2.95,70,EQ,nan,nan,nan
2021-01-27,3.05,3.05,3.05,3.05,12,EQ,nan,nan,nan
2021-01-28,2.9,3.2,2.9,3.2,418,EQ,nan,nan,nan
2021-01-29,3.25,3.35,3.05,3.2,6161,EQ,nan,nan,nan
2021-02-01,3.2,3.2,3.05,3.2,440,EQ,nan,nan,nan
2021-02-02,3.3,3.3,3.3,3.3,175,BE,nan,nan,nan
2021-02-04,3.3,3.3,3.3,3.3,1,BE,nan,nan,nan
2021-02-05,3.3,3.3,3.3,3.3,500,BE,nan,nan,nan
2021-02-08,3.3,3.3,3.3,3.3,1,BE,nan,nan,nan
2021-02-09,3.3,3.3,3.15,3.15,120,BE,nan,nan,nan
2021-02-15,3.3,3.3,3.3,3.3,21,BE,nan,nan,nan
2021-02-16,3.25,3.25,3.25,3.25,150,BE,nan,nan,nan
2021-02-17,3.25,3.25,3.25,3.25,1,BE,nan,nan,nan
2021-02-23,3.25,3.25,3.1,3.1,2705,BE,nan,nan,nan
2021-02-25,2.95,3.15,2.95,3.15,2448,BE,nan,nan,nan
2021-02-26,3.0,3.0,3.0,3.0,262,BE,nan,nan,nan
2021-03-02,3.0,3.15,2.9,3.15,8909,BE,nan,nan,nan
2021-03-05,3.1,3.1,3.0,3.0,732,BE,nan,nan,nan
2021-03-08,3.0,3.0,3.0,3.0,1,BE,nan,nan,nan
2021-03-10,3.0,3.0,3.0,3.0,210,BE,nan,nan,nan
2021-03-12,3.15,3.15,3.15,3.15,200,BE,nan,nan,nan
2021-03-16,3.3,3.3,3.3,3.3,170,BE,nan,nan,nan
2021-03-17,3.3,3.3,3.3,3.3,300,BE,nan,nan,nan
2021-03-26,3.15,3.15,3.15,3.15,1500,BE,nan,nan,nan
2021-04-07,3.0,3.0,3.0,3.0,150010,BE,nan,nan,nan
2021-04-08,3.0,3.0,2.9,2.9,126000,BE,nan,nan,nan
2021-04-09,2.8,2.8,2.8,2.8,529,BE,nan,nan,nan
2021-04-12,2.8,2.8,2.8,2.8,1009,BE,7,144.14,1009
2021-04-13,2.8,2.9,2.7,2.7,803,BE,8,100.38,803
2021-04-15,2.8,2.8,2.7,2.7,564,BE,5,112.8,564
2021-04-16,2.8,2.8,2.7,2.7,280,BE,7,40.0,280
2021-04-19,2.7,2.7,2.6,2.6,568,BE,3,189.33,568
2021-04-20,2.7,2.7,2.6,2.6,3287,BE,14,234.79,3287
2021-04-22,2.7,2.7,2.6,2.6,906,BE,12,75.5,906
2021-04-23,2.55,2.55,2.55,2.55,928,BE,5,185.6,928
2021-04-26,2.55,2.65,2.5,2.65,735,BE,8,91.88,735
2021-04-27,2.65,2.75,2.65,2.75,9245,EQ,18,513.61,9174
2021-04-28,2.75,2.85,2.75,2.85,2933,EQ,6,488.83,2933
2021-04-29,2.95,2.95,2.8,2.95,764,EQ,9,84.89,702
2021-04-30,3.0,3.05,2.85,2.95,6686,EQ,16,417.88,6682
2021-05-03,3.05,3.05,3.05,3.05,2721,EQ,14,194.36,2621
2021-05-04,3.05,3.2,3.05,3.2,132,EQ,2,66.0,132
2021-05-05,3.3,3.35,3.2,3.35,3832,EQ,14,273.71,2782
2021-05-06,3.5,3.5,3.5,3.5,324,EQ,5,64.8,324
2021-05-07,3.65,3.65,3.65,3.65,3890,EQ,8,486.25,3890
2021-05-10,3.8,3.8,3.8,3.8,2910,EQ,16,181.88,2910
2021-05-11,3.95,3.95,3.95,3.95,3139,EQ,11,285.36,3139
2021-05-12,4.1,4.1,4.1,4.1,836,EQ,7,119.43,836
2021-05-14,4.3,4.3,4.3,4.3,7514,EQ,12,626.17,7514
2021-05-17,4.5,4.5,4.5,4.5,233,EQ,4,58.25,233
2021-05-18,4.7,4.7,4.7,4.7,1034,EQ,4,258.5,1034
2021-05-19,4.9,4.9,4.9,4.9,1444,EQ,11,131.27,1444
2021-05-20,5.1,5.1,5.1,5.1,986,BE,8,123.25,986
2021-05-21,5.35,5.35,5.35,5.35,555,BE,6,92.5,555
2021-05-24,5.6,5.6,5.6,5.6,2946,BE,20,147.3,2946
2021-05-25,5.85,5.85,5.85,5.85,2131,BE,8,266.38,2131
2021-05-26,6.1,6.1,6.1,6.1,535,BE,5,107.0,535
2021-05-27,6.4,6.4,6.1,6.4,31961,BE,75,426.15,31961
2021-05-28,6.6,6.7,6.1,6.45,10096,BE,76,132.84,10096
2021-05-31,6.6,6.75,6.15,6.2,10222,BE,45,227.16,10222
2021-06-01,6.35,6.5,5.9,5.9,14229,BE,50,284.58,14229
2021-06-02,5.9,5.9,5.65,5.8,40553,BE,51,795.16,40553
2021-06-03,5.8,6.05,5.55,5.9,14040,BE,55,255.27,14040
2021-06-04,6.15,6.15,5.65,5.85,21731,BE,73,297.68,21731
2021-06-07,5.75,6.1,5.6,6.1,73379,BE,937,78.31,73379
2021-06-08,6.25,6.4,6.2,6.4,29900,BE,172,173.84,29900
2021-06-09,6.7,6.7,6.6,6.7,14723,BE,92,160.03,14723
2021-06-10,6.5,6.5,6.4,6.4,42512,BE,267,159.22,42512
2021-06-11,6.3,6.3,6.1,6.1,28078,BE,138,203.46,28078
2021-06-14,6.0,6.0,5.8,5.85,18945,BE,178,106.43,18945
2021-06-15,5.6,6.1,5.6,5.9,45258,BE,158,286.44,45258
2021-06-16,6.1,6.15,5.85,5.95,14322,BE,109,131.39,14322
2021-06-17,6.2,6.2,5.7,6.0,21225,BE,115,184.57,21225
2021-06-18,6.1,6.1,5.7,5.75,9649,BE,78,123.71,9649
2021-06-21,5.9,6.0,5.5,6.0,43437,BE,115,377.71,43437
2021-06-22,6.25,6.25,5.7,6.0,57739,BE,203,284.43,57739
2021-06-23,6.15,6.25,5.7,5.8,30057,BE,87,345.48,30057
2021-06-24,5.75,6.05,5.75,5.85,32642,BE,66,494.58,32642
2021-06-25,5.7,6.1,5.6,5.7,22301,BE,71,314.1,22301
2021-06-28,5.6,5.95,5.5,5.65,14932,BE,77,193.92,14932
2021-06-29,5.6,5.85,5.4,5.5,12960,BE,57,227.37,12960
2021-06-30,5.45,5.75,5.45,5.75,15104,BE,47,321.36,15104
2021-07-01,5.5,6.0,5.5,5.75,17180,BE,70,245.43,17180
2021-07-02,5.55,6.0,5.55,5.65,5786,BE,44,131.5,5786
2021-07-05,5.55,5.9,5.5,5.7,5332,BE,52,102.54,5332
2021-07-06,5.95,5.95,5.55,5.6,10654,BE,49,217.43,10654
2021-07-07,5.85,5.85,5.4,5.45,13405,BE,45,297.89,13405
2021-07-08,5.25,5.7,5.2,5.7,24921,BE,89,280.01,24921
2021-07-09,5.75,5.95,5.45,5.5,19319,BE,62,311.6,19319
2021-07-12,5.5,5.75,5.25,5.65,25688,BE,64,401.38,25688
2021-07-13,5.55,5.65,5.4,5.4,6648,BE,37,179.68,6648
2021-07-14,5.15,5.6,5.15,5.2,15149,BE,63,240.46,15149
2021-07-15,5.45,5.45,4.95,5.15,13427,BE,40,335.68,13427
2021-07-16,4.9,5.4,4.9,5.15,7422,BE,48,154.62,7422
2021-07-19,5.25,5.4,4.9,5.2,11399,BE,52,219.21,11399
2021-07-20,5.1,5.35,4.95,5.2,15205,EQ,52,292.4,12150
2021-07-22,5.45,5.45,4.95,5.05,10583,EQ,70,151.19,8044
2021-07-23,5.2,5.3,4.8,5.05,20380,EQ,82,248.54,13980
2021-07-26,4.8,5.3,4.8,5.1,27095,EQ,143,189.48,21805
2021-07-27,5.3,5.3,4.95,5.05,13386,EQ,143,93.61,4545
2021-07-28,5.15,5.3,4.9,5.2,14693,EQ,63,233.22,8744
2021-07-29,5.3,5.45,5.05,5.45,47798,EQ,143,334.25,32685
2021-07-30,5.45,5.7,5.3,5.65,36838,EQ,105,350.84,25110
2021-08-02,5.9,5.9,5.4,5.5,30101,EQ,112,268.76,18547
2021-08-03,5.4,5.65,5.3,5.5,27079,EQ,73,370.95,15848
2021-08-04,5.6,5.6,5.35,5.35,10531,EQ,51,206.49,8098
2021-08-05,5.15,5.45,5.15,5.35,6512,EQ,33,197.33,3008
2021-08-06,5.45,5.45,5.05,5.3,5629,EQ,56,100.52,3033
2021-08-09,5.45,5.45,4.85,4.9,24759,EQ,73,339.16,15108
2021-08-10,5.2,5.2,4.7,4.9,25228,EQ,90,280.31,5455
2021-08-11,5.0,5.0,4.6,4.8,33952,EQ,66,514.42,5148
2021-08-12,5.1,5.1,4.7,4.75,8583,EQ,63,136.24,8056
2021-08-13,4.7,5.1,4.7,4.85,28150,EQ,100,281.5,7854
2021-08-16,4.75,4.95,4.75,4.75,9104,EQ,71,128.23,5517
2021-08-17,4.7,5.2,4.4,5.2,48179,EQ,93,518.05,23149
2021-08-18,5.65,5.7,5.3,5.7,27355,EQ,112,244.24,25058
2021-08-20,6.25,6.25,6.25,6.25,43401,EQ,95,456.85,40923
2021-08-23,6.55,6.55,6.55,6.55,13999,EQ,71,197.17,13996
2021-08-24,6.75,6.85,6.25,6.25,94002,EQ,201,467.67,57564
2021-08-25,6.0,6.0,5.95,5.95,19159,EQ,68,281.75,18455
2021-08-26,5.7,6.15,5.7,6.15,22803,EQ,66,345.5,20399
2021-08-27,6.05,6.2,5.85,5.85,21037,EQ,76,276.8,19419
2021-08-30,5.75,5.9,5.6,5.7,13594,EQ,105,129.47,11465
2021-08-31,5.6,5.85,5.5,5.55,14823,EQ,78,190.04,9961
2021-09-01,5.8,5.8,5.4,5.6,9401,EQ,68,138.25,5661
2021-09-02,5.85,5.85,5.35,5.75,22993,EQ,84,273.73,15590
2021-09-03,5.85,5.95,5.55,5.8,12123,EQ,65,186.51,11301
2021-09-06,6.05,6.05,5.6,5.8,20538,EQ,54,380.33,16777
2021-09-07,5.95,6.05,5.55,5.85,42214,EQ,113,373.58,36230
2021-09-08,5.85,6.1,5.65,6.1,48760,EQ,76,641.58,38152
2021-09-09,6.2,6.4,6.1,6.4,16489,EQ,68,242.49,15295
2021-09-13,6.7,6.7,6.7,6.7,9721,EQ,45,216.02,9721
2021-09-14,7.0,7.0,7.0,7.0,16548,EQ,34,486.71,16548
2021-09-15,7.35,7.35,7.35,7.35,3729,EQ,26,143.42,3729
2021-09-16,7.7,7.7,7.65,7.7,45339,EQ,139,326.18,41442
2021-09-17,8.05,8.05,7.35,7.45,141816,EQ,391,362.7,97083
2021-09-20,7.1,7.6,7.1,7.1,41508,EQ,144,288.25,30988
2021-09-21,7.1,7.15,6.8,6.95,10613,EQ,91,116.63,6912
2021-09-22,7.2,7.2,6.8,7.05,27537,EQ,90,305.97,20206
2021-09-23,7.4,7.4,6.8,7.15,34733,BE,64,542.7,34733
2021-09-24,7.4,7.5,6.95,7.5,36465,BE,79,461.58,36465
2021-09-27,7.5,7.85,7.5,7.85,56353,BE,142,396.85,56353
2021-09-28,7.5,7.5,7.5,7.5,6723,BE,24,280.12,6723
2021-09-29,7.65,7.65,7.15,7.15,9940,BE,37,268.65,9940
2021-09-30,6.8,7.05,6.8,7.0,12408,BE,61,203.41,12408
2021-10-01,6.95,6.95,6.65,6.8,23360,BE,54,432.59,23360
2021-10-04,6.7,7.1,6.5,6.6,10990,BE,67,164.03,10990
2021-10-05,6.9,6.9,6.3,6.8,19209,BE,53,362.43,19209
2021-10-06,6.95,6.95,6.5,6.75,10158,BE,61,166.52,10158
2021-10-07,6.45,6.95,6.45,6.85,13418,BE,51,263.1,13418
2021-10-08,7.0,7.0,6.55,6.95,14191,BE,62,228.89,14191
2021-10-11,6.95,6.95,6.65,6.7,9095,BE,65,139.92,9095
2021-10-12,6.7,7.0,6.4,6.85,21535,BE,71,303.31,21535
2021-10-13,6.6,7.15,6.6,6.75,15495,BE,87,178.1,15495
2021-10-14,6.75,6.95,6.45,6.65,19449,BE,68,286.01,19449
2021-10-18,6.65,6.95,6.35,6.35,40207,BE,88,456.9,40207
2021-10-19,6.65,6.65,6.35,6.4,10469,BE,83,126.13,10469
2021-10-20,6.55,6.6,6.1,6.45,5364,BE,57,94.11,5364
2021-10-21,6.35,6.7,6.15,6.2,11902,BE,60,198.37,11902
2021-10-22,6.2,6.5,5.9,5.9,17155,BE,65,263.92,17155
2021-10-25,5.7,6.15,5.7,6.15,8885,BE,62,143.31,8885
2021-10-26,6.4,6.4,5.85,6.0,6617,BE,70,94.53,6617
2021-10-27,6.05,6.2,5.7,5.9,10191,BE,86,118.5,10191
2021-10-28,6.15,6.15,5.65,5.95,24625,BE,85,289.71,24625
2021-10-29,5.85,6.1,5.7,5.95,12753,BE,67,190.34,12753
2021-11-01,5.85,6.2,5.85,6.05,4259,BE,38,112.08,4259
2021-11-02,6.2,6.2,5.75,6.15,5893,BE,36,163.69,5893
2021-11-03,6.15,6.4,5.85,6.05,9142,BE,42,217.67,9142
2021-11-04,6.35,6.35,6.0,6.15,2672,BE,42,63.62,2672
2021-11-08,6.15,6.15,5.85,5.9,7300,BE,71,102.82,7300
2021-11-09,6.1,6.15,5.75,6.1,31453,BE,92,341.88,31453
2021-11-10,6.15,6.15,5.8,6.0,3605,BE,46,78.37,3605
2021-11-11,5.9,6.25,5.9,6.1,10330,BE,30,344.33,10330
2021-11-12,6.3,6.3,5.8,5.8,20910,BE,72,290.42,20910
2021-11-15,5.8,5.95,5.65,5.8,6071,BE,51,119.04,6071
2021-11-16,5.95,6.0,5.75,5.8,18503,BE,45,411.18,18503
2021-11-17,6.0,6.0,5.6,5.9,15247,BE,45,338.82,15247
2021-11-18,5.95,6.1,5.7,5.95,7216,BE,56,128.86,7216
2021-11-22,5.95,5.95,5.7,5.9,14335,BE,34,421.62,14335
2021-11-23,5.9,5.95,5.65,5.8,3498,BE,31,112.84,3498
2021-11-24,6.0,6.0,5.55,5.75,7383,BE,49,150.67,7383
2021-11-25,6.0,6.0,5.6,5.7,3776,BE,61,61.9,3776
2021-11-26,5.7,5.9,5.7,5.7,14778,BE,37,399.41,14778
2021-11-29,5.7,5.85,5.45,5.7,10208,BE,65,157.05,10208
2021-11-30,5.6,5.6,5.45,5.6,8562,BE,42,203.86,8562
2021-12-01,5.5,5.6,5.35,5.6,8867,BE,30,295.57,8867
2021-12-02,5.75,5.75,5.4,5.55,4219,BE,51,82.73,4219
2021-12-03,5.7,5.7,5.3,5.5,3879,BE,29,133.76,3879
2021-12-06,5.4,5.65,5.25,5.6,9166,BE,52,176.27,9166
2021-12-07,5.5,5.85,5.35,5.4,9264,BE,62,149.42,9264
2021-12-08,5.65,5.65,5.3,5.65,5537,BE,57,97.14,5537
2021-12-09,5.9,5.9,5.4,5.6,5015,BE,47,106.7,5015
2021-12-10,5.8,5.85,5.4,5.75,10682,BE,65,164.34,10682
2021-12-13,5.9,5.9,5.5,5.7,9646,BE,71,135.86,9646
2021-12-14,5.9,5.9,5.5,5.6,13496,BE,56,241.0,13496
2021-12-15,5.85,5.85,5.35,5.7,13585,BE,61,222.7,13585
2021-12-16,5.9,5.9,5.45,5.55,25993,BE,93,279.49,25993
2021-12-17,5.8,5.8,5.35,5.7,4396,BE,58,75.79,4396
2021-12-20,5.7,5.95,5.45,5.95,69410,BE,92,754.46,69410
2021-12-21,6.2,6.2,5.95,6.2,84840,BE,149,569.4,84840
2021-12-22,6.45,6.5,6.0,6.45,42871,BE,120,357.26,42871
2021-12-23,6.75,6.75,6.15,6.7,41555,BE,139,298.96,41555
2021-12-24,7.0,7.0,6.45,6.8,47999,BE,160,299.99,47999
2021-12-27,7.1,7.1,6.8,7.1,37958,BE,118,321.68,37958
2021-12-28,7.25,7.45,6.9,7.45,27176,BE,114,238.39,27176
2021-12-29,7.8,7.8,7.15,7.8,86976,BE,153,568.47,86976
2021-12-30,8.1,8.15,7.85,8.15,61201,BE,187,327.28,61201
2021-12-31,8.5,8.55,8.5,8.55,15314,BE,89,172.07,15314
2022-01-03,8.95,8.95,8.75,8.95,35021,BE,145,241.52,35021
2022-01-04,8.55,9.35,8.55,9.15,155504,EQ,502,309.77,108164
2022-01-05,9.5,9.55,8.7,9.05,103290,EQ,439,235.28,64344
2022-01-06,8.6,9.15,8.6,8.8,88724,EQ,427,207.78,63231
2022-01-07,9.0,9.1,8.6,8.7,69002,EQ,325,212.31,41793
2022-01-10,9.0,9.1,8.7,9.0,78144,EQ,308,253.71,60526
2022-01-11,9.05,9.45,8.6,8.65,78062,EQ,368,212.12,59654
2022-01-12,8.85,8.85,8.25,8.25,40841,EQ,225,181.52,30430
2022-01-13,8.5,8.65,7.85,7.9,58061,EQ,291,199.52,37688
2022-01-14,7.75,8.2,7.55,7.85,91911,EQ,310,296.49,42345
2022-01-17,8.2,8.2,8.0,8.2,27251,EQ,115,236.97,24728
2022-01-18,8.6,8.6,8.2,8.6,57389,EQ,212,270.7,40136
2022-01-19,9.0,9.0,8.35,9.0,75921,EQ,336,225.96,65690
2022-01-20,9.2,9.4,8.55,8.6,60244,EQ,292,206.32,38966
2022-01-21,8.25,8.75,8.2,8.2,31778,EQ,173,183.69,21194
2022-01-24,8.4,8.4,7.8,7.8,13918,EQ,109,127.69,11318
2022-01-25,7.8,7.8,7.45,7.45,15413,EQ,73,211.14,15412
2022-01-27,7.15,7.15,7.1,7.1,13891,EQ,89,156.08,13391
2022-01-28,6.85,6.85,6.75,6.75,94454,EQ,230,410.67,82561
2022-01-31,6.75,6.9,6.45,6.75,52360,EQ,166,315.42,45460
2022-02-01,6.95,6.95,6.6,6.7,28603,EQ,135,211.87,26463
2022-02-02,7.0,7.0,6.5,7.0,27932,EQ,107,261.05,27403
2022-02-03,7.15,7.35,7.0,7.35,31670,EQ,135,234.59,29769
2022-02-04,7.7,7.7,7.7,7.7,12538,EQ,62,202.23,12526
2022-02-07,8.05,8.05,7.9,8.05,24745,EQ,83,298.13,21733
2022-02-08,8.45,8.45,7.65,7.65,39418,EQ,203,194.18,31278
2022-02-09,7.3,7.8,7.3,7.4,20387,EQ,96,212.36,13152
2022-02-10,7.05,7.75,7.05,7.75,46339,EQ,112,413.74,36605
2022-02-11,7.95,8.1,7.4,8.1,49746,EQ,199,249.98,28917
2022-02-14,8.2,8.5,8.1,8.5,53325,EQ,236,225.95,38146
2022-02-15,8.9,8.9,8.7,8.9,43591,EQ,229,190.35,42761
2022-02-16,9.3,9.3,9.3,9.3,66865,EQ,135,495.3,63613
2022-02-17,9.75,9.75,9.3,9.75,124060,EQ,360,344.61,83904
2022-02-18,10.2,10.2,10.0,10.2,99850,EQ,262,381.11,76106
2022-02-21,10.7,10.7,10.7,10.7,28679,EQ,113,253.8,28679
2022-02-22,11.2,11.2,11.2,11.2,67690,EQ,189,358.15,66940
2022-02-23,11.75,11.75,11.75,11.75,9548,EQ,28,341.0,9548
2022-02-24,12.3,12.3,11.2,12.05,132380,BE,327,404.83,132380
2022-02-25,12.65,12.65,11.45,11.45,46805,BE,335,139.72,46805
2022-02-28,10.95,10.95,10.9,10.9,7779,BE,55,141.44,7779
2022-03-02,10.4,10.4,10.4,10.4,3601,BE,28,128.61,3601
2022-03-03,10.0,10.0,9.9,9.9,10023,BE,60,167.05,10023
2022-03-04,9.45,9.45,9.45,9.45,1524,BE,31,49.16,1524
2022-03-07,9.1,9.1,9.0,9.0,3518,BE,,,
2022-03-08,8.55,8.55,8.55,8.55,9911,BE,40,247.78,9911
2022-03-09,8.15,8.95,8.15,8.5,141778,BE,181,783.3,141778
2022-03-10,8.6,8.9,8.6,8.9,27383,BE,52,526.6,27383
2022-03-11,9.3,9.3,9.3,9.3,77403,BE,52,1488.52,77403
2022-03-14,9.75,9.75,9.75,9.75,39617,BE,71,557.99,39617
2022-03-15,10.2,10.2,10.2,10.2,12628,BE,43,293.67,12628
2022-03-16,10.7,10.7,10.7,10.7,4201,BE,41,102.46,4201
2022-03-17,11.2,11.2,10.2,10.2,93134,BE,133,700.26,93134
2022-03-21,9.8,9.95,9.7,9.7,43320,BE,110,393.82,43320
2022-03-22,9.4,10.15,9.25,10.0,39864,BE,100,398.64,39864
2022-03-23,10.5,10.5,9.65,10.2,22048,BE,77,286.34,22048
2022-03-24,9.9,10.5,9.7,9.7,12057,BE,63,191.38,12057
2022-03-25,9.7,10.15,9.35,10.15,34324,BE,63,544.83,34324
2022-03-28,10.65,10.65,10.65,10.65,43937,BE,109,403.09,43937
2022-03-29,11.15,11.15,11.15,11.15,37292,EQ,114,327.12,37038
2022-03-30,11.7,11.7,11.7,11.7,14470,EQ,77,187.92,13970
2022-03-31,12.25,12.25,11.75,12.2,15197,EQ,104,146.12,15139
2022-04-01,12.8,12.8,12.8,12.8,25164,EQ,72,349.5,22164
2022-04-04,13.4,13.4,13.4,13.4,15593,EQ,83,187.87,15593
2022-04-05,14.05,14.05,14.05,14.05,23599,EQ,57,414.02,23599
2022-04-06,14.75,14.75,13.35,14.4,211884,EQ,405,523.17,187448
2022-04-07,14.95,14.95,13.7,13.7,76299,EQ,205,372.19,64139
2022-04-08,13.05,13.75,13.05,13.1,80555,EQ,202,398.79,72534
2022-04-11,13.15,13.75,12.75,13.75,67736,EQ,229,295.79,49883
2022-04-12,14.25,14.25,13.15,13.2,15762,EQ,111,142.0,10922
2022-04-13,13.85,13.85,12.85,12.95,36202,EQ,119,304.22,27752
2022-04-18,13.55,13.55,12.6,13.55,32310,EQ,187,172.78,25303
2022-04-19,13.55,14.2,13.55,14.15,40647,EQ,230,176.73,32154
2022-04-20,14.85,14.85,13.5,14.5,60879,EQ,221,275.47,34729
2022-04-21,14.95,14.95,13.8,13.8,45014,EQ,186,242.01,30178
2022-04-22,13.4,14.35,13.15,13.3,34543,EQ,110,314.03,22942
2022-04-25,13.6,13.6,12.75,12.8,35978,EQ,151,238.26,25481
2022-04-26,12.35,13.3,12.2,12.2,28125,EQ,144,195.31,19888
2022-04-27,12.45,12.5,11.6,11.7,20691,EQ,106,195.2,14116
2022-04-28,11.7,11.7,11.2,11.2,24177,EQ,102,237.03,18638
2022-04-29,11.7,11.75,10.9,11.75,25862,EQ,83,311.59,19783
2022-05-02,12.3,12.3,11.75,12.3,22573,EQ,66,342.02,15412
2022-05-04,12.9,12.9,12.9,12.9,10741,EQ,34,315.91,9138
2022-05-05,13.5,13.5,13.5,13.5,15021,EQ,38,395.29,14784
2022-05-06,14.15,14.15,12.85,12.9,103214,EQ,330,312.77,50940
2022-05-09,13.25,13.25,12.3,12.3,20831,EQ,113,184.35,12049
2022-05-10,11.75,12.6,11.7,12.05,55143,EQ,154,358.07,25394
2022-05-12,11.65,11.65,10.9,10.9,13978,EQ,56,249.61,9579
2022-05-13,10.9,11.4,10.4,11.0,26115,EQ,156,167.4,10040
2022-05-16,11.55,11.55,10.45,10.7,19820,EQ,96,206.46,9996
2022-05-17,10.95,11.2,10.35,10.9,28068,EQ,143,196.28,12336
2022-05-18,11.25,11.25,10.6,10.85,17662,EQ,104,169.83,8952
2022-05-19,10.55,11.35,10.5,10.9,17088,EQ,80,213.6,7736
2022-05-20,10.9,11.4,10.6,11.0,14562,EQ,114,127.74,8371
2022-05-23,11.55,11.55,10.6,10.8,9009,EQ,49,183.86,3201
2022-05-24,10.6,11.25,10.3,10.3,13418,EQ,65,206.43,7478
2022-05-25,10.0,10.8,9.9,10.8,21874,EQ,76,287.82,12231
2022-05-26,11.3,11.3,10.55,11.25,21993,EQ,144,152.73,12265
2022-05-27,11.15,11.8,10.8,11.8,40957,EQ,129,317.5,29939
2022-05-30,12.15,12.35,11.35,12.35,8710,EQ,78,111.67,8218
2022-05-31,12.95,12.95,11.8,12.5,20803,EQ,118,176.3,11761
2022-06-01,13.0,13.0,12.0,12.1,10507,EQ,60,175.12,4603
2022-06-02,12.0,12.7,11.95,12.7,34307,EQ,126,272.28,20358
2022-06-03,13.3,13.3,12.35,13.1,21234,EQ,92,230.8,12878
2022-06-06,13.1,13.5,12.45,12.65,21744,EQ,127,171.21,12045
2022-06-07,12.1,13.0,12.1,12.5,20533,EQ,76,270.17,10051
2022-06-08,12.1,12.95,12.1,12.55,16566,EQ,84,197.21,9043
2022-06-09,12.3,12.9,12.0,12.55,17879,EQ,74,241.61,9554
2022-06-10,12.8,12.8,12.3,12.45,9570,EQ,50,191.4,2749
2022-06-13,12.45,12.85,12.05,12.55,26554,EQ,131,202.7,14098
2022-06-14,12.3,12.75,11.95,12.55,21695,EQ,114,190.31,10851
2022-06-15,12.55,12.8,12.0,12.6,25466,EQ,99,257.23,11595
2022-06-16,13.0,13.0,12.2,12.45,21262,EQ,106,200.58,14210
2022-06-17,12.0,12.7,11.9,12.25,29532,EQ,194,152.23,13802
2022-06-20,12.3,12.6,11.65,11.65,26418,EQ,108,244.61,19774
2022-06-21,11.65,11.9,11.3,11.8,14049,EQ,67,209.69,6248
2022-06-22,11.8,12.1,11.25,11.3,18212,EQ,75,242.83,10088
2022-06-23,11.0,11.35,10.9,11.0,13363,EQ,77,173.55,5235
2022-06-24,11.0,11.5,10.95,11.05,6956,EQ,35,198.74,5161
2022-06-27,11.05,11.6,10.75,10.9,17317,EQ,103,168.13,9375
2022-06-28,10.7,11.2,10.6,11.1,16512,EQ,62,266.32,10382
2022-06-29,11.0,11.65,10.75,11.4,39695,EQ,105,378.05,33101
2022-06-30,11.65,11.9,10.85,10.85,33798,EQ,109,310.07,26847
2022-07-01,10.7,10.7,10.35,10.35,56524,EQ,57,991.65,49713
2022-07-04,10.2,10.5,9.95,10.0,13886,EQ,56,247.96,9151
2022-07-05,9.6,10.5,9.6,10.5,6143,EQ,37,166.03,6132
2022-07-06,10.85,11.0,10.1,11.0,26386,EQ,148,178.28,20026
2022-07-07,11.55,11.55,10.7,11.15,24570,EQ,85,289.06,18459
2022-07-08,11.25,11.7,11.15,11.7,10855,EQ,28,387.68,10827
2022-07-11,11.7,12.25,11.7,12.25,12720,EQ,38,334.74,10897
2022-07-12,12.85,12.85,12.85,12.85,14062,EQ,31,453.61,10288
2022-07-13,13.45,13.45,12.25,12.4,24475,EQ,167,146.56,15275
2022-07-14,12.4,12.75,11.8,12.4,16922,EQ,96,176.27,8648
2022-07-15,12.1,12.8,11.85,12.1,24267,EQ,155,156.56,17059
2022-07-18,12.45,12.7,11.65,12.7,22837,EQ,189,120.83,16509
2022-07-19,12.6,13.2,12.15,13.0,19915,EQ,138,144.31,8697
2022-07-20,12.7,13.2,12.6,13.0,15074,EQ,99,152.26,8572
2022-07-21,13.0,13.1,12.7,12.8,10167,EQ,118,86.16,4092
2022-07-22,13.0,13.0,12.25,12.4,14608,EQ,129,113.24,7447
2022-07-25,12.15,12.15,11.8,11.8,8546,EQ,58,147.34,6487
2022-07-26,11.95,12.15,11.4,12.0,11575,EQ,143,80.94,3959
2022-07-27,12.2,12.3,11.4,11.4,15272,EQ,75,203.63,7383
2022-07-28,11.4,11.9,11.1,11.5,11750,EQ,80,146.88,7547
2022-07-29,11.7,11.7,11.25,11.45,4764,EQ,46,103.57,1031
2022-08-01,11.25,12.0,10.9,11.2,14921,EQ,124,120.33,4098
2022-08-02,10.9,11.5,10.85,11.15,9183,EQ,47,195.38,3954
2022-08-03,10.95,11.4,10.6,11.0,12749,EQ,105,121.42,4667
2022-08-04,11.1,11.25,10.7,11.05,11650,EQ,83,140.36,5552
2022-08-05,11.15,11.15,10.5,10.9,16420,EQ,126,130.32,4114
2022-08-08,10.5,10.95,10.35,10.55,14529,EQ,,,
2022-08-10,10.55,10.9,10.0,10.55,17488,EQ,125,139.9,6395
2022-08-11,10.55,11.15,10.55,10.6,10129,EQ,91,111.31,3586
2022-08-12,10.3,10.7,10.1,10.55,13299,EQ,86,154.64,4244
2022-08-16,10.5,10.6,9.8,10.1,12919,EQ,98,131.83,5564
2022-08-17,10.1,10.7,9.6,10.4,12882,EQ,97,132.8,6373
2022-08-18,10.45,11.2,10.3,11.0,26542,EQ,105,252.78,14407
2022-08-19,11.95,11.95,9.9,11.15,11738,EQ,75,156.51,6047
2022-08-22,10.95,12.25,10.9,11.4,22185,EQ,147,150.92,9802
2022-08-23,11.65,11.95,11.35,11.65,16115,EQ,95,169.63,8810
2022-08-24,12.0,12.05,11.5,11.6,10062,EQ,99,101.64,5281
2022-08-25,11.25,11.4,10.9,11.25,11973,EQ,68,176.07,6512
2022-08-26,11.15,11.75,11.05,11.35,11171,EQ,64,174.55,4648
2022-08-29,10.8,11.35,10.35,10.6,13411,EQ,81,165.57,6423
2022-08-30,11.0,11.65,10.3,11.05,15432,EQ,88,175.36,9892
2022-09-01,11.55,11.95,10.75,11.05,11263,EQ,109,103.33,6059
2022-09-02,11.95,12.15,11.95,12.15,34449,EQ,163,211.34,29437
2022-09-05,12.15,13.35,12.15,12.35,67064,EQ,433,154.88,39435
2022-09-06,13.4,13.4,11.8,12.05,22778,EQ,167,136.4,11405
2022-09-07,12.45,12.85,11.1,11.85,30195,EQ,197,153.27,12668
2022-09-08,11.5,13.0,11.5,12.25,22138,EQ,170,130.22,7888
2022-09-09,12.25,13.05,11.7,12.1,10500,EQ,79,132.91,5221
2022-09-12,12.2,12.95,11.55,11.75,21421,EQ,131,163.52,7421
2022-09-13,11.65,12.55,11.1,11.5,26581,EQ,169,157.28,11671
2022-09-14,12.6,12.6,11.45,11.6,6414,EQ,93,68.97,3117
2022-09-15,12.0,12.0,10.8,11.0,24014,EQ,178,134.91,13864
2022-09-16,11.45,12.1,10.7,11.2,41677,EQ,181,230.26,10630
2022-09-19,11.9,11.9,11.0,11.0,13895,EQ,91,152.69,6398
2022-09-20,11.05,11.7,10.75,10.85,12233,EQ,130,94.1,6832
2022-09-21,11.25,11.25,10.5,10.85,16096,EQ,76,211.79,4301
2022-09-22,11.05,11.05,9.85,10.65,29348,EQ,229,128.16,13599
2022-09-23,10.45,10.95,10.1,10.4,17688,EQ,88,201.0,4589
2022-09-26,9.9,10.85,9.75,10.3,10722,EQ,91,117.82,3173
2022-09-27,10.5,10.65,9.8,10.2,13025,EQ,67,194.4,2865
2022-09-28,10.7,10.7,9.95,10.15,10665,EQ,69,154.57,1730
2022-09-29,10.05,10.55,10.0,10.4,6747,EQ,64,105.42,1693
2022-09-30,10.55,10.55,10.1,10.2,14736,EQ,80,184.2,4572
2022-10-03,9.9,11.1,9.9,10.05,31106,EQ,188,165.46,17869
2022-10-04,10.35,10.5,9.75,9.95,16629,EQ,285,58.35,7235
2022-10-06,9.75,10.4,9.75,10.05,18028,EQ,211,85.44,6713
2022-10-07,10.0,10.25,9.75,10.1,17489,EQ,209,83.68,3331
2022-10-10,10.4,10.4,9.7,10.1,10197,EQ,154,66.21,4453
2022-10-11,10.2,10.25,9.9,9.9,6510,EQ,29,224.48,4450
2022-10-12,9.9,10.25,9.7,9.9,13211,EQ,95,139.06,5902
2022-10-13,10.15,10.25,9.65,10.05,52277,EQ,271,192.9,7423
2022-10-14,10.05,10.15,9.7,9.85,10599,EQ,63,168.24,6135
2022-10-17,9.4,9.85,9.0,9.3,24022,EQ,181,132.72,13194
2022-10-18,9.7,10.9,8.5,10.25,26411,EQ,110,240.1,12313
2022-10-19,10.4,10.7,9.3,9.85,25322,EQ,149,169.95,13229
2022-10-20,9.85,11.8,9.5,11.8,74246,EQ,225,329.98,50191
2022-10-21,13.95,14.15,13.95,14.15,47851,EQ,122,392.22,37178
2022-10-24,14.4,15.55,14.4,15.55,220856,EQ,776,284.61,119903
2022-10-25,16.45,17.1,14.35,14.6,332830,EQ,1323,251.57,141534
2022-10-27,14.05,14.5,13.15,13.15,89069,EQ,553,161.07,51479
2022-10-28,12.5,14.45,12.5,14.45,73097,EQ,334,218.85,48990
2022-10-31,14.7,15.4,13.35,13.5,90783,EQ,489,185.65,40527
2022-11-01,13.9,14.8,12.3,13.6,83642,EQ,422,198.2,41231
2022-11-02,13.6,13.8,12.5,12.75,40750,EQ,246,165.65,24649
2022-11-03,12.25,13.3,12.15,13.1,9849,BE,65,151.52,9849
2022-11-04,13.0,13.0,12.45,12.5,8724,BE,65,134.22,8724
2022-11-07,12.75,12.75,11.9,12.0,16335,BE,89,183.54,16335
2022-11-09,11.5,11.9,11.45,11.5,8991,BE,78,115.27,8991
2022-11-10,11.0,11.65,10.95,11.15,14038,BE,57,246.28,14038
2022-11-11,11.15,11.25,10.65,10.75,2762,BE,53,52.11,2762
2022-11-14,10.95,11.1,10.35,10.8,8048,BE,65,123.82,8048
2022-11-15,10.9,10.95,10.4,10.45,12398,BE,65,190.74,12398
2022-11-16,10.45,10.6,10.0,10.4,3771,BE,51,73.94,3771
2022-11-17,10.45,10.7,10.05,10.15,10959,BE,55,199.25,10959
2022-11-18,10.65,10.65,10.2,10.5,10148,BE,58,174.97,10148
2022-11-21,10.5,10.85,10.05,10.6,5951,BE,47,126.62,5951
2022-11-22,10.4,10.7,10.25,10.4,4694,BE,49,95.8,4694
2022-11-23,10.2,10.75,10.2,10.35,4667,BE,40,116.68,4667
2022-11-24,10.65,10.65,10.2,10.5,6957,BE,56,124.23,6957
2022-11-25,10.35,10.65,10.2,10.5,4761,BE,43,110.72,4761
2022-11-28,10.5,10.5,10.0,10.25,12088,BE,66,183.15,12088
2022-11-29,10.0,10.4,9.9,10.25,5542,BE,40,138.55,5542
2022-11-30,10.35,10.35,9.8,10.05,10444,BE,49,213.14,10444
2022-12-01,10.15,10.4,9.8,10.25,11550,BE,50,231.0,11550
2022-12-02,10.25,10.25,9.95,10.1,15977,BE,46,347.33,15977
2022-12-05,10.1,10.35,9.85,10.3,6155,BE,60,102.58,6155
2022-12-06,9.85,10.5,9.85,10.25,3624,EQ,59,61.42,3486
2022-12-07,10.45,10.75,10.15,10.75,32990,EQ,75,439.87,25606
2022-12-08,11.25,11.25,11.25,11.25,11519,EQ,27,426.63,11519
2022-12-09,11.6,11.8,11.25,11.8,17770,EQ,116,153.19,14011
2022-12-12,12.2,12.35,11.35,11.7,35363,EQ,266,132.94,19764
2022-12-13,11.95,11.95,11.15,11.4,21591,EQ,153,141.12,11773
2022-12-14,11.8,11.8,11.15,11.6,13042,EQ,99,131.74,9139
2022-12-15,11.7,11.7,11.15,11.4,8798,EQ,98,89.78,4326
2022-12-16,11.4,11.6,11.0,11.2,9798,EQ,76,128.92,4202
2022-12-19,11.2,11.5,11.1,11.4,7983,EQ,69,115.7,5667
2022-12-20,11.4,11.55,11.0,11.2,27390,EQ,90,304.33,17766
2022-12-21,10.85,11.35,10.85,11.1,9062,EQ,76,119.24,3211
2022-12-22,11.3,11.3,10.55,10.7,9992,EQ,80,124.9,6775
2022-12-23,10.2,10.8,10.2,10.2,14486,EQ,110,131.69,7578
2022-12-26,10.2,10.6,9.85,10.2,13564,EQ,93,145.85,5168
2022-12-27,10.55,10.7,10.1,10.3,12375,EQ,107,115.65,6678
2022-12-28,10.8,10.8,10.15,10.4,33867,EQ,260,130.26,2956
2022-12-29,10.65,10.9,10.65,10.9,3831,EQ,37,103.54,3556
2022-12-30,10.9,11.4,10.75,10.9,46470,EQ,177,262.54,10124
2023-01-02,10.95,10.95,10.65,10.75,11548,EQ,104,111.04,7795
2023-01-03,10.45,11.15,10.45,10.8,6906,EQ,59,117.05,4361
2023-01-04,10.8,10.8,10.6,10.65,3189,EQ,31,102.87,2061
2023-01-05,10.9,10.9,10.35,10.5,79548,EQ,194,410.04,5791
2023-01-06,10.4,10.7,10.4,10.6,3569,EQ,33,108.15,1724
2023-01-09,10.75,11.1,10.3,10.65,25684,EQ,101,254.3,6813
2023-01-10,10.85,11.15,10.65,11.1,7647,EQ,45,169.93,6643
2023-01-11,11.2,11.4,10.65,10.95,11019,EQ,60,183.65,6759
2023-01-12,10.95,11.1,10.75,11.05,8820,EQ,65,135.69,6458
2023-01-13,11.05,11.45,10.8,10.85,16358,EQ,66,247.85,2199
2023-01-16,10.8,11.05,10.55,10.8,13255,EQ,73,181.58,2475
2023-01-17,10.6,11.1,10.6,10.7,15457,EQ,74,208.88,3804
2023-01-18,10.6,10.95,10.4,10.65,17851,EQ,64,278.92,6337
2023-01-19,10.6,10.9,10.5,10.8,8577,EQ,45,190.6,5125
2023-01-20,10.9,11.0,10.3,10.35,55121,EQ,127,434.02,43337
2023-01-23,10.5,10.55,9.85,10.4,28436,EQ,121,235.01,8429
2023-01-24,10.5,10.5,10.0,10.1,8392,EQ,65,129.11,6535
2023-01-25,10.2,10.35,9.6,9.75,22315,EQ,91,245.22,5154
2023-01-27,10.15,10.15,9.3,9.45,16534,EQ,101,163.7,7007
2023-01-30,9.45,9.8,9.0,9.05,44815,EQ,190,235.87,14892
2023-01-31,9.35,9.35,8.8,9.2,22551,EQ,87,259.21,7786
2023-02-01,9.45,9.5,9.05,9.1,27081,EQ,109,248.45,4096
2023-02-02,9.1,9.35,9.0,9.1,4644,EQ,70,66.34,1194
2023-02-03,9.3,9.35,8.95,9.2,17801,EQ,149,119.47,2647
2023-02-06,9.4,9.4,8.8,8.85,38293,EQ,326,117.46,13046
2023-02-07,9.0,9.4,8.25,8.8,22969,EQ,110,208.81,2305
2023-02-08,9.25,9.25,8.6,9.1,96268,EQ,220,437.58,4525
2023-02-09,8.85,9.1,8.3,8.8,7061,EQ,294,24.02,5766
2023-02-10,9.2,9.2,8.6,9.0,2473,EQ,232,10.66,1980
2023-02-13,8.9,9.2,8.55,9.0,29935,EQ,87,344.08,16714
2023-02-14,9.0,9.3,8.65,8.75,4118,EQ,69,59.68,1754
2023-02-15,8.4,9.25,8.4,8.55,6110,EQ,87,70.23,2409
2023-02-16,8.55,9.2,8.55,8.7,3825,EQ,339,11.28,3059
2023-02-17,8.95,9.3,8.25,8.65,4586,EQ,80,57.32,1836
2023-02-20,8.95,9.1,8.45,8.55,8204,EQ,234,35.06,5509
2023-02-21,9.2,9.2,8.6,8.95,14116,EQ,103,137.05,2245
2023-02-22,8.9,9.1,8.6,8.9,2569,EQ,33,77.85,383
2023-02-23,8.55,9.2,8.5,8.75,4687,EQ,71,66.01,3105
2023-02-24,8.9,8.95,8.75,8.85,8475,EQ,59,143.64,8362
2023-02-27,9.0,9.05,8.6,8.65,5048,EQ,134,37.67,4652
2023-02-28,8.7,9.0,8.6,8.6,2047,EQ,46,44.5,1470
2023-03-01,8.65,8.95,8.6,8.9,5787,EQ,69,83.87,4416
2023-03-02,8.9,9.0,8.8,8.8,1591,EQ,30,53.03,1436
2023-03-03,8.9,9.0,8.3,8.6,8885,EQ,66,134.62,7253
2023-03-06,9.0,9.35,8.7,8.95,16571,EQ,113,146.65,12732
2023-03-08,8.95,9.25,8.4,8.75,5229,EQ,63,83.0,4181
2023-03-09,8.9,8.95,8.6,8.6,5907,EQ,37,159.65,5886
2023-03-10,8.65,9.0,8.5,8.85,1739,EQ,31,56.1,678
2023-03-13,8.55,9.15,8.2,8.4,12899,EQ,250,51.6,7342
2023-03-14,8.8,9.2,8.5,8.6,8436,EQ,112,75.32,2606
2023-03-15,8.8,8.9,8.4,8.6,5516,EQ,55,100.29,3986
2023-03-16,8.5,8.6,8.3,8.55,1671,EQ,32,52.22,1639
2023-03-17,8.5,8.65,8.1,8.45,2549,EQ,55,46.35,1316
2023-03-20,8.2,8.85,8.2,8.2,2621,EQ,55,47.65,2207
2023-03-21,8.35,8.4,7.9,8.15,2594,EQ,51,50.86,2575
2023-03-22,8.15,8.45,7.65,8.05,1183,EQ,45,26.29,881
2023-03-23,7.4,8.6,7.4,8.0,14957,EQ,113,132.36,9784
2023-03-24,7.35,8.2,7.35,7.6,3428,EQ,97,35.34,2039
2023-03-27,7.6,7.6,7.05,7.2,11649,EQ,261,44.63,10313
2023-03-28,7.0,7.25,6.6,6.8,2571,EQ,66,38.95,2303
2023-03-29,6.8,7.45,6.8,7.1,1819,EQ,31,58.68,1449
2023-03-31,6.5,7.55,6.5,6.6,7671,EQ,91,84.3,7135
2023-04-03,7.0,7.25,6.65,7.2,5117,EQ,66,77.53,4693
2023-04-05,7.2,7.9,7.2,7.9,19656,EQ,72,273.0,17727
2023-04-06,8.65,8.65,8.65,8.65,5695,EQ,49,116.22,5695
2023-04-10,9.0,9.05,8.7,9.05,7011,EQ,43,163.05,7011
2023-04-11,9.5,9.5,9.45,9.5,22846,EQ,49,466.24,22835
2023-04-12,9.95,9.95,9.15,9.8,34346,EQ,117,293.56,27457
2023-04-13,10.0,10.25,9.35,10.25,39077,EQ,162,241.22,29717
2023-04-17,10.7,10.75,10.1,10.2,11153,EQ,160,69.71,7385
2023-04-18,10.2,10.2,9.8,9.9,7709,EQ,62,124.34,7622
2023-04-19,9.95,10.35,9.7,10.3,24696,EQ,87,283.86,22592
2023-04-20,9.8,10.8,9.8,10.65,13349,BE,80,166.86,13349
2023-04-21,10.95,10.95,10.15,10.2,4612,BE,36,128.11,4612
2023-04-24,10.7,10.7,9.95,10.0,2407,BE,27,89.15,2407
2023-04-25,10.5,10.5,9.65,10.05,9173,BE,49,187.2,9173
2023-04-26,9.65,10.5,9.65,9.75,1617,BE,30,53.9,1617
2023-04-27,10.0,10.0,9.8,9.9,1275,BE,15,85.0,1275
2023-04-28,9.95,9.95,9.4,9.85,3084,BE,26,118.62,3084
2023-05-02,9.85,9.85,9.35,9.5,2124,BE,27,78.67,2124
2023-05-03,9.4,9.5,9.35,9.4,2654,BE,20,132.7,2654
2023-05-04,9.35,9.65,9.0,9.15,5013,BE,29,172.86,5013
2023-05-05,9.05,9.3,9.0,9.0,8551,BE,20,427.55,8551
2023-05-08,9.0,9.45,9.0,9.45,2514,BE,14,179.57,2514
2023-05-09,9.9,9.9,9.5,9.85,10770,BE,39,276.15,10770
2023-05-10,10.0,10.0,9.75,9.85,3271,BE,16,204.44,3271
2023-05-11,9.95,9.95,9.35,9.8,1888,BE,21,89.9,1888
2023-05-12,9.9,9.9,9.35,9.35,1881,BE,27,69.67,1881
2023-05-15,9.35,9.4,9.05,9.15,2041,BE,18,113.39,2041
2023-05-16,9.0,9.25,9.0,9.25,2921,BE,20,146.05,2921
2023-05-17,9.45,9.45,9.25,9.25,3120,BE,13,240.0,3120
2023-05-18,9.25,9.4,8.9,9.0,2295,BE,22,104.32,2295
2023-05-19,9.05,9.05,8.65,8.9,5384,BE,35,153.83,5384
2023-05-22,8.9,9.15,8.5,8.7,7007,BE,25,280.28,7007
2023-05-23,8.55,9.05,8.35,8.5,14521,EQ,81,179.27,12286
2023-05-24,8.6,8.7,8.3,8.65,1842,EQ,55,33.49,1387
2023-05-25,8.8,8.8,8.45,8.75,1781,EQ,36,49.47,1644
2023-05-26,8.9,9.1,8.45,8.75,9239,EQ,40,230.98,5805
2023-05-29,8.75,9.1,8.5,8.7,4330,EQ,75,57.73,3370
2023-05-30,8.7,8.7,8.5,8.55,6537,EQ,43,152.02,5461
2023-05-31,8.55,8.75,8.45,8.6,2110,EQ,25,84.4,1799
2023-06-01,8.6,8.9,8.5,8.55,3604,EQ,35,102.97,2179
2023-06-02,8.6,8.9,8.4,8.5,7735,EQ,56,138.12,5687
2023-06-05,8.75,8.9,8.5,8.75,6301,EQ,45,140.02,5973
2023-06-06,8.45,9.15,8.45,9.0,2176,EQ,45,48.36,2114
2023-06-07,9.05,9.05,8.65,8.8,15079,EQ,68,221.75,11979
2023-06-08,9.0,9.5,8.65,9.15,13272,EQ,94,141.19,10537
2023-06-09,8.4,9.8,8.4,9.4,8242,EQ,70,117.74,5201
2023-06-12,9.8,9.8,8.7,9.0,15053,EQ,121,124.4,7477
2023-06-13,9.7,9.7,9.05,9.4,6653,EQ,121,54.98,3828
2023-06-14,9.8,9.8,9.0,9.55,19912,EQ,103,193.32,13677
2023-06-15,9.3,9.75,9.25,9.6,8497,EQ,89,95.47,4165
2023-06-16,9.75,9.75,9.25,9.45,10218,EQ,81,126.15,5121
2023-06-19,9.05,9.8,8.8,9.15,15127,EQ,144,105.05,5320
2023-06-20,9.6,10.05,9.1,10.0,23300,EQ,292,79.79,19384
2023-06-21,10.0,11.0,9.95,10.3,83475,EQ,379,220.25,48112
2023-06-22,10.3,10.85,9.55,10.0,48260,EQ,193,250.05,21649
2023-06-23,10.0,10.35,9.3,9.55,22238,EQ,106,209.79,12776
2023-06-26,10.45,10.45,9.6,9.85,19515,EQ,120,162.62,7359
2023-06-27,9.7,10.4,9.4,9.65,11559,EQ,118,97.96,7341
2023-06-28,10.5,10.5,9.2,9.35,13793,EQ,165,83.59,8605
2023-06-30,9.35,10.0,9.25,9.75,17996,EQ,132,136.33,12860
2023-07-03,10.5,10.5,9.45,9.95,18179,EQ,146,124.51,5427
2023-07-04,10.05,10.4,9.55,9.8,23947,EQ,111,215.74,11176
2023-07-05,10.0,10.2,9.7,9.9,12009,EQ,105,114.37,6142
2023-07-06,10.2,10.2,9.6,9.8,13049,EQ,87,149.99,7945
2023-07-07,9.85,10.0,9.7,9.8,25752,EQ,70,367.89,12014
2023-07-10,9.8,10.7,9.35,9.9,15837,EQ,132,119.98,10787
2023-07-11,9.5,10.55,9.5,9.55,21046,EQ,155,135.78,12123
2023-07-12,9.6,9.95,9.5,9.75,9824,EQ,132,74.42,5719
2023-07-13,10.0,10.0,9.6,9.6,3641,EQ,65,56.02,3004
2023-07-14,9.65,10.3,9.2,9.65,20735,EQ,108,191.99,8225
2023-07-17,9.8,9.9,9.0,9.2,45816,EQ,183,250.36,31167
2023-07-18,9.3,9.5,9.1,9.3,25394,EQ,125,203.15,17724
2023-07-19,9.5,9.65,9.0,9.5,24666,EQ,124,198.92,12181
2023-07-20,9.6,9.6,9.4,9.4,6025,EQ,55,109.55,5522
2023-07-21,9.4,9.8,9.4,9.65,15386,EQ,104,147.94,13432
2023-07-24,9.9,9.9,9.35,9.7,9686,EQ,91,106.44,6643
2023-07-25,9.75,9.75,9.4,9.5,4103,EQ,37,110.89,3576
2023-07-26,9.45,10.45,9.35,10.4,71643,EQ,203,352.92,56581
2023-07-27,10.95,10.95,9.7,9.75,28628,EQ,220,130.13,18450
2023-07-28,10.0,10.15,9.65,9.8,21383,EQ,149,143.51,15018
2023-07-31,10.7,10.75,10.0,10.15,43308,EQ,200,216.54,23597
2023-08-01,10.85,10.85,10.2,10.4,17556,EQ,154,114.0,15670
2023-08-02,10.4,10.5,10.15,10.3,15032,EQ,111,135.42,13067
2023-08-03,10.15,10.5,10.15,10.3,13708,EQ,96,142.79,12194
2023-08-04,10.25,11.3,10.2,10.9,77840,EQ,262,297.1,41881
2023-08-07,10.9,13.05,10.9,13.05,228993,EQ,602,380.39,139190
2023-08-08,13.6,15.65,13.1,14.85,772330,EQ,2831,272.81,261820
2023-08-09,15.25,15.35,14.1,14.9,158749,EQ,725,218.96,71060
2023-08-10,14.95,14.95,14.1,14.15,62428,EQ,311,200.73,42726
2023-08-11,14.5,14.5,13.45,13.45,7694,BE,69,111.51,7694
2023-08-14,13.45,13.45,12.8,12.8,15071,BE,50,301.42,15071
2023-08-16,12.5,12.8,12.2,12.2,22319,BE,110,202.9,22319
2023-08-17,12.1,12.4,11.6,12.1,25918,BE,136,190.57,25918
2023-08-18,11.7,12.7,11.7,12.15,10495,BE,59,177.88,10495
2023-08-21,12.5,12.75,12.4,12.75,20189,BE,28,721.04,20189
2023-08-22,13.05,13.35,13.05,13.35,4461,BE,24,185.88,4461
2023-08-23,14.0,14.0,14.0,14.0,2861,BE,20,143.05,2861
2023-08-24,14.3,14.7,13.6,14.7,24894,BE,68,366.09,24894
2023-08-25,14.7,14.7,14.4,14.4,2403,BE,15,160.2,2403
2023-08-28,14.15,14.15,14.15,14.15,4174,BE,14,298.14,4174
2023-08-29,14.1,14.1,13.9,13.9,4145,BE,13,318.85,4145
2023-08-30,13.65,13.65,13.65,13.65,5409,BE,16,338.06,5409
2023-08-31,13.4,13.7,13.4,13.4,2502,BE,15,166.8,2502
2023-09-01,13.6,13.6,13.25,13.25,4044,BE,15,269.6,4044
2023-09-04,13.25,13.25,13.25,13.25,4248,BE,24,177.0,4248
2023-09-05,13.25,13.25,13.0,13.0,1840,BE,17,108.24,1840
2023-09-06,13.0,13.0,13.0,13.0,2809,BE,20,140.45,2809
2023-09-07,13.0,13.0,12.75,12.8,2293,BE,17,134.88,2293
2023-09-08,12.6,12.6,12.55,12.6,7978,BE,20,398.9,7978
2023-09-11,12.55,12.55,12.4,12.4,5017,BE,20,250.85,5017
2023-09-12,12.5,12.6,12.4,12.4,4021,BE,15,268.07,4021
2023-09-13,12.15,12.15,12.15,12.15,3216,BE,6,536.0,3216
2023-09-14,12.15,12.15,12.05,12.15,1987,BE,14,141.93,1987
2023-09-15,12.15,12.15,12.0,12.0,1639,BE,11,149.0,1639
2023-09-18,12.0,12.2,12.0,12.2,4594,BE,15,306.27,4594
2023-09-20,12.2,12.2,12.2,12.2,3460,BE,10,346.0,3460
2023-09-21,12.2,12.25,12.2,12.25,3760,BE,14,268.57,3760
2023-09-22,12.25,12.25,12.0,12.0,6869,BE,9,763.22,6869
2023-09-25,12.0,12.2,11.85,11.85,31818,BE,15,2121.2,31818
2023-09-26,12.05,12.05,12.05,12.05,9022,BE,18,501.22,9022
2023-09-27,12.25,12.25,12.25,12.25,29375,BE,22,1335.23,29375
2023-09-28,12.25,12.25,12.0,12.0,1601,BE,9,177.89,1601
2023-09-29,12.0,12.0,12.0,12.0,4594,BE,12,382.83,4594
2023-10-03,11.8,12.55,11.45,11.95,12570,BE,61,206.07,12570
2023-10-04,12.25,12.5,11.65,12.0,7926,BE,41,193.32,7926
2023-10-05,12.0,12.45,11.4,12.0,10815,BE,44,245.8,10815
2023-10-06,11.45,12.05,11.45,12.0,9114,BE,42,217.0,9114
2023-10-09,12.0,12.45,11.8,11.8,3245,BE,32,101.41,3245
2023-10-10,12.0,12.2,11.5,11.8,3933,BE,32,122.91,3933
2023-10-11,12.35,12.35,11.3,12.0,14468,BE,47,307.83,14468
2023-10-12,12.0,12.55,11.55,12.0,7275,BE,39,186.54,7275
2023-10-13,12.55,12.6,12.0,12.6,15752,BE,49,321.47,15752
2023-10-16,13.2,13.2,13.05,13.2,23327,BE,60,388.78,23327
2023-10-17,13.8,13.85,13.0,13.85,21534,BE,78,276.08,21534
2023-10-18,14.5,14.5,13.5,13.9,25929,BE,77,336.74,25929
2023-10-19,13.65,13.8,13.65,13.8,3970,BE,11,360.91,3970
2023-10-20,14.05,14.05,14.05,14.05,31341,BE,34,921.79,31341
2023-10-23,14.05,14.3,14.0,14.15,12381,BE,30,412.7,12381
2023-10-25,14.4,14.4,14.05,14.4,24079,BE,36,668.86,24079
2023-10-26,14.15,14.65,14.15,14.2,9401,BE,17,553.0,9401
2023-10-27,14.2,14.45,14.2,14.45,9268,BE,25,370.72,9268
2023-10-30,14.2,14.7,14.2,14.7,9355,BE,18,519.72,9355
2023-10-31,14.7,14.95,14.7,14.95,8190,BE,28,292.5,8190
2023-11-01,15.2,15.2,15.2,15.2,12312,BE,20,615.6,12312
2023-11-02,15.1,15.5,14.9,15.2,21956,BE,36,609.89,21956
2023-11-03,15.0,15.5,15.0,15.4,3709,BE,13,285.31,3709
2023-11-06,15.4,15.4,15.1,15.1,3741,BE,14,267.21,3741
2023-11-07,15.1,15.1,14.8,14.8,4922,BE,17,289.53,4922
2023-11-08,14.6,14.6,14.5,14.5,6649,BE,11,604.45,6649
2023-11-09,14.25,14.5,14.25,14.25,7145,BE,15,476.33,7145
2023-11-10,14.25,14.25,14.0,14.0,110,BE,3,36.67,110
2023-11-12,13.9,13.9,13.9,13.9,10,BE,1,10.0,10
2023-11-13,13.9,14.1,13.9,14.1,7715,BE,22,350.68,7715
2023-11-15,14.1,14.3,14.1,14.3,19221,BE,23,835.7,19221
2023-11-16,14.1,14.5,14.1,14.5,2779,BE,13,213.77,2779
2023-11-17,14.5,14.75,14.3,14.75,19482,BE,22,885.55,19482
2023-11-20,14.75,15.0,14.45,14.5,15146,BE,23,658.52,15146
2023-11-21,14.75,14.75,14.75,14.75,16479,BE,18,915.5,16479
2023-11-22,15.0,15.0,14.75,15.0,28453,BE,18,1580.72,28453
2023-11-23,15.3,15.3,15.0,15.0,14490,BE,26,557.31,14490
2023-11-24,14.7,15.3,14.7,15.3,3323,BE,12,276.92,3323
2023-11-28,16.0,16.05,15.0,16.05,18428,BE,86,214.28,18428
2023-11-29,16.85,16.85,15.3,16.25,20159,BE,99,203.63,20159
2023-11-30,15.6,15.8,15.45,15.5,22796,BE,58,393.03,22796
2023-12-01,15.0,15.75,14.75,14.8,11199,BE,46,243.46,11199
2023-12-04,15.4,15.4,14.1,14.3,2591,BE,35,74.03,2591
2023-12-05,14.6,15.0,14.0,14.25,33223,BE,47,706.87,33223
2023-12-06,14.1,14.85,14.1,14.65,1541,BE,32,48.16,1541
2023-12-07,14.65,14.65,14.05,14.1,22603,BE,79,286.11,22603
2023-12-08,14.1,14.35,14.1,14.2,23581,BE,59,399.68,23581
2023-12-11,14.8,14.85,14.2,14.25,12478,BE,45,277.29,12478
2023-12-12,14.8,14.8,14.0,14.6,23880,BE,55,434.18,23880
2023-12-13,15.0,15.2,14.15,14.3,18001,BE,64,281.27,18001
2023-12-14,14.35,14.9,14.05,14.3,10266,BE,61,168.3,10266
2023-12-15,14.3,14.35,13.8,13.85,9143,BE,57,160.4,9143
2023-12-18,13.85,14.45,13.6,14.3,19872,BE,57,348.63,19872
2023-12-19,14.3,14.3,13.8,14.1,5912,BE,49,120.65,5912
2023-12-20,14.1,14.2,13.9,13.95,8366,BE,53,157.85,8366
2023-12-21,13.95,14.4,13.75,13.95,4038,BE,20,201.9,4038
2023-12-22,13.75,14.3,13.75,13.9,10462,BE,51,205.14,10462
2023-12-26,14.45,14.45,13.7,13.85,6394,BE,69,92.67,6394
2023-12-27,13.85,14.5,13.85,14.45,12497,BE,109,114.65,12497
2023-12-28,14.55,14.55,14.3,14.3,2796,BE,24,116.5,2796
2023-12-29,15.0,15.0,14.3,15.0,12286,BE,52,236.27,12286
2024-01-01,15.75,15.75,15.75,15.75,6281,BE,17,369.47,6281
2024-01-02,16.5,16.5,16.5,16.5,10983,BE,33,332.82,10983
2024-01-03,17.3,17.3,17.3,17.3,30256,BE,51,593.25,30256
2024-01-04,18.15,18.15,18.15,18.15,17475,BE,37,472.3,17475
2024-01-05,18.8,19.05,18.55,19.05,30398,BE,138,220.28,30398
2024-01-08,20.0,20.0,18.35,20.0,40626,BE,324,125.39,40626
2024-01-09,21.0,21.0,20.2,21.0,23046,BE,89,258.94,23046
2024-01-10,22.05,22.05,22.05,22.05,4904,BE,23,213.22,4904
2024-01-11,23.15,23.15,23.15,23.15,6261,BE,34,184.15,6261
2024-01-12,24.3,24.3,24.3,24.3,12129,BE,58,209.12,12129
2024-01-15,25.45,25.5,25.45,25.5,11814,BE,54,218.78,11814
2024-01-16,26.75,26.75,26.75,26.75,25803,BE,52,496.21,25803
2024-01-17,28.05,28.05,27.5,28.05,24461,BE,91,268.8,24461
2024-01-18,29.45,29.45,29.45,29.45,8336,BE,21,396.95,8336
2024-01-19,30.9,30.9,30.9,30.9,4208,BE,29,145.1,4208
2024-01-20,32.4,32.4,32.4,32.4,5506,BE,30,183.53,5506
2024-01-23,34.0,34.0,34.0,34.0,27674,BE,50,553.48,27674
2024-01-24,35.7,35.7,34.5,35.7,91539,BE,197,464.66,91539
2024-01-25,36.4,36.4,36.4,36.4,18783,BE,37,507.65,18783
2024-01-29,37.1,37.1,37.1,37.1,7136,BE,27,264.3,7136
2024-01-30,37.8,37.8,37.8,37.8,6287,BE,34,184.91,6287
2024-01-31,38.55,38.55,38.55,38.55,7621,BE,26,293.12,7621
2024-02-01,39.3,39.3,39.3,39.3,2970,BE,20,148.5,2970
2024-02-02,40.05,40.05,40.05,40.05,4773,BE,10,477.3,4773
2024-02-05,40.85,40.85,40.85,40.85,5285,BE,20,264.25,5285
2024-02-06,41.65,41.65,41.65,41.65,5629,BE,16,351.81,5629
2024-02-07,42.45,42.45,42.45,42.45,3609,BE,13,277.62,3609
2024-02-08,43.25,43.25,43.25,43.25,6518,BE,26,250.69,6518
2024-02-09,44.1,44.1,44.1,44.1,3287,BE,25,131.48,3287
2024-02-12,44.95,44.95,43.25,43.25,34062,BE,81,420.52,34062
2024-02-13,42.4,42.4,42.4,42.4,5376,BE,28,192.0,5376
2024-02-14,41.55,41.55,41.55,41.55,13011,BE,53,245.49,13011
2024-02-15,40.75,40.75,40.75,40.75,2455,BE,15,163.67,2455
2024-02-16,39.95,39.95,39.95,39.95,1885,BE,9,209.44,1885
2024-02-19,39.15,39.15,39.15,39.15,3187,BE,9,354.11,3187
2024-02-20,38.4,38.4,38.4,38.4,2906,BE,7,415.14,2906
2024-02-21,37.65,37.65,37.65,37.65,11,BE,2,5.5,11
2024-02-22,36.9,36.9,36.9,36.9,4951,BE,9,550.11,4951
2024-02-23,36.2,36.2,36.2,36.2,1292,BE,10,129.2,1292
2024-02-26,35.5,35.5,35.5,35.5,3627,BE,8,453.38,3627
2024-02-27,34.8,34.8,34.8,34.8,5811,BE,9,645.67,5811
2024-02-28,34.1,34.1,34.1,34.1,1040,BE,9,115.56,1040
2024-02-29,33.45,33.45,33.45,33.45,2011,BE,13,154.69,2011
2024-03-01,32.8,32.8,32.8,32.8,2149,BE,5,429.8,2149
2024-03-02,32.8,34.4,31.2,31.2,26310,BE,82,320.85,26310
2024-03-04,29.65,31.2,29.65,29.65,12035,BE,89,135.22,12035
2024-03-05,28.2,28.2,28.2,28.2,2299,BE,25,91.96,2299
2024-03-06,26.8,26.8,26.8,26.8,2065,BE,14,147.5,2065
2024-03-07,25.5,25.5,25.5,25.5,3065,BE,22,139.32,3065
2024-03-11,25.5,25.5,24.25,24.25,9601,BE,63,152.4,9601
2024-03-12,23.05,23.05,23.05,23.05,2674,BE,17,157.29,2674
2024-03-13,21.9,24.0,21.9,22.1,82526,BE,327,252.37,82526
2024-03-14,21.2,23.2,21.2,23.2,39337,BE,169,232.76,39337
2024-03-15,23.25,24.35,23.25,24.35,7618,BE,29,262.69,7618
2024-03-18,24.65,25.55,24.65,25.55,12127,BE,59,205.54,12127
2024-03-19,26.75,26.8,26.2,26.8,6534,BE,42,155.57,6534
2024-03-20,28.1,28.1,28.1,28.1,1978,BE,21,94.19,1978
2024-03-21,27.55,28.65,27.55,28.65,17428,BE,50,348.56,17428
2024-03-22,29.2,29.2,29.2,29.2,7398,BE,53,139.58,7398
2024-03-26,29.2,29.75,29.2,29.75,4244,BE,17,249.65,4244
2024-03-27,30.3,30.3,30.3,30.3,1491,BE,15,99.4,1491
2024-03-28,30.9,30.9,30.85,30.9,3371,BE,25,134.84,3371
2024-04-01,31.5,31.5,31.5,31.5,3337,BE,13,256.69,3337
2024-04-02,32.1,32.1,32.1,32.1,3493,BE,22,158.77,3493
2024-04-03,32.7,32.7,32.7,32.7,1413,BE,13,108.69,1413
2024-04-04,33.35,33.35,32.05,32.05,2843,BE,22,129.23,2843
2024-04-05,31.4,32.0,31.4,32.0,12800,BE,38,336.84,12800
2024-04-08,31.4,32.0,31.4,31.5,5961,BE,36,165.58,5961
2024-04-09,30.9,31.95,30.9,30.95,10117,BE,38,266.24,10117
2024-04-10,30.95,30.95,30.35,30.35,4305,BE,16,269.06,4305
2024-04-12,30.0,30.0,29.75,29.8,8377,BE,27,310.26,8377
2024-04-15,29.8,29.9,29.8,29.9,4137,BE,15,275.8,4137
2024-04-16,29.9,29.9,29.3,29.3,3239,BE,16,202.44,3239
2024-04-18,29.3,29.3,29.3,29.3,23,BE,2,11.5,23
2024-04-19,28.75,28.8,28.75,28.8,8681,BE,19,456.89,8681
2024-04-22,28.8,28.8,28.8,28.8,2313,BE,13,177.92,2313
2024-04-23,28.8,29.0,28.8,29.0,1955,BE,7,279.29,1955
2024-04-24,28.45,29.55,28.45,29.55,7256,BE,31,234.06,7256
2024-04-25,29.55,30.1,29.55,30.1,2883,BE,8,360.38,2883
2024-04-26,30.7,30.7,30.7,30.7,2538,BE,7,362.57,2538
2024-04-29,32.2,32.2,32.2,32.2,11095,BE,34,326.32,11095
2024-04-30,33.8,33.8,33.8,33.8,4872,BE,18,270.67,4872
2024-05-02,35.45,35.45,35.45,35.45,3061,BE,22,139.14,3061
2024-05-03,37.2,37.2,36.0,37.2,30240,BE,153,197.65,30240
2024-05-06,38.95,39.05,37.5,39.0,40655,BE,310,131.15,40655
2024-05-07,39.05,40.75,38.5,39.1,41881,BE,179,233.97,41881
2024-05-08,39.1,39.5,37.15,37.4,19007,BE,123,154.53,19007
2024-05-09,36.65,36.65,36.65,36.65,5616,BE,20,280.8,5616
2024-05-10,36.6,36.6,35.95,35.95,1681,BE,13,129.31,1681
2024-05-13,35.25,35.3,35.25,35.3,944,BE,10,94.4,944
2024-05-14,34.6,34.6,34.6,34.6,2131,BE,16,133.19,2131
2024-05-15,33.9,34.05,33.9,33.9,4239,BE,21,201.86,4239
2024-05-16,33.85,33.85,33.25,33.25,1924,BE,13,148.0,1924
2024-05-17,33.25,33.25,32.6,33.1,8416,BE,32,263.0,8416
2024-05-18,33.1,33.1,33.1,33.1,5,BE,1,5.0,5
2024-05-21,33.75,33.75,33.75,33.75,12349,BE,29,425.83,12349
2024-05-22,33.75,34.4,33.75,34.1,3455,BE,17,203.24,3455
2024-05-23,34.0,34.75,34.0,34.75,3264,BE,27,120.89,3264
2024-05-24,35.4,35.4,35.4,35.4,5302,BE,23,230.52,5302
2024-05-27,35.0,35.0,35.0,35.0,13888,BE,23,603.83,13888
2024-05-28,35.0,35.0,35.0,35.0,7249,BE,12,604.08,7249
2024-05-29,34.3,34.3,34.3,34.3,10,BE,1,10.0,10
2024-05-30,33.65,33.65,33.65,33.65,591,BE,12,49.25,591
2024-05-31,33.0,33.0,33.0,33.0,260,BE,4,65.0,260
2024-06-03,33.0,33.0,32.35,32.35,1036,BE,15,69.07,1036
2024-06-04,31.7,31.7,31.7,31.7,21,BE,2,10.5,21
2024-06-05,31.7,31.7,31.7,31.7,10,BE,1,10.0,10
2024-06-06,31.7,31.7,31.1,31.1,3855,BE,22,175.23,3855
2024-06-07,30.5,31.1,30.5,31.1,5152,BE,29,177.66,5152
2024-06-10,30.47,30.7,30.47,30.55,9097,BE,22,413.5,9097
2024-06-11,30.55,30.61,30.55,30.61,6016,BE,19,316.63,6016
2024-06-12,31.0,31.22,31.0,31.22,2598,BE,14,185.57,2598
2024-06-13,31.22,31.84,31.22,31.84,5923,BE,20,296.15,5923
2024-06-14,31.65,32.47,31.65,32.47,10857,BE,31,350.23,10857
2024-06-18,33.9,34.09,32.55,34.09,18606,BE,91,204.46,18606
2024-06-19,35.7,35.79,32.8,33.48,16381,BE,140,117.01,16381
2024-06-20,33.48,33.48,31.8,32.21,8713,BE,74,117.74,8713
2024-06-21,32.21,32.21,30.59,30.59,17707,BE,84,210.8,17707
2024-06-24,30.4,30.59,29.06,30.17,19968,BE,133,150.14,19968
2024-06-25,30.99,31.45,29.11,29.17,9808,BE,75,130.77,9808
2024-06-26,28.02,30.62,28.02,30.3,17358,BE,131,132.5,17358
2024-06-27,30.61,31.69,29.6,29.95,8491,BE,55,154.38,8491
2024-06-28,29.95,30.5,28.45,29.07,11592,BE,80,144.9,11592
2024-07-01,30.0,30.0,28.15,29.26,11027,BE,97,113.68,11027
2024-07-02,29.7,29.79,29.26,29.28,15094,BE,57,264.81,15094
2024-07-03,29.39,29.4,28.0,28.76,8443,BE,102,82.77,8443
2024-07-04,29.39,29.39,27.5,27.57,9744,BE,78,124.92,9744
2024-07-05,28.0,28.06,26.5,27.6,17370,BE,90,193.0,17370
2024-07-08,28.0,28.0,27.0,27.12,6518,BE,71,91.8,6518
2024-07-09,27.5,27.5,25.85,26.18,9724,BE,93,104.56,9724
2024-07-10,25.2,26.5,24.87,24.87,19307,BE,80,241.34,19307
2024-07-11,24.5,26.0,23.8,25.05,12861,BE,120,107.18,12861
2024-07-12,25.05,26.3,25.05,26.3,14517,BE,96,151.22,14517
2024-07-15,27.59,27.61,26.1,26.86,10176,BE,93,109.42,10176
2024-07-16,27.0,27.88,26.0,26.17,6740,BE,64,105.31,6740
2024-07-18,25.99,26.16,25.5,25.53,2906,BE,42,69.19,2906
2024-07-19,24.32,25.8,24.25,25.15,7424,BE,57,130.25,7424
2024-07-22,23.92,24.7,23.89,23.92,8989,BE,104,86.43,8989
2024-07-23,24.0,24.39,23.0,23.48,7267,BE,57,127.49,7267
2024-07-24,23.48,24.65,23.25,24.65,8676,BE,31,279.87,8676
2024-07-25,25.88,25.88,25.88,25.88,17137,BE,64,267.77,17137
2024-07-26,27.17,27.17,27.17,27.17,8887,BE,30,296.23,8887
2024-07-29,28.52,28.52,28.52,28.52,9461,BE,41,230.76,9461
2024-07-30,29.94,29.94,29.94,29.94,44503,BE,82,542.72,44503
2024-07-31,29.9,30.0,29.55,30.0,16797,BE,49,342.8,16797
2024-08-01,30.5,30.5,29.5,29.5,57111,BE,36,1586.42,57111
2024-08-02,29.4,30.09,29.4,30.09,4422,BE,17,260.12,4422
2024-08-05,29.48,29.48,29.48,29.48,4829,BE,16,301.81,4829
2024-08-06,28.9,28.91,28.89,28.91,7129,BE,11,648.09,7129
2024-08-07,28.9,29.48,28.9,29.48,2014,BE,11,183.09,2014
2024-08-08,29.01,29.11,29.01,29.11,2300,BE,10,230.0,2300
2024-08-09,29.12,29.69,29.12,29.69,6241,BE,24,260.04,6241
2024-08-12,29.69,29.69,29.15,29.31,3799,BE,12,316.58,3799
2024-08-13,29.89,29.89,29.88,29.89,9760,BE,14,697.14,9760
2024-08-14,29.29,29.6,29.29,29.6,641,BE,15,42.73,641
2024-08-16,29.6,30.19,29.0,30.19,5819,BE,15,387.93,5819
2024-08-19,30.79,30.79,30.79,30.79,1873,BE,8,234.12,1873
2024-08-20,31.4,31.4,31.4,31.4,9112,BE,22,414.18,9112
2024-08-21,32.02,32.02,32.02,32.02,12985,BE,35,371.0,12985
2024-08-22,32.66,32.66,32.6,32.6,8436,BE,31,272.13,8436
2024-08-23,32.9,33.1,32.9,33.1,12546,BE,41,306.0,12546
2024-08-26,33.76,33.76,33.7,33.76,15783,BE,40,394.58,15783
2024-08-27,33.7,33.7,33.08,33.7,6009,BE,18,333.83,6009
2024-08-28,34.37,34.37,34.37,34.37,3860,BE,22,175.45,3860
2024-08-29,35.05,35.05,35.05,35.05,18334,BE,33,555.58,18334
2024-08-30,35.75,35.75,35.75,35.75,4716,BE,24,196.5,4716
2024-09-02,36.46,36.46,36.46,36.46,13452,BE,21,640.57,13452
2024-09-03,37.18,37.18,37.18,37.18,2263,BE,14,161.64,2263
2024-09-04,37.92,37.92,37.92,37.92,4514,BE,22,205.18,4514
2024-09-05,38.67,38.67,38.67,38.67,3934,BE,17,231.41,3934
2024-09-06,39.44,39.44,39.44,39.44,20567,BE,35,587.63,20567
2024-09-09,40.22,40.22,40.22,40.22,5225,BE,26,200.96,5225
2024-09-10,41.02,41.02,41.02,41.02,11361,BE,21,541.0,11361
2024-09-11,41.84,41.84,41.84,41.84,8401,BE,32,262.53,8401
2024-09-12,42.67,42.67,42.67,42.67,4775,BE,21,227.38,4775
2024-09-13,43.52,43.52,43.52,43.52,3256,BE,22,148.0,3256
2024-09-16,44.39,44.39,43.52,44.39,52650,BE,83,634.34,52650
2024-09-17,45.27,45.27,44.75,45.27,31211,BE,58,538.12,31211
2024-09-18,46.17,46.17,46.17,46.17,33707,BE,76,443.51,33707
2024-09-19,47.09,47.09,47.09,47.09,13669,BE,43,317.88,13669
2024-09-20,48.03,48.03,48.03,48.03,2251,BE,16,140.69,2251
2024-09-23,48.99,48.99,48.99,48.99,8903,BE,29,307.0,8903
2024-09-24,49.96,49.96,49.96,49.96,5808,BE,28,207.43,5808
2024-09-25,50.95,50.95,50.95,50.95,7435,BE,40,185.88,7435
2024-09-26,51.96,51.96,51.96,51.96,2618,BE,24,109.08,2618
2024-09-27,52.99,52.99,52.99,52.99,24490,BE,48,510.21,24490
2024-09-30,54.04,54.04,52.0,52.0,6262,BZ,65,96.34,6262
2024-10-01,51.8,53.04,51.8,52.11,16009,BZ,64,250.14,16009
2024-10-03,53.15,53.15,53.15,53.15,4895,BZ,23,212.83,4895
2024-10-04,54.21,54.21,54.21,54.21,2874,BZ,17,169.06,2874
2024-10-07,54.21,54.21,53.12,53.12,6927,BZ,18,384.83,6927
2024-10-08,52.05,52.1,52.05,52.1,1953,BZ,5,390.6,1953
2024-10-09,51.05,51.05,51.05,51.05,499,BZ,3,166.33,499
2024-10-10,51.05,51.05,50.02,50.02,1055,BZ,4,263.75,1055
2024-10-11,49.01,49.01,49.01,49.01,17639,BZ,35,503.97,17639
2024-10-14,48.02,48.03,48.02,48.02,12602,BZ,24,525.08,12602
2024-10-15,48.02,48.02,47.05,47.05,8226,BZ,19,432.95,8226
2024-10-16,46.1,46.1,46.1,46.1,100,BZ,1,100.0,100
2024-10-17,45.17,45.5,45.17,45.17,255,BZ,5,51.0,255
2024-10-18,44.26,44.26,44.26,44.26,417,BZ,5,83.4,417
2024-10-21,42.04,42.04,42.04,42.04,316,BZ,6,52.67,316
2024-10-22,39.93,42.99,39.93,40.27,13276,BZ,64,207.44,13276
2024-10-23,38.25,42.28,38.25,39.36,13140,BZ,109,120.55,13140
2024-10-24,40.76,40.76,37.61,39.78,12358,BZ,84,147.12,12358
2024-10-25,38.99,39.4,37.79,37.86,13020,BZ,74,175.95,13020
2024-10-28,38.15,39.0,37.15,38.95,1570,BZ,36,43.61,1570
2024-10-29,38.95,40.0,37.0,37.98,11326,BZ,64,176.97,11326
2024-10-30,38.99,39.85,38.11,39.85,4020,BZ,35,114.86,4020
2024-10-31,41.8,41.84,39.05,40.56,19740,BZ,57,346.32,19740
2024-11-01,42.0,42.0,42.0,42.0,321,BZ,2,160.5,321
2024-11-04,42.0,42.5,40.1,40.23,8568,BZ,57,150.32,8568
2024-11-05,38.22,40.45,38.22,38.9,14759,BZ,83,177.82,14759
2024-11-06,38.8,38.8,36.95,37.99,9250,BZ,63,146.83,9250
2024-11-07,37.0,37.45,36.09,36.25,9767,BZ,92,106.16,9767
2024-11-08,36.0,38.05,34.43,38.03,12282,BZ,86,142.81,12282
2024-11-11,39.93,39.93,36.35,38.08,20252,BZ,110,184.11,20252
2024-11-12,36.22,38.25,36.2,36.29,13615,BZ,86,158.31,13615
2024-11-13,36.0,36.5,34.47,34.87,11925,BZ,101,118.07,11925
2024-11-14,34.9,36.4,34.25,35.25,13744,BZ,126,109.08,13744
2024-12-09,37.01,37.01,33.48,33.85,28096,BZ,126,222.98,28096
2024-12-16,34.15,34.15,32.15,33.73,7210,BZ,85,84.82,7210
2024-12-23,34.4,34.8,32.04,33.59,31614,BZ,127,248.93,31614
2024-12-30,31.91,31.91,31.91,31.91,9167,BZ,49,187.08,9167
2025-01-06,32.0,32.0,30.31,30.31,8428,BZ,81,104.05,8428
2025-01-13,30.31,30.31,28.79,28.79,1626,BZ,11,147.82,1626
2025-01-20,27.35,28.5,27.35,28.15,15562,BZ,32,486.31,15562
2025-01-27,26.74,26.74,26.74,26.74,1026,BZ,4,256.5,1026
2025-02-03,26.74,26.74,25.4,25.5,2136,BZ,38,56.21,2136
2025-02-10,25.6,25.6,24.22,24.22,9521,BZ,16,595.06,9521
2025-02-17,24.0,24.0,23.0,23.0,1378,BZ,29,47.52,1378
2025-02-24,24.1,24.1,21.85,21.85,2539,BZ,29,87.55,2539
2025-03-03,21.85,21.85,20.75,20.75,107,BZ,3,35.67,107
2025-03-10,20.02,21.3,20.01,21.14,5511,BZ,17,324.18,5511
2025-03-17,22.15,22.15,20.15,21.12,7600,BZ,19,400.0,7600
2025-03-24,21.12,21.12,20.1,20.6,1261,BZ,14,90.07,1261
2025-04-01,20.6,20.6,20.2,20.2,526,BZ,4,131.5,526
2025-04-07,20.2,20.2,19.19,19.19,6457,BZ,10,645.7,6457
2025-04-15,19.19,19.5,19.19,19.19,1675,BZ,17,98.53,1675
2025-04-21,18.33,19.9,18.33,18.4,1580,BZ,28,56.43,1580
2025-04-28,17.76,17.85,17.75,17.85,303,BZ,8,37.88,303
2025-05-05,17.85,17.85,17.85,17.85,90,BZ,4,22.5,90
2025-05-12,17.4,17.4,17.0,17.0,941,BZ,9,104.56,941
2025-05-19,17.0,17.0,16.15,16.15,2512,BZ,23,109.22,2512
2025-05-26,16.0,16.0,15.34,15.34,3397,BZ,20,169.85,3397
2025-06-02,16.1,16.1,14.57,14.57,1024,BZ,26,39.38,1024
2025-06-09,14.1,14.1,13.85,14.0,283,BZ,12,23.58,283
